ply
format ascii 1.0
comment Diagnostic only: sampled DA3 relative depth, approximate intrinsics fallback, windowToRootSim3 applied. Not production pointcloud.
element vertex 10318
property float x
property float y
property float z
property uchar red
property uchar green
property uchar blue
end_header
0.164497 0.285994 -0.221813 42 157 143
0.127999 0.232351 -0.171020 42 157 143
0.112780 0.209982 -0.149840 42 157 143
0.107260 0.201869 -0.142158 42 157 143
0.112677 0.209831 -0.149696 42 157 143
0.113404 0.210900 -0.150709 42 157 143
0.097168 0.187036 -0.128113 42 157 143
0.086664 0.171598 -0.113494 42 157 143
0.073906 0.152846 -0.095739 42 157 143
0.062458 0.136021 -0.079807 42 157 143
0.053062 0.122211 -0.066732 42 157 143
0.044733 0.109969 -0.055140 42 157 143
0.037728 0.099674 -0.045392 42 157 143
0.032061 0.091345 -0.037505 42 157 143
0.025265 0.081356 -0.028047 42 157 143
0.019574 0.072991 -0.020127 42 157 143
0.014144 0.065010 -0.012569 42 157 143
0.009459 0.058125 -0.006050 42 157 143
0.006138 0.053243 -0.001428 42 157 143
0.002929 0.048527 0.003038 42 157 143
-0.099962 -0.102699 0.146230 42 157 143
-0.115671 -0.125787 0.168092 42 157 143
-0.134330 -0.153212 0.194060 42 157 143
-0.167915 -0.202574 0.240799 42 157 143
-0.204405 -0.256206 0.291583 42 157 143
-0.236185 -0.302916 0.335810 42 157 143
0.129988 0.235275 -0.173789 42 157 143
0.120074 0.220703 -0.159991 42 157 143
0.114495 0.212503 -0.152227 42 157 143
0.109456 0.205097 -0.145215 42 157 143
0.116641 0.215657 -0.155213 42 157 143
0.104905 0.198408 -0.138880 42 157 143
0.092447 0.180098 -0.121543 42 157 143
0.080328 0.162286 -0.104677 42 157 143
0.068908 0.145501 -0.088784 42 157 143
0.058692 0.130486 -0.074567 42 157 143
0.049861 0.117507 -0.062277 42 157 143
0.043045 0.107489 -0.052791 42 157 143
0.039016 0.101567 -0.047184 42 157 143
0.032509 0.092003 -0.038129 42 157 143
0.026000 0.082437 -0.029070 42 157 143
0.020908 0.074952 -0.021983 42 157 143
0.016467 0.068425 -0.015802 42 157 143
0.012674 0.062849 -0.010523 42 157 143
0.009740 0.058537 -0.006440 42 157 143
-0.052391 -0.032780 0.080026 42 157 143
-0.065023 -0.051347 0.097606 42 157 143
-0.078171 -0.070671 0.115904 42 157 143
-0.089169 -0.086836 0.131210 42 157 143
-0.105187 -0.110379 0.153502 42 157 143
-0.122285 -0.135508 0.177296 42 157 143
-0.132154 -0.150014 0.191032 42 157 143
0.135012 0.242658 -0.180780 42 157 143
0.130321 0.235764 -0.174252 42 157 143
0.113614 0.211209 -0.151001 42 157 143
0.106162 0.200255 -0.140629 42 157 143
0.110237 0.206245 -0.146301 42 157 143
0.097663 0.187765 -0.128803 42 157 143
0.085606 0.170043 -0.112022 42 157 143
0.074095 0.153125 -0.096003 42 157 143
0.063088 0.136947 -0.080685 42 157 143
0.054577 0.124437 -0.068839 42 157 143
0.053571 0.122959 -0.067440 42 157 143
0.048108 0.114930 -0.059837 42 157 143
0.040459 0.103687 -0.049191 42 157 143
0.032203 0.091554 -0.037703 42 157 143
0.026776 0.083577 -0.030150 42 157 143
0.022170 0.076807 -0.023740 42 157 143
0.018280 0.071090 -0.018326 42 157 143
-0.039744 -0.014192 0.062425 42 157 143
-0.065573 -0.052156 0.098372 42 157 143
-0.084212 -0.079550 0.124311 42 157 143
-0.118996 -0.130675 0.172720 42 157 143
-0.077594 -0.069823 0.115101 42 157 143
-0.094312 -0.094395 0.138367 42 157 143
-0.110858 -0.118713 0.161393 42 157 143
-0.119186 -0.130953 0.172984 42 157 143
-0.068107 -0.055879 0.101897 42 157 143
0.135012 0.242658 -0.180780 42 157 143
0.114521 0.212541 -0.152263 42 157 143
0.103508 0.196355 -0.136936 42 157 143
0.110005 0.205905 -0.145979 42 157 143
0.100098 0.191343 -0.132190 42 157 143
0.089266 0.175423 -0.117116 42 157 143
0.077509 0.158143 -0.100754 42 157 143
0.066961 0.142639 -0.086074 42 157 143
0.060189 0.132686 -0.076650 42 157 143
0.064069 0.138389 -0.082050 42 157 143
0.057401 0.128589 -0.072771 42 157 143
0.045410 0.110964 -0.056082 42 157 143
0.037878 0.099894 -0.045600 42 157 143
0.032039 0.091311 -0.037473 42 157 143
0.027175 0.084163 -0.030705 42 157 143
0.022956 0.077962 -0.024834 42 157 143
-0.036344 -0.009195 0.057694 42 157 143
-0.056264 -0.038473 0.085417 42 157 143
-0.076284 -0.067897 0.113277 42 157 143
-0.099010 -0.101300 0.144905 42 157 143
-0.123084 -0.136683 0.178409 42 157 143
-0.134276 -0.153133 0.193985 42 157 143
-0.149919 -0.176124 0.215755 42 157 143
-0.100580 -0.103607 0.147090 42 157 143
-0.062534 -0.047689 0.094142 42 157 143
-0.072047 -0.061671 0.107382 42 157 143
0.115137 0.213447 -0.153120 42 157 143
0.103112 0.195773 -0.136386 42 157 143
0.105084 0.198671 -0.139130 42 157 143
0.101515 0.193426 -0.134163 42 157 143
0.091254 0.178345 -0.119883 42 157 143
0.079339 0.160832 -0.103301 42 157 143
0.070578 0.147955 -0.091108 42 157 143
0.080070 0.161907 -0.104319 42 157 143
0.073906 0.152846 -0.095739 42 157 143
0.065820 0.140963 -0.084487 42 157 143
0.052660 0.121621 -0.066173 42 157 143
0.043834 0.108647 -0.053888 42 157 143
0.037234 0.098947 -0.044704 42 157 143
0.031916 0.091131 -0.037303 42 157 143
-0.000979 0.042784 0.008477 42 157 143
-0.000486 0.043507 0.007791 42 157 143
-0.014091 0.023511 0.026725 42 157 143
-0.028704 0.002034 0.047061 42 157 143
-0.043205 -0.019280 0.067243 42 157 143
-0.058288 -0.041447 0.088233 42 157 143
-0.075562 -0.066837 0.112273 42 157 143
-0.096560 -0.097699 0.141496 42 157 143
-0.111027 -0.118961 0.161628 42 157 143
-0.115730 -0.125875 0.168175 42 157 143
-0.094104 -0.094089 0.138078 42 157 143
-0.072520 -0.062366 0.108040 42 157 143
0.105418 0.199162 -0.139594 42 157 143
0.111593 0.208238 -0.148188 42 157 143
0.104481 0.197785 -0.138291 42 157 143
0.093574 0.181755 -0.123112 42 157 143
0.082411 0.165347 -0.107576 42 157 143
0.094910 0.183717 -0.124970 42 157 143
0.090177 0.176761 -0.118384 42 157 143
0.082594 0.165617 -0.107831 42 157 143
0.076156 0.156153 -0.098870 42 157 143
0.064875 0.139573 -0.083171 42 157 143
0.056330 0.127014 -0.071279 42 157 143
0.044130 0.109083 -0.054301 42 157 143
0.036987 0.098584 -0.044360 42 157 143
0.017112 0.069373 -0.016700 42 157 143
0.012391 0.062435 -0.010131 42 157 143
0.000874 0.045506 0.005899 42 157 143
-0.011186 0.027781 0.022682 42 157 143
-0.023458 0.009744 0.039761 42 157 143
-0.036571 -0.009528 0.058009 42 157 143
-0.051167 -0.030981 0.078323 42 157 143
-0.068472 -0.056416 0.102406 42 157 143
-0.081488 -0.075547 0.120520 42 157 143
-0.113196 -0.122150 0.164648 42 157 143
-0.052205 -0.032508 0.079768 42 157 143
-0.044377 -0.021001 0.068873 42 157 143
-0.049507 -0.028542 0.076013 42 157 143
0.117266 0.216576 -0.156084 42 157 143
0.106848 0.201264 -0.141584 42 157 143
0.093123 0.181092 -0.122484 42 157 143
0.085211 0.169463 -0.111473 42 157 143
0.103262 0.195993 -0.136593 42 157 143
0.099329 0.190213 -0.131121 42 157 143
0.091133 0.178166 -0.119714 42 157 143
0.083109 0.166374 -0.108548 42 157 143
0.073819 0.152719 -0.095619 42 157 143
0.064139 0.138492 -0.082147 42 157 143
0.055741 0.126148 -0.070459 42 157 143
0.050342 0.118214 -0.062947 42 157 143
0.050853 0.118965 -0.063658 42 157 143
0.033329 0.093209 -0.039270 42 157 143
0.022947 0.077949 -0.024821 42 157 143
0.012060 0.061947 -0.009669 42 157 143
0.001259 0.046072 0.005362 42 157 143
-0.010784 0.028372 0.022123 42 157 143
-0.020639 0.013887 0.035838 42 157 143
-0.033585 -0.005140 0.053854 42 157 143
-0.044936 -0.021823 0.069651 42 157 143
-0.056720 -0.039143 0.086050 42 157 143
-0.069301 -0.057634 0.103559 42 157 143
-0.034527 -0.006524 0.055165 42 157 143
-0.039536 -0.013886 0.062136 42 157 143
-0.039147 -0.013315 0.061595 42 157 143
-0.041679 -0.017036 0.065118 42 157 143
0.105691 0.199563 -0.139974 42 157 143
0.095641 0.184792 -0.125988 42 157 143
0.115005 0.213253 -0.152937 42 157 143
0.113596 0.211181 -0.150975 42 157 143
0.108179 0.203220 -0.143437 42 157 143
0.100315 0.191662 -0.132493 42 157 143
0.090715 0.177552 -0.119132 42 157 143
0.084191 0.167964 -0.110054 42 157 143
0.075290 0.154881 -0.097666 42 157 143
0.065277 0.140165 -0.083732 42 157 143
0.067829 0.143916 -0.087283 42 157 143
0.043632 0.108351 -0.053607 42 157 143
0.033309 0.093178 -0.039241 42 157 143
0.022737 0.077640 -0.024528 42 157 143
0.011728 0.061459 -0.009207 42 157 143
0.001372 0.046239 0.005205 42 157 143
-0.008621 0.031551 0.019112 42 157 143
-0.018330 0.017282 0.032624 42 157 143
-0.029178 0.001337 0.047721 42 157 143
-0.040652 -0.015528 0.063690 42 157 143
-0.025613 0.006576 0.042760 42 157 143
-0.038075 -0.011739 0.060103 42 157 143
-0.067473 -0.054948 0.101016 42 157 143
-0.032714 -0.003859 0.052641 42 157 143
-0.037646 -0.011109 0.059506 42 157 143
-0.055024 -0.036650 0.083690 42 157 143
0.121143 0.222274 -0.161479 42 157 143
0.126535 0.230200 -0.168983 42 157 143
0.122098 0.223678 -0.162808 42 157 143
0.118411 0.218259 -0.157677 42 157 143
0.111914 0.208710 -0.148635 42 157 143
0.103069 0.195710 -0.136325 42 157 143
0.095375 0.184402 -0.125618 42 157 143
0.087230 0.172431 -0.114283 42 157 143
0.084636 0.168618 -0.110673 42 157 143
0.084482 0.168391 -0.110458 42 157 143
0.053754 0.123229 -0.067695 42 157 143
0.043786 0.108578 -0.053822 42 157 143
0.033371 0.093269 -0.039327 42 157 143
0.022638 0.077495 -0.024391 42 157 143
0.012391 0.062435 -0.010131 42 157 143
0.001440 0.046339 0.005110 42 157 143
-0.008343 0.031960 0.018725 42 157 143
-0.018604 0.016879 0.033005 42 157 143
-0.028372 0.002522 0.046600 42 157 143
-0.019930 0.014930 0.034850 42 157 143
-0.027274 0.004136 0.045071 42 157 143
-0.055310 -0.037071 0.084089 42 157 143
-0.046661 -0.024358 0.072051 42 157 143
-0.032182 -0.003078 0.051902 42 157 143
-0.045781 -0.023065 0.070827 42 157 143
-0.040733 -0.015646 0.063802 42 157 143
0.135230 0.242979 -0.181084 42 157 143
0.131583 0.237619 -0.176008 42 157 143
0.126502 0.230151 -0.168937 42 157 143
0.120692 0.221611 -0.160851 42 157 143
0.116565 0.215545 -0.155107 42 157 143
0.108236 0.203305 -0.143517 42 157 143
0.099797 0.190901 -0.131772 42 157 143
0.115444 0.213898 -0.153547 42 157 143
0.074647 0.153936 -0.096771 42 157 143
0.064687 0.139297 -0.082910 42 157 143
0.054737 0.124673 -0.069063 42 157 143
0.044198 0.109183 -0.054396 42 157 143
0.033371 0.093269 -0.039327 42 157 143
0.022854 0.077813 -0.024692 42 157 143
0.012997 0.063325 -0.010974 42 157 143
0.002664 0.048138 0.003407 42 157 143
-0.007786 0.032778 0.017951 42 157 143
-0.012614 0.025682 0.024669 42 157 143
-0.014487 0.022930 0.027276 42 157 143
-0.017287 0.018814 0.031173 42 157 143
-0.036089 -0.008820 0.057338 42 157 143
-0.035767 -0.008347 0.056891 42 157 143
-0.037018 -0.010185 0.058632 42 157 143
-0.032138 -0.003013 0.051840 42 157 143
-0.033337 -0.004775 0.053509 42 157 143
-0.059122 -0.042674 0.089394 42 157 143
0.145495 0.258066 -0.195370 42 157 143
0.134814 0.242367 -0.180505 42 157 143
0.133827 0.240917 -0.179131 42 157 143
0.130998 0.236759 -0.175194 42 157 143
0.121673 0.223053 -0.162216 42 157 143
0.115444 0.213898 -0.153547 42 157 143
0.134878 0.242461 -0.180593 42 157 143
0.086713 0.171670 -0.113563 42 157 143
0.075698 0.155481 -0.098234 42 157 143
0.065893 0.141069 -0.084587 42 157 143
0.054200 0.123883 -0.068315 42 157 143
0.043992 0.108880 -0.054109 42 157 143
0.033336 0.093218 -0.039278 42 157 143
0.023503 0.078766 -0.025595 42 157 143
0.014064 0.064894 -0.012459 42 157 143
0.003729 0.049703 0.001924 42 157 143
-0.001265 0.042363 0.008875 42 157 143
-0.008269 0.032069 0.018622 42 157 143
-0.017615 0.018333 0.031629 42 157 143
-0.026133 0.005813 0.043483 42 157 143
-0.018076 0.017654 0.032271 42 157 143
-0.021669 0.012374 0.037270 42 157 143
-0.018054 0.017688 0.032239 42 157 143
-0.037454 -0.010826 0.059238 42 157 143
-0.054206 -0.035448 0.082552 42 157 143
-0.064219 -0.050164 0.096487 42 157 143
0.149754 0.264326 -0.201297 42 157 143
0.147333 0.260768 -0.197927 42 157 143
0.142728 0.253999 -0.191519 42 157 143
0.137925 0.246940 -0.184834 42 157 143
0.161204 0.281155 -0.217231 42 157 143
0.154172 0.270819 -0.207444 42 157 143
0.096348 0.185831 -0.126972 42 157 143
0.086713 0.171670 -0.113563 42 157 143
0.076364 0.156459 -0.099160 42 157 143
0.064741 0.139376 -0.082985 42 157 143
0.053439 0.122765 -0.067256 42 157 143
0.041994 0.105943 -0.051328 42 157 143
0.032946 0.092645 -0.038736 42 157 143
0.024208 0.079802 -0.026576 42 157 143
0.015204 0.066568 -0.014045 42 157 143
0.007990 0.055966 -0.004006 42 157 143
0.001269 0.046087 0.005348 42 157 143
-0.000850 0.042973 0.008297 42 157 143
-0.005530 0.036094 0.014811 42 157 143
-0.010695 0.028503 0.021998 42 157 143
-0.014627 0.022724 0.027471 42 157 143
-0.017161 0.018999 0.030998 42 157 143
-0.039027 -0.013138 0.061427 42 157 143
-0.058230 -0.041362 0.088152 42 157 143
-0.064519 -0.050607 0.096905 42 157 143
-0.077827 -0.070165 0.115425 42 157 143
0.165479 0.287439 -0.223181 42 157 143
0.162174 0.282581 -0.218582 42 157 143
0.162570 0.283162 -0.219132 42 157 143
0.180755 0.309891 -0.244441 42 157 143
0.166168 0.288450 -0.224139 42 157 143
0.107206 0.201791 -0.142083 42 157 143
0.097326 0.187270 -0.128334 42 157 143
0.086064 0.170717 -0.112660 42 157 143
0.074402 0.153576 -0.096430 42 157 143
0.065544 0.140557 -0.084103 42 157 143
0.050454 0.118377 -0.063101 42 157 143
0.041345 0.104989 -0.050424 42 157 143
0.032790 0.092415 -0.038519 42 157 143
0.024783 0.080647 -0.027376 42 157 143
0.017692 0.070225 -0.017507 42 157 143
0.012353 0.062379 -0.010077 42 157 143
0.006940 0.054423 -0.002545 42 157 143
0.001440 0.046339 0.005110 42 157 143
-0.003398 0.039228 0.011843 42 157 143
-0.008024 0.032428 0.018282 42 157 143
-0.023218 0.010097 0.039427 42 157 143
-0.036488 -0.009407 0.057895 42 157 143
-0.048629 -0.027252 0.074791 42 157 143
-0.061065 -0.045529 0.092098 42 157 143
-0.072993 -0.063061 0.108698 42 157 143
-0.087915 -0.084992 0.129464 42 157 143
0.180549 0.309588 -0.244154 42 157 143
0.187617 0.319975 -0.253989 42 157 143
0.198823 0.336446 -0.269586 42 157 143
0.188696 0.321562 -0.255492 42 157 143
0.125027 0.227983 -0.166884 42 157 143
0.114288 0.212199 -0.151939 42 157 143
0.105234 0.198892 -0.139339 42 157 143
0.095111 0.184014 -0.125251 42 157 143
0.084809 0.168872 -0.110914 42 157 143
0.069183 0.145905 -0.089167 42 157 143
0.059009 0.130951 -0.075007 42 157 143
0.048766 0.115897 -0.060753 42 157 143
0.039964 0.102960 -0.048503 42 157 143
0.032495 0.091982 -0.038109 42 157 143
0.025620 0.081878 -0.028541 42 157 143
0.019581 0.073002 -0.020137 42 157 143
0.013883 0.064627 -0.012207 42 157 143
0.008424 0.056603 -0.004609 42 157 143
0.003378 0.049187 0.002413 42 157 143
-0.010506 0.028780 0.021736 42 157 143
-0.020124 0.014644 0.035121 42 157 143
-0.031298 -0.001779 0.050671 42 157 143
-0.044926 -0.021808 0.069637 42 157 143
-0.058152 -0.041247 0.088043 42 157 143
-0.071077 -0.060244 0.106031 42 157 143
-0.087035 -0.083699 0.128240 42 157 143
-0.102731 -0.106769 0.150084 42 157 143
0.222145 0.370724 -0.302043 42 157 143
0.149404 0.263811 -0.200809 42 157 143
0.132012 0.238249 -0.176605 42 157 143
0.126247 0.229776 -0.168582 42 157 143
0.117348 0.216696 -0.156197 42 157 143
0.108999 0.204425 -0.144578 42 157 143
0.098099 0.188405 -0.129409 42 157 143
0.075160 0.154690 -0.097485 42 157 143
0.065575 0.140603 -0.084146 42 157 143
0.054134 0.123786 -0.068223 42 157 143
0.046096 0.111972 -0.057037 42 157 143
0.038996 0.101537 -0.047155 42 157 143
0.032273 0.091657 -0.037800 42 157 143
0.026000 0.082437 -0.029070 42 157 143
0.019372 0.072695 -0.019846 42 157 143
0.013815 0.064527 -0.012112 42 157 143
0.009336 0.057943 -0.005878 42 157 143
-0.004432 0.037708 0.013282 42 157 143
-0.014108 0.023487 0.026748 42 157 143
-0.026411 0.005404 0.043870 42 157 143
-0.039282 -0.013514 0.061783 42 157 143
-0.052786 -0.033362 0.080576 42 157 143
-0.065464 -0.051995 0.098220 42 157 143
-0.081620 -0.075740 0.120704 42 157 143
-0.102239 -0.106045 0.149399 42 157 143
-0.135517 -0.154956 0.195711 42 157 143
0.235588 0.390481 -0.320750 42 157 143
0.222953 0.371912 -0.303167 42 157 143
0.206890 0.348302 -0.280812 42 157 143
0.202044 0.341180 -0.274067 42 157 143
0.193106 0.328043 -0.261628 42 157 143
0.181126 0.310436 -0.244957 42 157 143
0.162776 0.283465 -0.219419 42 157 143
0.146107 0.258966 -0.196221 42 157 143
0.129203 0.234121 -0.172696 42 157 143
0.112967 0.210258 -0.150101 42 157 143
0.084723 0.168745 -0.110793 42 157 143
0.048581 0.115625 -0.060495 42 157 143
0.041180 0.104747 -0.050195 42 157 143
0.033020 0.092754 -0.038840 42 157 143
0.024369 0.080038 -0.026799 42 157 143
0.020987 0.075069 -0.022094 42 157 143
0.018926 0.072039 -0.019225 42 157 143
0.015216 0.066586 -0.014061 42 157 143
0.011501 0.061126 -0.008892 42 157 143
0.008165 0.056223 -0.004249 42 157 143
0.004715 0.051152 0.000552 42 157 143
-0.002459 0.040608 0.010537 42 157 143
-0.006380 0.034845 0.015994 42 157 143
-0.013835 0.023888 0.026368 42 157 143
-0.017519 0.018473 0.031495 42 157 143
-0.018520 0.017002 0.032889 42 157 143
0.244324 0.403322 -0.332908 42 157 143
0.236280 0.391499 -0.321713 42 157 143
0.228030 0.379373 -0.310232 42 157 143
0.217757 0.364274 -0.295935 42 157 143
0.203169 0.342833 -0.275633 42 157 143
0.184390 0.315233 -0.249499 42 157 143
0.167437 0.290315 -0.225905 42 157 143
0.151567 0.266991 -0.203820 42 157 143
0.110771 0.207030 -0.147044 42 157 143
0.088728 0.174632 -0.116368 42 157 143
0.060964 0.133825 -0.077728 42 157 143
0.053124 0.122302 -0.066818 42 157 143
0.042859 0.107215 -0.052532 42 157 143
0.032917 0.092603 -0.038696 42 157 143
0.024721 0.080556 -0.027290 42 157 143
0.017036 0.069260 -0.016594 42 157 143
0.010642 0.059863 -0.007696 42 157 143
0.014883 0.066097 -0.013599 42 157 143
0.011345 0.060896 -0.008674 42 157 143
0.006578 0.053890 -0.002040 42 157 143
-0.003407 0.039215 0.011856 42 157 143
-0.007409 0.033332 0.017426 42 157 143
-0.011897 0.026736 0.023671 42 157 143
-0.013473 0.024420 0.025865 42 157 143
-0.014950 0.022250 0.027919 42 157 143
-0.177970 -0.217352 0.254793 42 157 143
-0.060872 0.304353 -0.376023 29 53 87
-0.058991 0.295825 -0.363528 29 53 87
-0.050369 0.256723 -0.306238 29 53 87
-0.039250 0.206301 -0.232363 29 53 87
-0.032966 0.177801 -0.190607 29 53 87
-0.023576 0.135218 -0.128217 29 53 87
-0.023646 0.135537 -0.128684 29 53 87
-0.019322 0.115928 -0.099954 29 53 87
-0.015224 0.097341 -0.072722 29 53 87
-0.012008 0.082760 -0.051358 29 53 87
-0.009462 0.071211 -0.034438 29 53 87
-0.007002 0.060058 -0.018097 29 53 87
-0.004948 0.050742 -0.004449 29 53 87
-0.003144 0.042559 0.007541 29 53 87
-0.001567 0.035408 0.018018 29 53 87
-0.000179 0.029116 0.027237 29 53 87
0.001068 0.023459 0.035525 29 53 87
0.002228 0.018200 0.043231 29 53 87
0.003277 0.013442 0.050201 29 53 87
0.007181 -0.004261 0.076139 29 53 87
0.027508 -0.096443 0.211198 29 53 87
0.032445 -0.118834 0.244003 29 53 87
0.037057 -0.139752 0.274651 29 53 87
0.042067 -0.162468 0.307933 29 53 87
0.047361 -0.186479 0.343113 29 53 87
0.051665 -0.205998 0.371710 29 53 87
-0.064135 0.319151 -0.397703 29 53 87
-0.052644 0.267042 -0.321358 29 53 87
-0.041626 0.217073 -0.248146 29 53 87
-0.028924 0.159472 -0.163752 29 53 87
-0.024253 0.138291 -0.132719 29 53 87
-0.024328 0.138628 -0.133213 29 53 87
-0.020238 0.120079 -0.106037 29 53 87
-0.017273 0.106636 -0.086341 29 53 87
-0.013948 0.091554 -0.064244 29 53 87
-0.011220 0.079184 -0.046120 29 53 87
-0.008666 0.067605 -0.029155 29 53 87
-0.006567 0.058083 -0.015204 29 53 87
-0.004724 0.049727 -0.002962 29 53 87
-0.003106 0.042388 0.007791 29 53 87
-0.001677 0.035909 0.017284 29 53 87
-0.000382 0.030036 0.025889 29 53 87
0.000756 0.024875 0.033450 29 53 87
0.001886 0.019750 0.040959 29 53 87
0.005897 0.001558 0.067612 29 53 87
0.024124 -0.081098 0.188716 29 53 87
0.028549 -0.101164 0.218115 29 53 87
0.033200 -0.122260 0.249023 29 53 87
0.038242 -0.145125 0.282524 29 53 87
0.042720 -0.165431 0.312274 29 53 87
0.047850 -0.188695 0.346359 29 53 87
0.052970 -0.211915 0.380380 29 53 87
-0.055447 0.279755 -0.339983 29 53 87
-0.040773 0.213208 -0.242483 29 53 87
-0.028925 0.159475 -0.163757 29 53 87
-0.025728 0.144977 -0.142515 29 53 87
-0.025836 0.145468 -0.143235 29 53 87
-0.021716 0.126782 -0.115857 29 53 87
-0.019125 0.115032 -0.098642 29 53 87
-0.015554 0.098841 -0.074919 29 53 87
-0.012772 0.086224 -0.056434 29 53 87
-0.010112 0.074161 -0.038760 29 53 87
-0.008051 0.064812 -0.025063 29 53 87
-0.006155 0.056215 -0.012467 29 53 87
-0.004530 0.048848 -0.001673 29 53 87
-0.003072 0.042234 0.008017 29 53 87
-0.001759 0.036281 0.016739 29 53 87
-0.000563 0.030854 0.024690 29 53 87
0.002374 0.017536 0.044203 29 53 87
0.015939 -0.043980 0.134332 29 53 87
0.020440 -0.064390 0.164236 29 53 87
0.024944 -0.084819 0.194166 29 53 87
0.029590 -0.105885 0.225032 29 53 87
0.034376 -0.127590 0.256833 29 53 87
0.038773 -0.147529 0.286046 29 53 87
0.044370 -0.172914 0.323239 29 53 87
0.051232 -0.204032 0.368830 29 53 87
0.057700 -0.233366 0.411809 29 53 87
-0.035001 0.187031 -0.204130 29 53 87
-0.030626 0.167191 -0.175062 29 53 87
-0.031713 0.172121 -0.182285 29 53 87
-0.027875 0.154714 -0.156782 29 53 87
-0.023558 0.135138 -0.128100 29 53 87
-0.019961 0.118825 -0.104199 29 53 87
-0.016597 0.103571 -0.081849 29 53 87
-0.014135 0.092405 -0.065490 29 53 87
-0.011404 0.080018 -0.047342 29 53 87
-0.009358 0.070740 -0.033747 29 53 87
-0.007575 0.062655 -0.021903 29 53 87
-0.005890 0.055016 -0.010710 29 53 87
-0.004386 0.048195 -0.000717 29 53 87
-0.003045 0.042111 0.008197 29 53 87
-0.001825 0.036580 0.016300 29 53 87
0.000375 0.026603 0.030919 29 53 87
0.012320 -0.027569 0.110288 29 53 87
0.016683 -0.047355 0.139278 29 53 87
0.021212 -0.067893 0.169368 29 53 87
0.025894 -0.089126 0.200478 29 53 87
0.030879 -0.111730 0.233596 29 53 87
0.035075 -0.130763 0.261481 29 53 87
0.040955 -0.157428 0.300549 29 53 87
0.047258 -0.186011 0.342427 29 53 87
0.051382 -0.204714 0.369829 29 53 87
0.042246 -0.163280 0.309123 29 53 87
-0.028242 0.156379 -0.159220 29 53 87
-0.027805 0.154399 -0.156320 29 53 87
-0.027737 0.154091 -0.155868 29 53 87
-0.024810 0.140814 -0.136417 29 53 87
-0.020999 0.123533 -0.111097 29 53 87
-0.017639 0.108295 -0.088772 29 53 87
-0.015136 0.096946 -0.072143 29 53 87
-0.012746 0.086104 -0.056259 29 53 87
-0.010619 0.076459 -0.042127 29 53 87
-0.008814 0.068274 -0.030135 29 53 87
-0.007154 0.060746 -0.019106 29 53 87
-0.005644 0.053898 -0.009072 29 53 87
-0.004246 0.047556 0.000219 29 53 87
-0.003171 0.042684 0.007358 29 53 87
0.004170 0.009394 0.056132 29 53 87
0.008438 -0.009965 0.084495 29 53 87
0.012716 -0.029364 0.112917 29 53 87
0.017504 -0.051076 0.144728 29 53 87
0.022131 -0.072063 0.175477 29 53 87
0.026477 -0.091770 0.204350 29 53 87
0.030903 -0.111843 0.233760 29 53 87
0.036475 -0.137108 0.270778 29 53 87
0.042452 -0.164216 0.310494 29 53 87
0.036566 -0.137522 0.271383 29 53 87
0.038718 -0.147283 0.285685 29 53 87
0.021368 -0.068600 0.170404 29 53 87
-0.029089 0.160222 -0.164852 29 53 87
-0.025161 0.142406 -0.138749 29 53 87
-0.021405 0.125373 -0.113793 29 53 87
-0.018417 0.111825 -0.093943 29 53 87
-0.017494 0.107635 -0.087805 29 53 87
-0.016148 0.101535 -0.078866 29 53 87
-0.014168 0.092556 -0.065711 29 53 87
-0.011816 0.081889 -0.050083 29 53 87
-0.010035 0.073813 -0.038250 29 53 87
-0.008386 0.066332 -0.027290 29 53 87
-0.006837 0.059309 -0.017000 29 53 87
-0.005495 0.053221 -0.008080 29 53 87
-0.004952 0.050761 -0.004476 29 53 87
0.000281 0.027027 0.030297 29 53 87
0.004377 0.008455 0.057508 29 53 87
0.008790 -0.011560 0.086833 29 53 87
0.013531 -0.033062 0.118336 29 53 87
0.017777 -0.052316 0.146545 29 53 87
0.021837 -0.070728 0.173522 29 53 87
0.026304 -0.090986 0.203203 29 53 87
0.032242 -0.117913 0.242654 29 53 87
0.030934 -0.111981 0.233962 29 53 87
0.031569 -0.114863 0.238186 29 53 87
0.017484 -0.050989 0.144601 29 53 87
0.018501 -0.055597 0.151353 29 53 87
0.021307 -0.068322 0.169997 29 53 87
-0.025403 0.143503 -0.140356 29 53 87
-0.021243 0.124639 -0.112718 29 53 87
-0.017861 0.109301 -0.090246 29 53 87
-0.015549 0.098817 -0.074885 29 53 87
-0.013929 0.091469 -0.064119 29 53 87
-0.014229 0.092830 -0.066112 29 53 87
-0.013113 0.087771 -0.058702 29 53 87
-0.011157 0.078898 -0.045701 29 53 87
-0.009582 0.071757 -0.035238 29 53 87
-0.007971 0.064452 -0.024536 29 53 87
-0.009321 0.070575 -0.033506 29 53 87
-0.007477 0.062211 -0.021252 29 53 87
-0.007629 0.062898 -0.022259 29 53 87
-0.003741 0.045269 0.003570 29 53 87
0.000312 0.026886 0.030505 29 53 87
0.004606 0.007414 0.059033 29 53 87
0.009195 -0.013395 0.089521 29 53 87
0.013519 -0.033008 0.118256 29 53 87
0.017564 -0.051351 0.145132 29 53 87
0.023069 -0.076316 0.181709 29 53 87
0.021058 -0.067197 0.168348 29 53 87
0.024831 -0.084304 0.193412 29 53 87
0.028135 -0.099290 0.215369 29 53 87
0.015183 -0.040551 0.129309 29 53 87
0.017278 -0.050053 0.143230 29 53 87
0.020041 -0.062584 0.161590 29 53 87
0.022571 -0.074055 0.178396 29 53 87
-0.020953 0.123325 -0.110792 29 53 87
-0.018540 0.112380 -0.094756 29 53 87
-0.016386 0.102612 -0.080444 29 53 87
-0.015434 0.098297 -0.074122 29 53 87
-0.015585 0.098982 -0.075126 29 53 87
-0.013530 0.089659 -0.061467 29 53 87
-0.012412 0.084591 -0.054041 29 53 87
-0.010687 0.076768 -0.042579 29 53 87
-0.009162 0.069853 -0.032449 29 53 87
-0.012083 0.083099 -0.051855 29 53 87
-0.011489 0.080404 -0.047908 29 53 87
-0.007717 0.063297 -0.022844 29 53 87
-0.003740 0.045262 0.003581 29 53 87
0.000464 0.026200 0.031509 29 53 87
0.002443 0.017224 0.044660 29 53 87
0.005131 0.005032 0.062523 29 53 87
0.009340 -0.014053 0.090485 29 53 87
0.013037 -0.030821 0.115053 29 53 87
0.016725 -0.047544 0.139554 29 53 87
0.021382 -0.068665 0.170499 29 53 87
0.013330 -0.032148 0.116997 29 53 87
0.013849 -0.034503 0.120448 29 53 87
0.016446 -0.046279 0.137700 29 53 87
0.021610 -0.069699 0.172013 29 53 87
0.019515 -0.060199 0.158095 29 53 87
0.018391 -0.055100 0.150625 29 53 87
-0.019152 0.115157 -0.098825 29 53 87
-0.017482 0.107583 -0.087728 29 53 87
-0.017321 0.106854 -0.086660 29 53 87
-0.016680 0.103946 -0.082399 29 53 87
-0.015112 0.096835 -0.071981 29 53 87
-0.013464 0.089360 -0.061028 29 53 87
-0.011821 0.081909 -0.050113 29 53 87
-0.010617 0.076450 -0.042115 29 53 87
-0.009737 0.072461 -0.036270 29 53 87
-0.015246 0.097443 -0.072871 29 53 87
-0.010194 0.074530 -0.039302 29 53 87
-0.006861 0.059418 -0.017159 29 53 87
-0.003513 0.044236 0.005084 29 53 87
-0.000658 0.031286 0.024058 29 53 87
0.002393 0.017453 0.044325 29 53 87
0.005985 0.001163 0.068191 29 53 87
0.009886 -0.016528 0.094111 29 53 87
0.014617 -0.037986 0.125550 29 53 87
0.017810 -0.052464 0.146763 29 53 87
0.019569 -0.060441 0.158451 29 53 87
0.019390 -0.059631 0.157263 29 53 87
0.024819 -0.084251 0.193335 29 53 87
0.016914 -0.048400 0.140808 29 53 87
0.024842 -0.084355 0.193486 29 53 87
0.013334 -0.032165 0.117021 29 53 87
0.014191 -0.036053 0.122719 29 53 87
-0.023697 0.135768 -0.129023 29 53 87
-0.022849 0.131924 -0.123390 29 53 87
-0.016458 0.102938 -0.080922 29 53 87
-0.016918 0.105024 -0.083978 29 53 87
-0.014520 0.094152 -0.068050 29 53 87
-0.012995 0.087236 -0.057917 29 53 87
-0.010215 0.074627 -0.039444 29 53 87
-0.019598 0.117177 -0.101784 29 53 87
-0.016772 0.104365 -0.083013 29 53 87
-0.013552 0.089759 -0.061614 29 53 87
-0.010287 0.074955 -0.039923 29 53 87
-0.008492 0.066814 -0.027997 29 53 87
-0.003892 0.045951 0.002571 29 53 87
0.000312 0.026886 0.030505 29 53 87
0.004130 0.009572 0.055872 29 53 87
0.008139 -0.008609 0.082508 29 53 87
0.012692 -0.029255 0.112758 29 53 87
0.014268 -0.036402 0.123229 29 53 87
0.015474 -0.041873 0.131245 29 53 87
0.017496 -0.051043 0.144681 29 53 87
0.012599 -0.028832 0.112139 29 53 87
0.013835 -0.034440 0.120355 29 53 87
0.011535 -0.024006 0.105068 29 53 87
0.024257 -0.081704 0.189603 29 53 87
0.012150 -0.026796 0.109156 29 53 87
0.012958 -0.030460 0.114523 29 53 87
-0.023655 0.135576 -0.128741 29 53 87
-0.021067 0.123840 -0.111546 29 53 87
-0.018608 0.112687 -0.095206 29 53 87
-0.013639 0.090157 -0.062197 29 53 87
-0.012583 0.085365 -0.055175 29 53 87
-0.011155 0.078890 -0.045689 29 53 87
-0.024459 0.139224 -0.134087 29 53 87
-0.024777 0.140668 -0.136201 29 53 87
-0.021054 0.123782 -0.111461 29 53 87
-0.017179 0.106210 -0.085717 29 53 87
-0.012755 0.086148 -0.056323 29 53 87
-0.008288 0.065890 -0.026642 29 53 87
-0.003723 0.045186 0.003692 29 53 87
0.000037 0.028137 0.028672 29 53 87
0.003162 0.013963 0.049438 29 53 87
0.006503 -0.001190 0.071639 29 53 87
0.009316 -0.013944 0.090326 29 53 87
0.013417 -0.032544 0.117576 29 53 87
0.016044 -0.044458 0.135033 29 53 87
0.009714 -0.015750 0.092971 29 53 87
0.011062 -0.021863 0.101928 29 53 87
0.011764 -0.025049 0.106595 29 53 87
0.019268 -0.059076 0.156450 29 53 87
0.020149 -0.063072 0.162305 29 53 87
0.021300 -0.068293 0.169955 29 53 87
0.019125 -0.058429 0.155502 29 53 87
-0.021441 0.125535 -0.114030 29 53 87
-0.019225 0.115489 -0.099312 29 53 87
-0.017015 0.105467 -0.084628 29 53 87
-0.019598 0.117177 -0.101784 29 53 87
-0.037560 0.198635 -0.221132 29 53 87
-0.034544 0.184958 -0.201094 29 53 87
-0.029876 0.163790 -0.170079 29 53 87
-0.025768 0.145160 -0.142784 29 53 87
-0.021720 0.126802 -0.115886 29 53 87
-0.012471 0.084857 -0.054432 29 53 87
-0.009546 0.071593 -0.034998 29 53 87
-0.006377 0.057224 -0.013945 29 53 87
-0.003441 0.043906 0.005568 29 53 87
-0.000673 0.031356 0.023954 29 53 87
0.001998 0.019242 0.041703 29 53 87
0.004621 0.007345 0.059134 29 53 87
0.007091 -0.003855 0.075544 29 53 87
0.010895 -0.021107 0.100821 29 53 87
0.007135 -0.004053 0.075833 29 53 87
0.008818 -0.011687 0.087019 29 53 87
0.012153 -0.026809 0.109175 29 53 87
0.016060 -0.044529 0.135137 29 53 87
0.017038 -0.048965 0.141637 29 53 87
0.015731 -0.043037 0.132951 29 53 87
0.017091 -0.049207 0.141990 29 53 87
0.016628 -0.047103 0.138907 29 53 87
-0.019703 0.117656 -0.102486 29 53 87
-0.017874 0.109359 -0.090331 29 53 87
-0.019804 0.118112 -0.103155 29 53 87
-0.042699 0.221939 -0.255276 29 53 87
-0.038642 0.203541 -0.228320 29 53 87
-0.022440 0.130069 -0.120673 29 53 87
-0.019422 0.116381 -0.100618 29 53 87
-0.016617 0.103661 -0.081982 29 53 87
-0.013673 0.090311 -0.062422 29 53 87
-0.010886 0.077669 -0.043900 29 53 87
-0.008215 0.065556 -0.026153 29 53 87
-0.005690 0.054106 -0.009376 29 53 87
-0.003311 0.043317 0.006431 29 53 87
-0.001024 0.032945 0.021627 29 53 87
0.001352 0.022174 0.037408 29 53 87
0.004111 0.009659 0.055744 29 53 87
0.007289 -0.004753 0.076859 29 53 87
0.005335 0.004107 0.063878 29 53 87
0.007116 -0.003969 0.075711 29 53 87
0.011171 -0.022358 0.102653 29 53 87
0.011657 -0.024561 0.105881 29 53 87
0.013779 -0.034186 0.119983 29 53 87
0.014871 -0.039137 0.127237 29 53 87
0.012319 -0.027562 0.110278 29 53 87
0.012826 -0.029864 0.113650 29 53 87
0.014436 -0.037163 0.124344 29 53 87
-0.021335 0.125054 -0.113326 29 53 87
-0.023515 0.134944 -0.127816 29 53 87
-0.050872 0.259007 -0.309585 29 53 87
-0.029973 0.164229 -0.170722 29 53 87
-0.025422 0.143590 -0.140483 29 53 87
-0.022718 0.131329 -0.122519 29 53 87
-0.020493 0.121236 -0.107732 29 53 87
-0.017363 0.107044 -0.086939 29 53 87
-0.014770 0.095285 -0.069710 29 53 87
-0.012416 0.084609 -0.054068 29 53 87
-0.010137 0.074275 -0.038927 29 53 87
-0.007805 0.063696 -0.023428 29 53 87
-0.005346 0.052546 -0.007092 29 53 87
-0.003269 0.043126 0.006710 29 53 87
-0.001070 0.033157 0.021317 29 53 87
0.000985 0.023836 0.034972 29 53 87
0.002761 0.015781 0.046774 29 53 87
0.003643 0.011782 0.052634 29 53 87
0.006368 -0.000577 0.070741 29 53 87
0.008827 -0.011725 0.087075 29 53 87
0.010556 -0.019568 0.098565 29 53 87
0.011434 -0.023549 0.104399 29 53 87
0.008798 -0.011596 0.086886 29 53 87
0.009757 -0.015946 0.093258 29 53 87
0.010608 -0.019806 0.098913 29 53 87
0.011699 -0.024751 0.106160 29 53 87
0.013488 -0.032864 0.118045 29 53 87
-0.057816 0.290495 -0.355719 29 53 87
-0.028241 0.156375 -0.159215 29 53 87
-0.026088 0.146612 -0.144911 29 53 87
-0.024165 0.137888 -0.132129 29 53 87
-0.022072 0.128397 -0.118224 29 53 87
-0.018591 0.112614 -0.095099 29 53 87
-0.016454 0.102920 -0.080896 29 53 87
-0.014124 0.092354 -0.065415 29 53 87
-0.011560 0.080725 -0.048378 29 53 87
-0.009332 0.070622 -0.033575 29 53 87
-0.006801 0.059144 -0.016758 29 53 87
-0.005330 0.052474 -0.006986 29 53 87
-0.003237 0.042983 0.006920 29 53 87
-0.001333 0.034348 0.019571 29 53 87
0.000408 0.026450 0.031142 29 53 87
0.002031 0.019092 0.041924 29 53 87
0.004405 0.008328 0.057694 29 53 87
0.006832 -0.002678 0.073820 29 53 87
0.008882 -0.011975 0.087441 29 53 87
0.006066 0.000795 0.068731 29 53 87
0.006675 -0.001968 0.072779 29 53 87
0.007784 -0.006996 0.080146 29 53 87
0.008946 -0.012269 0.087871 29 53 87
0.010643 -0.019962 0.099142 29 53 87
0.012093 -0.026541 0.108781 29 53 87
0.017341 -0.050339 0.143649 29 53 87
-0.051210 0.260537 -0.311827 29 53 87
-0.045945 0.236661 -0.276844 29 53 87
-0.039647 0.208099 -0.234998 29 53 87
-0.037545 0.198570 -0.221037 29 53 87
-0.035273 0.188265 -0.205939 29 53 87
-0.034024 0.182602 -0.197640 29 53 87
-0.030138 0.164979 -0.171822 29 53 87
-0.024839 0.140947 -0.136611 29 53 87
-0.020563 0.121555 -0.108199 29 53 87
-0.012722 0.085996 -0.056100 29 53 87
-0.009706 0.072319 -0.036061 29 53 87
-0.007322 0.061510 -0.020224 29 53 87
-0.005826 0.054722 -0.010279 29 53 87
-0.003329 0.043398 0.006311 29 53 87
-0.001049 0.033059 0.021460 29 53 87
0.000778 0.024775 0.033596 29 53 87
0.002809 0.015562 0.047095 29 53 87
0.004537 0.007730 0.058570 29 53 87
0.005859 0.001731 0.067360 29 53 87
0.007153 -0.004136 0.075956 29 53 87
0.008484 -0.010170 0.084796 29 53 87
0.009470 -0.014641 0.091347 29 53 87
0.010645 -0.019972 0.099158 29 53 87
0.011761 -0.025031 0.106570 29 53 87
0.013307 -0.032045 0.116846 29 53 87
0.018219 -0.054319 0.149480 29 53 87
-0.047057 0.241704 -0.284234 29 53 87
-0.043947 0.227599 -0.263568 29 53 87
-0.042129 0.219358 -0.251493 29 53 87
-0.040004 0.209720 -0.237373 29 53 87
-0.039622 0.207987 -0.234833 29 53 87
-0.028655 0.158252 -0.161964 29 53 87
-0.024203 0.138061 -0.132382 29 53 87
-0.020302 0.120370 -0.106462 29 53 87
-0.014409 0.093648 -0.067312 29 53 87
-0.011689 0.081311 -0.049236 29 53 87
-0.010579 0.076278 -0.041862 29 53 87
-0.008337 0.066111 -0.026966 29 53 87
-0.005714 0.054214 -0.009536 29 53 87
-0.003286 0.043206 0.006593 29 53 87
-0.001054 0.033081 0.021428 29 53 87
0.000820 0.024585 0.033875 29 53 87
0.002484 0.017038 0.044933 29 53 87
0.003991 0.010204 0.054945 29 53 87
0.005487 0.003419 0.064887 29 53 87
0.006785 -0.002468 0.073512 29 53 87
0.007884 -0.007453 0.080815 29 53 87
0.008955 -0.012309 0.087930 29 53 87
0.010519 -0.019401 0.098321 29 53 87
0.016602 -0.046986 0.138736 29 53 87
0.017983 -0.053249 0.147913 29 53 87
0.045263 -0.176965 0.329173 29 53 87
-0.000253 0.001819 -0.338456 230 57 70
-0.000255 0.001833 -0.340962 230 57 70
-0.000254 0.001826 -0.339709 230 57 70
-0.000236 0.001696 -0.315486 230 57 70
-0.000116 0.000831 -0.154586 230 57 70
-0.000103 0.000742 -0.138089 230 57 70
-0.000092 0.000660 -0.122740 230 57 70
-0.000080 0.000576 -0.107079 230 57 70
-0.000071 0.000508 -0.094445 230 57 70
-0.000063 0.000455 -0.084734 230 57 70
-0.000057 0.000410 -0.076277 230 57 70
-0.000051 0.000364 -0.067715 230 57 70
-0.000037 0.000264 -0.049025 230 57 70
-0.000033 0.000239 -0.044536 230 57 70
-0.000032 0.000228 -0.042499 230 57 70
-0.000217 0.001557 -0.289591 230 57 70
-0.000216 0.001552 -0.288756 230 57 70
-0.000216 0.001553 -0.288965 230 57 70
-0.000213 0.001532 -0.284997 230 57 70
-0.000219 0.001576 -0.293141 230 57 70
-0.000228 0.001642 -0.305462 230 57 70
-0.000240 0.001723 -0.320497 230 57 70
-0.000244 0.001752 -0.325927 230 57 70
-0.000245 0.001759 -0.327180 230 57 70
-0.000249 0.001790 -0.333027 230 57 70
-0.000254 0.001824 -0.339292 230 57 70
-0.000208 0.001497 -0.278438 230 57 70
-0.000212 0.001524 -0.283597 230 57 70
-0.000219 0.001574 -0.292810 230 57 70
-0.000095 0.000681 -0.126702 230 57 70
-0.000088 0.000634 -0.118042 230 57 70
-0.000080 0.000574 -0.106710 230 57 70
-0.000065 0.000465 -0.086534 230 57 70
-0.000060 0.000431 -0.080177 230 57 70
-0.000054 0.000390 -0.072530 230 57 70
-0.000050 0.000362 -0.067371 230 57 70
-0.000044 0.000315 -0.058665 230 57 70
-0.000031 0.000225 -0.041944 230 57 70
-0.000029 0.000209 -0.038903 230 57 70
-0.000028 0.000201 -0.037429 230 57 70
-0.000190 0.001368 -0.254484 230 57 70
-0.000190 0.001369 -0.254668 230 57 70
-0.000185 0.001328 -0.247114 230 57 70
-0.000188 0.001351 -0.251352 230 57 70
-0.000194 0.001394 -0.259275 230 57 70
-0.000198 0.001426 -0.265355 230 57 70
-0.000209 0.001502 -0.279359 230 57 70
-0.000210 0.001510 -0.281017 230 57 70
-0.000196 0.001409 -0.262223 230 57 70
-0.000193 0.001386 -0.257801 230 57 70
-0.000192 0.001378 -0.256327 230 57 70
-0.000203 0.001459 -0.271436 230 57 70
-0.000151 0.001087 -0.202266 230 57 70
-0.000164 0.001179 -0.219352 230 57 70
-0.000164 0.001176 -0.218714 230 57 70
-0.000077 0.000554 -0.103019 230 57 70
-0.000070 0.000501 -0.093198 230 57 70
-0.000054 0.000387 -0.072079 230 57 70
-0.000050 0.000358 -0.066610 230 57 70
-0.000046 0.000333 -0.061899 230 57 70
-0.000042 0.000301 -0.056070 230 57 70
-0.000037 0.000269 -0.050082 230 57 70
-0.000027 0.000191 -0.035510 230 57 70
-0.000025 0.000176 -0.032835 230 57 70
-0.000161 0.001155 -0.214881 230 57 70
-0.000164 0.001176 -0.218873 230 57 70
-0.000162 0.001165 -0.216797 230 57 70
-0.000160 0.001150 -0.213923 230 57 70
-0.000163 0.001169 -0.217436 230 57 70
-0.000165 0.001188 -0.221109 230 57 70
-0.000169 0.001216 -0.226219 230 57 70
-0.000172 0.001239 -0.230531 230 57 70
-0.000171 0.001227 -0.228295 230 57 70
-0.000165 0.001185 -0.220470 230 57 70
-0.000161 0.001159 -0.215680 230 57 70
-0.000157 0.001127 -0.209611 230 57 70
-0.000152 0.001092 -0.203224 230 57 70
-0.000149 0.001073 -0.199711 230 57 70
-0.000048 0.000342 -0.063612 230 57 70
-0.000041 0.000294 -0.054627 230 57 70
-0.000039 0.000279 -0.051857 230 57 70
-0.000037 0.000269 -0.050134 230 57 70
-0.000033 0.000238 -0.044324 230 57 70
-0.000031 0.000220 -0.040979 230 57 70
-0.000027 0.000191 -0.035541 230 57 70
-0.000025 0.000177 -0.032855 230 57 70
-0.000024 0.000169 -0.031453 230 57 70
-0.000021 0.000148 -0.027450 230 57 70
-0.000017 0.000124 -0.022991 230 57 70
-0.000131 0.000942 -0.175290 230 57 70
-0.000137 0.000985 -0.183263 230 57 70
-0.000141 0.001017 -0.189208 230 57 70
-0.000144 0.001035 -0.192586 230 57 70
-0.000146 0.001052 -0.195694 230 57 70
-0.000107 0.000771 -0.143402 230 57 70
-0.000105 0.000753 -0.140024 230 57 70
-0.000102 0.000735 -0.136781 230 57 70
-0.000102 0.000730 -0.135902 230 57 70
-0.000095 0.000685 -0.127525 230 57 70
-0.000081 0.000579 -0.107730 230 57 70
-0.000073 0.000526 -0.097866 230 57 70
-0.000064 0.000462 -0.086043 230 57 70
-0.000062 0.000448 -0.083340 230 57 70
-0.000064 0.000463 -0.086110 230 57 70
-0.000031 0.000221 -0.041151 230 57 70
-0.000028 0.000202 -0.037641 230 57 70
-0.000027 0.000192 -0.035679 230 57 70
-0.000026 0.000186 -0.034629 230 57 70
-0.000024 0.000172 -0.031975 230 57 70
-0.000020 0.000145 -0.026987 230 57 70
-0.000019 0.000139 -0.025881 230 57 70
-0.000018 0.000129 -0.023933 230 57 70
-0.000016 0.000117 -0.021680 230 57 70
-0.000015 0.000105 -0.019497 230 57 70
-0.000109 0.000782 -0.145404 230 57 70
-0.000113 0.000815 -0.151706 230 57 70
-0.000117 0.000838 -0.155907 230 57 70
-0.000121 0.000868 -0.161434 230 57 70
-0.000121 0.000873 -0.162429 230 57 70
-0.000122 0.000875 -0.162761 230 57 70
-0.000096 0.000693 -0.128931 230 57 70
-0.000094 0.000675 -0.125504 230 57 70
-0.000093 0.000665 -0.123735 230 57 70
-0.000090 0.000648 -0.120640 230 57 70
-0.000088 0.000632 -0.117544 230 57 70
-0.000064 0.000461 -0.085705 230 57 70
-0.000056 0.000405 -0.075368 230 57 70
-0.000058 0.000419 -0.077966 230 57 70
-0.000058 0.000415 -0.077247 230 57 70
-0.000028 0.000202 -0.037503 230 57 70
-0.000035 0.000250 -0.046458 230 57 70
-0.000021 0.000154 -0.028610 230 57 70
-0.000021 0.000152 -0.028330 230 57 70
-0.000019 0.000137 -0.025428 230 57 70
-0.000017 0.000120 -0.022354 230 57 70
-0.000015 0.000110 -0.020484 230 57 70
-0.000015 0.000105 -0.019495 230 57 70
-0.000013 0.000097 -0.017979 230 57 70
-0.000013 0.000093 -0.017388 230 57 70
-0.000090 0.000645 -0.119927 230 57 70
-0.000092 0.000658 -0.122507 230 57 70
-0.000093 0.000671 -0.124829 230 57 70
-0.000096 0.000689 -0.128268 230 57 70
-0.000095 0.000685 -0.127494 230 57 70
-0.000087 0.000629 -0.117004 230 57 70
-0.000085 0.000613 -0.113994 230 57 70
-0.000082 0.000588 -0.109351 230 57 70
-0.000080 0.000576 -0.107201 230 57 70
-0.000080 0.000574 -0.106857 230 57 70
-0.000060 0.000433 -0.080503 230 57 70
-0.000050 0.000362 -0.067390 230 57 70
-0.000044 0.000318 -0.059135 230 57 70
-0.000048 0.000345 -0.064122 230 57 70
-0.000022 0.000162 -0.030093 230 57 70
-0.000019 0.000135 -0.025041 230 57 70
-0.000018 0.000130 -0.024095 230 57 70
-0.000018 0.000129 -0.023945 230 57 70
-0.000014 0.000098 -0.018205 230 57 70
-0.000012 0.000088 -0.016317 230 57 70
-0.000011 0.000082 -0.015249 230 57 70
-0.000011 0.000078 -0.014551 230 57 70
-0.000010 0.000074 -0.013676 230 57 70
-0.000009 0.000068 -0.012585 230 57 70
-0.000010 0.000069 -0.012839 230 57 70
-0.000066 0.000473 -0.088039 230 57 70
-0.000067 0.000478 -0.088960 230 57 70
-0.000069 0.000494 -0.091969 230 57 70
-0.000070 0.000502 -0.093443 230 57 70
-0.000070 0.000506 -0.094058 230 57 70
-0.000070 0.000506 -0.094058 230 57 70
-0.000068 0.000491 -0.091355 230 57 70
-0.000067 0.000484 -0.090004 230 57 70
-0.000063 0.000454 -0.084476 230 57 70
-0.000051 0.000365 -0.067893 230 57 70
-0.000034 0.000244 -0.045352 230 57 70
-0.000032 0.000228 -0.042404 230 57 70
-0.000033 0.000238 -0.044339 230 57 70
-0.000033 0.000238 -0.044308 230 57 70
-0.000029 0.000212 -0.039425 230 57 70
-0.000014 0.000104 -0.019295 230 57 70
-0.000014 0.000100 -0.018635 230 57 70
-0.000015 0.000107 -0.019910 230 57 70
-0.000016 0.000112 -0.020908 230 57 70
-0.000007 0.000050 -0.009381 230 57 70
-0.000007 0.000048 -0.008929 230 57 70
-0.000006 0.000047 -0.008676 230 57 70
-0.000006 0.000044 -0.008096 230 57 70
-0.000006 0.000040 -0.007395 230 57 70
-0.000039 0.000283 -0.052612 230 57 70
-0.000040 0.000286 -0.053239 230 57 70
-0.000041 0.000293 -0.054455 230 57 70
-0.000041 0.000298 -0.055376 230 57 70
-0.000042 0.000304 -0.056592 230 57 70
-0.000043 0.000307 -0.057182 230 57 70
-0.000042 0.000303 -0.056445 230 57 70
-0.000042 0.000299 -0.055708 230 57 70
-0.000033 0.000240 -0.044579 230 57 70
-0.000032 0.000230 -0.042736 230 57 70
-0.000025 0.000178 -0.033081 230 57 70
-0.000020 0.000141 -0.026208 230 57 70
-0.000019 0.000139 -0.025876 230 57 70
-0.000020 0.000147 -0.027406 230 57 70
-0.000019 0.000138 -0.025674 230 57 70
-0.000016 0.000117 -0.021767 230 57 70
-0.000015 0.000109 -0.020293 230 57 70
-0.000012 0.000084 -0.015641 230 57 70
-0.000011 0.000077 -0.014388 230 57 70
-0.000010 0.000071 -0.013273 230 57 70
-0.000008 0.000055 -0.010233 230 57 70
-0.000002 0.000017 -0.003228 230 57 70
-0.000002 0.000017 -0.003173 230 57 70
-0.000002 0.000016 -0.002932 230 57 70
-0.000002 0.000015 -0.002794 230 57 70
-0.000014 0.000097 -0.018095 230 57 70
-0.000014 0.000098 -0.018254 230 57 70
-0.000014 0.000100 -0.018660 230 57 70
-0.000014 0.000103 -0.019102 230 57 70
-0.000015 0.000104 -0.019397 230 57 70
-0.000014 0.000104 -0.019274 230 57 70
-0.000014 0.000103 -0.019126 230 57 70
-0.000011 0.000082 -0.015196 230 57 70
-0.000011 0.000078 -0.014532 230 57 70
-0.000010 0.000072 -0.013390 230 57 70
-0.000007 0.000049 -0.009177 230 57 70
-0.000007 0.000048 -0.008937 230 57 70
-0.000007 0.000049 -0.009152 230 57 70
-0.000007 0.000051 -0.009416 230 57 70
-0.000006 0.000043 -0.008034 230 57 70
-0.000006 0.000040 -0.007531 230 57 70
-0.000006 0.000041 -0.007604 230 57 70
-0.000004 0.000030 -0.005648 230 57 70
-0.000004 0.000028 -0.005209 230 57 70
-0.000004 0.000026 -0.004767 230 57 70
-0.000003 0.000019 -0.003548 230 57 70
-0.000003 0.000018 -0.003372 230 57 70
0.000001 -0.000009 0.001704 230 57 70
0.000001 -0.000008 0.001524 230 57 70
0.000012 -0.000089 0.016583 230 57 70
0.000013 -0.000090 0.016779 230 57 70
0.000013 -0.000092 0.017111 230 57 70
0.000013 -0.000094 0.017504 230 57 70
0.000013 -0.000096 0.017934 230 57 70
0.000013 -0.000097 0.017995 230 57 70
0.000013 -0.000097 0.017971 230 57 70
0.000011 -0.000083 0.015379 230 57 70
0.000010 -0.000073 0.013671 230 57 70
0.000010 -0.000069 0.012885 230 57 70
0.000007 -0.000049 0.009089 230 57 70
0.000006 -0.000043 0.008064 230 57 70
0.000006 -0.000042 0.007738 230 57 70
0.000006 -0.000044 0.008168 230 57 70
0.000006 -0.000042 0.007812 230 57 70
0.000005 -0.000036 0.006651 230 57 70
0.000005 -0.000037 0.006878 230 57 70
0.000004 -0.000027 0.005060 230 57 70
0.000003 -0.000024 0.004465 230 57 70
0.000003 -0.000021 0.003900 230 57 70
0.000003 -0.000020 0.003651 230 57 70
0.000002 -0.000012 0.002189 230 57 70
0.000002 -0.000011 0.002032 230 57 70
0.000001 -0.000010 0.001888 230 57 70
0.000004 -0.000030 0.005655 230 57 70
0.000038 -0.000274 0.051014 230 57 70
0.000039 -0.000279 0.051825 230 57 70
0.000039 -0.000284 0.052783 230 57 70
0.000040 -0.000290 0.053925 230 57 70
0.000041 -0.000293 0.054589 230 57 70
0.000041 -0.000292 0.054404 230 57 70
0.000040 -0.000288 0.053520 230 57 70
0.000033 -0.000234 0.043607 230 57 70
0.000031 -0.000220 0.040954 230 57 70
0.000027 -0.000198 0.036753 230 57 70
0.000020 -0.000140 0.026139 230 57 70
0.000018 -0.000130 0.024186 230 57 70
0.000019 -0.000137 0.025513 230 57 70
0.000019 -0.000138 0.025679 230 57 70
0.000016 -0.000118 0.021994 230 57 70
0.000017 -0.000122 0.022638 230 57 70
0.000014 -0.000098 0.018281 230 57 70
0.000011 -0.000082 0.015268 230 57 70
0.000010 -0.000073 0.013628 230 57 70
0.000009 -0.000067 0.012495 230 57 70
0.000007 -0.000051 0.009436 230 57 70
0.000005 -0.000038 0.007161 230 57 70
0.000005 -0.000037 0.006954 230 57 70
0.000005 -0.000036 0.006737 230 57 70
0.000005 -0.000034 0.006295 230 57 70
0.000062 -0.000449 0.083566 230 57 70
0.000064 -0.000461 0.085716 230 57 70
0.000065 -0.000464 0.086330 230 57 70
0.000066 -0.000472 0.087743 230 57 70
0.000067 -0.000483 0.089831 230 57 70
0.000068 -0.000488 0.090814 230 57 70
0.000068 -0.000485 0.090322 230 57 70
0.000061 -0.000437 0.081355 230 57 70
0.000053 -0.000381 0.070914 230 57 70
0.000049 -0.000351 0.065263 230 57 70
0.000038 -0.000274 0.050891 230 57 70
0.000032 -0.000229 0.042661 230 57 70
0.000030 -0.000217 0.040327 230 57 70
0.000032 -0.000230 0.042815 230 57 70
0.000030 -0.000214 0.039867 230 57 70
0.000031 -0.000220 0.040941 230 57 70
0.000027 -0.000192 0.035659 230 57 70
0.000021 -0.000150 0.027859 230 57 70
0.000019 -0.000134 0.024911 230 57 70
0.000018 -0.000127 0.023560 230 57 70
0.000013 -0.000093 0.017249 230 57 70
0.000009 -0.000067 0.012443 230 57 70
0.000009 -0.000067 0.012374 230 57 70
0.000009 -0.000065 0.012028 230 57 70
0.000009 -0.000062 0.011591 230 57 70
0.000008 -0.000059 0.011030 230 57 70
0.000008 -0.000056 0.010416 230 57 70
0.000090 -0.000649 0.120663 230 57 70
0.000092 -0.000661 0.122985 230 57 70
0.000094 -0.000674 0.125478 230 57 70
0.000096 -0.000693 0.128918 230 57 70
0.000097 -0.000696 0.129434 230 57 70
0.000096 -0.000691 0.128488 230 57 70
0.000079 -0.000565 0.105186 230 57 70
0.000075 -0.000540 0.100542 230 57 70
0.000066 -0.000478 0.088934 230 57 70
0.000048 -0.000345 0.064127 230 57 70
0.000043 -0.000309 0.057463 230 57 70
0.000044 -0.000318 0.059183 230 57 70
0.000045 -0.000324 0.060215 230 57 70
0.000042 -0.000303 0.056345 230 57 70
0.000031 -0.000221 0.041169 230 57 70
0.000028 -0.000202 0.037665 230 57 70
0.000027 -0.000196 0.036439 230 57 70
0.000026 -0.000185 0.034376 230 57 70
0.000026 -0.000187 0.034741 230 57 70
0.000017 -0.000119 0.022209 230 57 70
0.000014 -0.000098 0.018275 230 57 70
0.000013 -0.000095 0.017630 230 57 70
0.000013 -0.000093 0.017372 230 57 70
0.000012 -0.000089 0.016619 230 57 70
0.000012 -0.000085 0.015738 230 57 70
0.000010 -0.000074 0.013846 230 57 70
0.000086 -0.000616 0.114644 230 57 70
0.000119 -0.000859 0.159726 230 57 70
0.000122 -0.000879 0.163595 230 57 70
0.000125 -0.000898 0.167022 230 57 70
0.000126 -0.000902 0.167907 230 57 70
0.000121 -0.000873 0.162379 230 57 70
0.000100 -0.000718 0.133524 230 57 70
0.000093 -0.000670 0.124569 230 57 70
0.000072 -0.000519 0.096489 230 57 70
0.000057 -0.000407 0.075705 230 57 70
0.000056 -0.000400 0.074488 230 57 70
0.000058 -0.000417 0.077584 230 57 70
0.000057 -0.000408 0.075981 230 57 70
0.000054 -0.000389 0.072333 230 57 70
0.000037 -0.000265 0.049227 230 57 70
0.000036 -0.000261 0.048619 230 57 70
0.000034 -0.000242 0.045053 230 57 70
0.000035 -0.000251 0.046656 230 57 70
0.000032 -0.000230 0.042759 230 57 70
0.000020 -0.000140 0.026093 230 57 70
0.000018 -0.000130 0.024242 230 57 70
0.000017 -0.000125 0.023274 230 57 70
0.000017 -0.000124 0.022998 230 57 70
0.000017 -0.000119 0.022155 230 57 70
0.000016 -0.000114 0.021201 230 57 70
0.000110 -0.000789 0.146791 230 57 70
0.000117 -0.000840 0.156299 230 57 70
0.000151 -0.001083 0.201429 230 57 70
0.000154 -0.001104 0.205483 230 57 70
0.000154 -0.001110 0.206564 230 57 70
0.000157 -0.001126 0.209401 230 57 70
0.000155 -0.001118 0.207915 230 57 70
0.000115 -0.000827 0.153866 230 57 70
0.000077 -0.000554 0.103061 230 57 70
0.000072 -0.000517 0.096102 230 57 70
0.000073 -0.000524 0.097521 230 57 70
0.000071 -0.000509 0.094751 230 57 70
0.000063 -0.000449 0.083603 230 57 70
0.000061 -0.000437 0.081306 230 57 70
0.000047 -0.000341 0.063402 230 57 70
0.000043 -0.000310 0.057592 230 57 70
0.000044 -0.000313 0.058234 230 57 70
0.000040 -0.000289 0.053809 230 57 70
0.000037 -0.000268 0.049823 230 57 70
0.000032 -0.000231 0.042898 230 57 70
0.000023 -0.000162 0.030230 230 57 70
0.000021 -0.000153 0.028473 230 57 70
0.000021 -0.000149 0.027696 230 57 70
0.000020 -0.000143 0.026615 230 57 70
0.000020 -0.000145 0.027038 230 57 70
0.000136 -0.000981 0.182512 230 57 70
0.000143 -0.001027 0.191025 230 57 70
0.000146 -0.001047 0.194808 230 57 70
0.000183 -0.001317 0.245024 230 57 70
0.000186 -0.001335 0.248378 230 57 70
0.000189 -0.001362 0.253328 230 57 70
0.000189 -0.001356 0.252370 230 57 70
0.000188 -0.001350 0.251093 230 57 70
0.000090 -0.000647 0.120387 230 57 70
0.000089 -0.000643 0.119588 230 57 70
0.000088 -0.000636 0.118311 230 57 70
0.000083 -0.000594 0.110566 230 57 70
0.000073 -0.000523 0.097232 230 57 70
0.000060 -0.000430 0.079985 230 57 70
0.000053 -0.000383 0.071282 230 57 70
0.000053 -0.000378 0.070244 230 57 70
0.000055 -0.000392 0.072959 230 57 70
0.000048 -0.000348 0.064695 230 57 70
0.000044 -0.000318 0.059106 230 57 70
0.000037 -0.000269 0.050084 230 57 70
0.000026 -0.000190 0.035332 230 57 70
0.000025 -0.000183 0.033955 230 57 70
0.000025 -0.000180 0.033416 230 57 70
0.000024 -0.000175 0.032637 230 57 70
0.000156 -0.001123 0.208935 230 57 70
0.000164 -0.001177 0.218995 230 57 70
0.000170 -0.001221 0.227139 230 57 70
0.000173 -0.001244 0.231451 230 57 70
0.000176 -0.001265 0.235283 230 57 70
0.000218 -0.001566 0.291285 230 57 70
0.000222 -0.001599 0.297550 230 57 70
0.000222 -0.001595 0.296813 230 57 70
0.000229 -0.001643 0.305657 230 57 70
0.000124 -0.000892 0.165898 230 57 70
0.000115 -0.000829 0.154198 230 57 70
0.000110 -0.000790 0.146920 230 57 70
0.000096 -0.000687 0.127849 230 57 70
0.000086 -0.000620 0.115412 230 57 70
0.000066 -0.000473 0.088050 230 57 70
0.000062 -0.000443 0.082338 230 57 70
0.000068 -0.000488 0.090814 230 57 70
0.000060 -0.000429 0.079758 230 57 70
0.000057 -0.000408 0.075935 230 57 70
0.000051 -0.000364 0.067781 230 57 70
0.000033 -0.000238 0.044220 230 57 70
0.000031 -0.000222 0.041248 230 57 70
0.000030 -0.000214 0.039820 230 57 70
0.000029 -0.000211 0.039268 230 57 70
0.000029 -0.000207 0.038577 230 57 70
0.000188 -0.001352 0.251486 230 57 70
0.000194 -0.001395 0.259593 230 57 70
0.000196 -0.001407 0.261804 230 57 70
0.000198 -0.001424 0.264937 230 57 70
0.000202 -0.001450 0.269727 230 57 70
0.000209 -0.001502 0.279493 230 57 70
-0.356217 0.000333 0.000268 230 57 70
-0.362193 0.000339 0.000273 230 57 70
-0.342914 0.000321 0.000258 230 57 70
-0.320054 0.000299 0.000241 230 57 70
-0.170277 0.000159 0.000128 230 57 70
-0.160260 0.000150 0.000121 230 57 70
-0.143330 0.000134 0.000108 230 57 70
-0.114220 0.000107 0.000086 230 57 70
-0.094582 0.000088 0.000071 230 57 70
-0.071331 0.000067 0.000054 230 57 70
-0.050492 0.000047 0.000038 230 57 70
-0.037149 0.000035 0.000028 230 57 70
-0.022982 0.000022 0.000017 230 57 70
-0.004121 0.000004 0.000003 230 57 70
0.007884 -0.000007 -0.000006 230 57 70
0.009344 -0.000009 -0.000007 230 57 70
0.011294 -0.000011 -0.000008 230 57 70
0.014740 -0.000014 -0.000011 230 57 70
0.017967 -0.000017 -0.000014 230 57 70
0.020582 -0.000019 -0.000015 230 57 70
0.024541 -0.000023 -0.000018 230 57 70
0.026359 -0.000025 -0.000020 230 57 70
0.029400 -0.000028 -0.000022 230 57 70
0.032068 -0.000030 -0.000024 230 57 70
0.036424 -0.000034 -0.000027 230 57 70
0.039629 -0.000037 -0.000030 230 57 70
0.037114 -0.000035 -0.000028 230 57 70
-0.394629 0.000369 0.000297 230 57 70
-0.370620 0.000347 0.000279 230 57 70
-0.370553 0.000347 0.000279 230 57 70
-0.194900 0.000182 0.000147 230 57 70
-0.177209 0.000166 0.000133 230 57 70
-0.158740 0.000149 0.000119 230 57 70
-0.124361 0.000116 0.000094 230 57 70
-0.110074 0.000103 0.000083 230 57 70
-0.086262 0.000081 0.000065 230 57 70
-0.066215 0.000062 0.000050 230 57 70
-0.026798 0.000025 0.000020 230 57 70
-0.015977 0.000015 0.000012 230 57 70
-0.009094 0.000009 0.000007 230 57 70
-0.002428 0.000002 0.000002 230 57 70
0.002775 -0.000003 -0.000002 230 57 70
0.006609 -0.000006 -0.000005 230 57 70
0.009918 -0.000009 -0.000007 230 57 70
0.012921 -0.000012 -0.000010 230 57 70
0.016727 -0.000016 -0.000013 230 57 70
0.019293 -0.000018 -0.000015 230 57 70
0.020250 -0.000019 -0.000015 230 57 70
0.024479 -0.000023 -0.000018 230 57 70
0.027224 -0.000025 -0.000020 230 57 70
0.028774 -0.000027 -0.000022 230 57 70
0.030432 -0.000028 -0.000023 230 57 70
0.031402 -0.000029 -0.000024 230 57 70
0.369184 -0.000345 -0.000278 230 57 70
-0.414486 0.000388 0.000312 230 57 70
-0.242565 0.000227 0.000183 230 57 70
-0.208314 0.000195 0.000157 230 57 70
-0.195404 0.000183 0.000147 230 57 70
-0.182549 0.000171 0.000137 230 57 70
-0.144755 0.000135 0.000109 230 57 70
-0.126142 0.000118 0.000095 230 57 70
-0.091035 0.000085 0.000068 230 57 70
-0.076008 0.000071 0.000057 230 57 70
-0.031942 0.000030 0.000024 230 57 70
-0.022666 0.000021 0.000017 230 57 70
-0.015397 0.000014 0.000012 230 57 70
-0.009063 0.000008 0.000007 230 57 70
-0.001827 0.000002 0.000001 230 57 70
0.002183 -0.000002 -0.000002 230 57 70
0.005921 -0.000006 -0.000004 230 57 70
0.009233 -0.000009 -0.000007 230 57 70
0.012633 -0.000012 -0.000010 230 57 70
0.014291 -0.000013 -0.000011 230 57 70
0.017245 -0.000016 -0.000013 230 57 70
0.021224 -0.000020 -0.000016 230 57 70
0.023551 -0.000022 -0.000018 230 57 70
0.023999 -0.000022 -0.000018 230 57 70
0.025211 -0.000024 -0.000019 230 57 70
0.354603 -0.000332 -0.000267 230 57 70
0.394556 -0.000369 -0.000297 230 57 70
-0.260351 0.000244 0.000196 230 57 70
-0.245424 0.000230 0.000185 230 57 70
-0.227938 0.000213 0.000172 230 57 70
-0.212024 0.000198 0.000160 230 57 70
-0.160051 0.000150 0.000120 230 57 70
-0.143437 0.000134 0.000108 230 57 70
-0.104768 0.000098 0.000079 230 57 70
-0.084202 0.000079 0.000063 230 57 70
-0.053824 0.000050 0.000040 230 57 70
-0.033926 0.000032 0.000026 230 57 70
-0.023325 0.000022 0.000018 230 57 70
-0.015535 0.000015 0.000012 230 57 70
-0.006015 0.000006 0.000005 230 57 70
-0.001737 0.000002 0.000001 230 57 70
0.002167 -0.000002 -0.000002 230 57 70
0.005754 -0.000005 -0.000004 230 57 70
0.009335 -0.000009 -0.000007 230 57 70
0.012552 -0.000012 -0.000009 230 57 70
0.015020 -0.000014 -0.000011 230 57 70
0.016768 -0.000016 -0.000013 230 57 70
0.019607 -0.000018 -0.000015 230 57 70
0.020493 -0.000019 -0.000015 230 57 70
0.024134 -0.000023 -0.000018 230 57 70
0.333076 -0.000312 -0.000251 230 57 70
0.365284 -0.000342 -0.000275 230 57 70
0.394243 -0.000369 -0.000297 230 57 70
-0.282650 0.000264 0.000213 230 57 70
-0.260471 0.000244 0.000196 230 57 70
-0.234156 0.000219 0.000176 230 57 70
-0.180169 0.000169 0.000136 230 57 70
-0.135508 0.000127 0.000102 230 57 70
-0.114656 0.000107 0.000086 230 57 70
-0.111358 0.000104 0.000084 230 57 70
-0.089883 0.000084 0.000068 230 57 70
-0.057951 0.000054 0.000044 230 57 70
-0.039538 0.000037 0.000030 230 57 70
-0.022486 0.000021 0.000017 230 57 70
-0.010975 0.000010 0.000008 230 57 70
-0.005762 0.000005 0.000004 230 57 70
-0.001692 0.000002 0.000001 230 57 70
0.002089 -0.000002 -0.000002 230 57 70
0.005679 -0.000005 -0.000004 230 57 70
0.008870 -0.000008 -0.000007 230 57 70
0.011332 -0.000011 -0.000009 230 57 70
0.014028 -0.000013 -0.000011 230 57 70
0.016256 -0.000015 -0.000012 230 57 70
0.018073 -0.000017 -0.000014 230 57 70
0.267315 -0.000250 -0.000201 230 57 70
0.303939 -0.000284 -0.000229 230 57 70
0.332020 -0.000311 -0.000250 230 57 70
0.372212 -0.000348 -0.000280 230 57 70
0.283357 -0.000265 -0.000213 230 57 70
-0.323014 0.000302 0.000243 230 57 70
-0.247229 0.000231 0.000186 230 57 70
-0.179017 0.000167 0.000135 230 57 70
-0.141011 0.000132 0.000106 230 57 70
-0.137553 0.000129 0.000104 230 57 70
-0.117798 0.000110 0.000089 230 57 70
-0.088916 0.000083 0.000067 230 57 70
-0.066083 0.000062 0.000050 230 57 70
-0.044215 0.000041 0.000033 230 57 70
-0.027504 0.000026 0.000021 230 57 70
-0.022626 0.000021 0.000017 230 57 70
-0.009966 0.000009 0.000007 230 57 70
-0.005512 0.000005 0.000004 230 57 70
-0.001691 0.000002 0.000001 230 57 70
0.001978 -0.000002 -0.000001 230 57 70
0.005362 -0.000005 -0.000004 230 57 70
0.008220 -0.000008 -0.000006 230 57 70
0.010871 -0.000010 -0.000008 230 57 70
0.013496 -0.000013 -0.000010 230 57 70
0.016026 -0.000015 -0.000012 230 57 70
0.241248 -0.000226 -0.000182 230 57 70
0.274839 -0.000257 -0.000207 230 57 70
0.302262 -0.000283 -0.000227 230 57 70
0.257147 -0.000241 -0.000193 230 57 70
0.283446 -0.000265 -0.000213 230 57 70
0.308886 -0.000289 -0.000232 230 57 70
-0.262793 0.000246 0.000198 230 57 70
-0.182976 0.000171 0.000138 230 57 70
-0.152899 0.000143 0.000115 230 57 70
-0.148692 0.000139 0.000112 230 57 70
-0.118805 0.000111 0.000089 230 57 70
-0.087345 0.000082 0.000066 230 57 70
-0.067097 0.000063 0.000050 230 57 70
-0.049346 0.000046 0.000037 230 57 70
-0.037637 0.000035 0.000028 230 57 70
-0.029619 0.000028 0.000022 230 57 70
-0.013943 0.000013 0.000010 230 57 70
-0.009310 0.000009 0.000007 230 57 70
-0.005524 0.000005 0.000004 230 57 70
-0.001683 0.000002 0.000001 230 57 70
0.001803 -0.000002 -0.000001 230 57 70
0.005023 -0.000005 -0.000004 230 57 70
0.007726 -0.000007 -0.000006 230 57 70
0.009812 -0.000009 -0.000007 230 57 70
0.176537 -0.000165 -0.000133 230 57 70
0.213340 -0.000200 -0.000161 230 57 70
0.244104 -0.000228 -0.000184 230 57 70
0.272689 -0.000255 -0.000205 230 57 70
0.309448 -0.000290 -0.000233 230 57 70
0.301912 -0.000282 -0.000227 230 57 70
0.316788 -0.000296 -0.000238 230 57 70
0.338487 -0.000317 -0.000255 230 57 70
-0.189876 0.000178 0.000143 230 57 70
-0.166875 0.000156 0.000126 230 57 70
-0.155386 0.000145 0.000117 230 57 70
-0.109597 0.000103 0.000082 230 57 70
-0.098353 0.000092 0.000074 230 57 70
-0.070978 0.000066 0.000053 230 57 70
-0.051957 0.000049 0.000039 230 57 70
-0.046506 0.000044 0.000035 230 57 70
-0.035476 0.000033 0.000027 230 57 70
-0.017794 0.000017 0.000013 230 57 70
-0.013045 0.000012 0.000010 230 57 70
-0.009344 0.000009 0.000007 230 57 70
-0.005163 0.000005 0.000004 230 57 70
-0.001583 0.000001 0.000001 230 57 70
0.001720 -0.000002 -0.000001 230 57 70
0.004674 -0.000004 -0.000004 230 57 70
0.007308 -0.000007 -0.000005 230 57 70
0.147222 -0.000138 -0.000111 230 57 70
0.180210 -0.000169 -0.000136 230 57 70
0.214169 -0.000200 -0.000161 230 57 70
0.250007 -0.000234 -0.000188 230 57 70
0.256781 -0.000240 -0.000193 230 57 70
0.270883 -0.000253 -0.000204 230 57 70
0.281576 -0.000263 -0.000212 230 57 70
0.308128 -0.000288 -0.000232 230 57 70
0.283044 -0.000265 -0.000213 230 57 70
-0.184505 0.000173 0.000139 230 57 70
-0.159201 0.000149 0.000120 230 57 70
-0.121667 0.000114 0.000092 230 57 70
-0.094677 0.000089 0.000071 230 57 70
-0.073810 0.000069 0.000056 230 57 70
-0.060185 0.000056 0.000045 230 57 70
-0.054228 0.000051 0.000041 230 57 70
-0.040709 0.000038 0.000031 230 57 70
-0.020966 0.000020 0.000016 230 57 70
-0.016424 0.000015 0.000012 230 57 70
-0.012456 0.000012 0.000009 230 57 70
-0.008729 0.000008 0.000007 230 57 70
-0.004979 0.000005 0.000004 230 57 70
-0.001564 0.000001 0.000001 230 57 70
0.001585 -0.000001 -0.000001 230 57 70
0.004308 -0.000004 -0.000003 230 57 70
0.084175 -0.000079 -0.000063 230 57 70
0.117544 -0.000110 -0.000088 230 57 70
0.149089 -0.000139 -0.000112 230 57 70
0.185154 -0.000173 -0.000139 230 57 70
0.219973 -0.000206 -0.000166 230 57 70
0.244866 -0.000229 -0.000184 230 57 70
0.261081 -0.000244 -0.000196 230 57 70
0.248127 -0.000232 -0.000187 230 57 70
0.260712 -0.000244 -0.000196 230 57 70
0.177505 -0.000166 -0.000134 230 57 70
0.176857 -0.000165 -0.000133 230 57 70
-0.147233 0.000138 0.000111 230 57 70
-0.105631 0.000099 0.000079 230 57 70
-0.091196 0.000085 0.000069 230 57 70
-0.078246 0.000073 0.000059 230 57 70
-0.067901 0.000064 0.000051 230 57 70
-0.057855 0.000054 0.000044 230 57 70
-0.046925 0.000044 0.000035 230 57 70
-0.024990 0.000023 0.000019 230 57 70
-0.019693 0.000018 0.000015 230 57 70
-0.015680 0.000015 0.000012 230 57 70
-0.011837 0.000011 0.000009 230 57 70
-0.008183 0.000008 0.000006 230 57 70
-0.004795 0.000004 0.000004 230 57 70
-0.001528 0.000001 0.000001 230 57 70
0.053896 -0.000050 -0.000041 230 57 70
0.085527 -0.000080 -0.000064 230 57 70
0.118189 -0.000111 -0.000089 230 57 70
0.153640 -0.000144 -0.000116 230 57 70
0.184448 -0.000173 -0.000139 230 57 70
0.214500 -0.000201 -0.000161 230 57 70
0.201645 -0.000189 -0.000152 230 57 70
0.215723 -0.000202 -0.000162 230 57 70
0.218665 -0.000205 -0.000165 230 57 70
0.156656 -0.000147 -0.000118 230 57 70
0.156576 -0.000146 -0.000118 230 57 70
0.173881 -0.000163 -0.000131 230 57 70
-0.108008 0.000101 0.000081 230 57 70
-0.096753 0.000091 0.000073 230 57 70
-0.083941 0.000079 0.000063 230 57 70
-0.079001 0.000074 0.000059 230 57 70
-0.064151 0.000060 0.000048 230 57 70
-0.052889 0.000049 0.000040 230 57 70
-0.029314 0.000027 0.000022 230 57 70
-0.023742 0.000022 0.000018 230 57 70
-0.018838 0.000018 0.000014 230 57 70
-0.015445 0.000014 0.000012 230 57 70
-0.011807 0.000011 0.000009 230 57 70
-0.007872 0.000007 0.000006 230 57 70
-0.005071 0.000005 0.000004 230 57 70
0.022836 -0.000021 -0.000017 230 57 70
0.054240 -0.000051 -0.000041 230 57 70
0.088567 -0.000083 -0.000067 230 57 70
0.122335 -0.000114 -0.000092 230 57 70
0.153524 -0.000144 -0.000116 230 57 70
0.181623 -0.000170 -0.000137 230 57 70
0.168731 -0.000158 -0.000127 230 57 70
0.185842 -0.000174 -0.000140 230 57 70
0.128769 -0.000120 -0.000097 230 57 70
0.133870 -0.000125 -0.000101 230 57 70
0.140678 -0.000132 -0.000106 230 57 70
0.154700 -0.000145 -0.000116 230 57 70
0.156340 -0.000146 -0.000118 230 57 70
-0.101986 0.000095 0.000077 230 57 70
-0.098408 0.000092 0.000074 230 57 70
-0.086428 0.000081 0.000065 230 57 70
-0.071572 0.000067 0.000054 230 57 70
-0.058527 0.000055 0.000044 230 57 70
-0.034698 0.000032 0.000026 230 57 70
-0.029091 0.000027 0.000022 230 57 70
-0.024529 0.000023 0.000018 230 57 70
-0.020966 0.000020 0.000016 230 57 70
-0.016515 0.000015 0.000012 230 57 70
-0.013065 0.000012 0.000010 230 57 70
-0.039166 0.000037 0.000029 230 57 70
-0.008518 0.000008 0.000006 230 57 70
0.022892 -0.000021 -0.000017 230 57 70
0.055143 -0.000052 -0.000041 230 57 70
0.087081 -0.000081 -0.000066 230 57 70
0.117913 -0.000110 -0.000089 230 57 70
0.125633 -0.000118 -0.000095 230 57 70
0.141645 -0.000133 -0.000107 230 57 70
0.150987 -0.000141 -0.000114 230 57 70
0.112539 -0.000105 -0.000085 230 57 70
0.114366 -0.000107 -0.000086 230 57 70
0.127163 -0.000119 -0.000096 230 57 70
0.140282 -0.000131 -0.000106 230 57 70
0.137957 -0.000129 -0.000104 230 57 70
0.117185 -0.000110 -0.000088 230 57 70
-0.103125 0.000096 0.000078 230 57 70
-0.090658 0.000085 0.000068 230 57 70
-0.078620 0.000074 0.000059 230 57 70
-0.064144 0.000060 0.000048 230 57 70
-0.040546 0.000038 0.000031 230 57 70
-0.033634 0.000031 0.000025 230 57 70
-0.029047 0.000027 0.000022 230 57 70
-0.025911 0.000024 0.000019 230 57 70
-0.021160 0.000020 0.000016 230 57 70
-0.017533 0.000016 0.000013 230 57 70
-0.069734 0.000065 0.000052 230 57 70
-0.039381 0.000037 0.000030 230 57 70
-0.008586 0.000008 0.000006 230 57 70
0.023223 -0.000022 -0.000017 230 57 70
0.054326 -0.000051 -0.000041 230 57 70
0.084378 -0.000079 -0.000063 230 57 70
0.094512 -0.000088 -0.000071 230 57 70
0.113088 -0.000106 -0.000085 230 57 70
0.091567 -0.000086 -0.000069 230 57 70
0.092532 -0.000087 -0.000070 230 57 70
0.102828 -0.000096 -0.000077 230 57 70
0.115978 -0.000109 -0.000087 230 57 70
0.122372 -0.000114 -0.000092 230 57 70
0.127605 -0.000119 -0.000096 230 57 70
0.099492 -0.000093 -0.000075 230 57 70
0.096277 -0.000090 -0.000072 230 57 70
-0.098242 0.000092 0.000074 230 57 70
-0.083812 0.000078 0.000063 230 57 70
-0.069016 0.000065 0.000052 230 57 70
-0.047618 0.000045 0.000036 230 57 70
-0.038501 0.000036 0.000029 230 57 70
-0.033963 0.000032 0.000026 230 57 70
-0.030227 0.000028 0.000023 230 57 70
-0.025566 0.000024 0.000019 230 57 70
-0.130324 0.000122 0.000098 230 57 70
-0.102391 0.000096 0.000077 230 57 70
-0.071338 0.000067 0.000054 230 57 70
-0.040671 0.000038 0.000031 230 57 70
-0.008745 0.000008 0.000007 230 57 70
0.022597 -0.000021 -0.000017 230 57 70
0.052004 -0.000049 -0.000039 230 57 70
0.068366 -0.000064 -0.000051 230 57 70
0.081246 -0.000076 -0.000061 230 57 70
0.075571 -0.000071 -0.000057 230 57 70
0.078218 -0.000073 -0.000059 230 57 70
0.090542 -0.000085 -0.000068 230 57 70
0.100163 -0.000094 -0.000075 230 57 70
0.093944 -0.000088 -0.000071 230 57 70
0.098538 -0.000092 -0.000074 230 57 70
0.086075 -0.000081 -0.000065 230 57 70
0.091914 -0.000086 -0.000069 230 57 70
0.107396 -0.000100 -0.000081 230 57 70
-0.088721 0.000083 0.000067 230 57 70
-0.074783 0.000070 0.000056 230 57 70
-0.052502 0.000049 0.000040 230 57 70
-0.042676 0.000040 0.000032 230 57 70
-0.037847 0.000035 0.000028 230 57 70
-0.033507 0.000031 0.000025 230 57 70
-0.028980 0.000027 0.000022 230 57 70
-0.161200 0.000151 0.000121 230 57 70
-0.130324 0.000122 0.000098 230 57 70
-0.102551 0.000096 0.000077 230 57 70
-0.073272 0.000069 0.000055 230 57 70
-0.040917 0.000038 0.000031 230 57 70
-0.008598 0.000008 0.000006 230 57 70
0.019630 -0.000018 -0.000015 230 57 70
0.042460 -0.000040 -0.000032 230 57 70
0.057827 -0.000054 -0.000044 230 57 70
0.052594 -0.000049 -0.000040 230 57 70
0.066118 -0.000062 -0.000050 230 57 70
0.079136 -0.000074 -0.000060 230 57 70
0.087474 -0.000082 -0.000066 230 57 70
0.081218 -0.000076 -0.000061 230 57 70
0.085453 -0.000080 -0.000064 230 57 70
0.080693 -0.000075 -0.000061 230 57 70
0.094526 -0.000088 -0.000071 230 57 70
0.092636 -0.000087 -0.000070 230 57 70
0.096511 -0.000090 -0.000073 230 57 70
-0.078385 0.000073 0.000059 230 57 70
-0.056989 0.000053 0.000043 230 57 70
-0.045074 0.000042 0.000034 230 57 70
-0.039655 0.000037 0.000030 230 57 70
-0.035802 0.000033 0.000027 230 57 70
-0.031176 0.000029 0.000023 230 57 70
-0.214131 0.000200 0.000161 230 57 70
-0.193297 0.000181 0.000145 230 57 70
-0.163908 0.000153 0.000123 230 57 70
-0.135023 0.000126 0.000102 230 57 70
-0.104068 0.000097 0.000078 230 57 70
-0.071669 0.000067 0.000054 230 57 70
-0.039535 0.000037 0.000030 230 57 70
-0.008340 0.000008 0.000006 230 57 70
0.021712 -0.000020 -0.000016 230 57 70
0.035796 -0.000033 -0.000027 230 57 70
0.039991 -0.000037 -0.000030 230 57 70
0.054068 -0.000051 -0.000041 230 57 70
0.067460 -0.000063 -0.000051 230 57 70
0.076664 -0.000072 -0.000058 230 57 70
0.071720 -0.000067 -0.000054 230 57 70
0.074269 -0.000069 -0.000056 230 57 70
0.082014 -0.000077 -0.000062 230 57 70
0.086262 -0.000081 -0.000065 230 57 70
0.086339 -0.000081 -0.000065 230 57 70
0.087368 -0.000082 -0.000066 230 57 70
0.084765 -0.000079 -0.000064 230 57 70
-0.060644 0.000057 0.000046 230 57 70
-0.048450 0.000045 0.000036 230 57 70
-0.043554 0.000041 0.000033 230 57 70
-0.038175 0.000036 0.000029 230 57 70
-0.240928 0.000225 0.000181 230 57 70
-0.223571 0.000209 0.000168 230 57 70
-0.191148 0.000179 0.000144 230 57 70
-0.162618 0.000152 0.000122 230 57 70
-0.132308 0.000124 0.000100 230 57 70
-0.101832 0.000095 0.000077 230 57 70
-0.070011 0.000065 0.000053 230 57 70
-0.038951 0.000036 0.000029 230 57 70
-0.008021 0.000008 0.000006 230 57 70
0.020072 -0.000019 -0.000015 230 57 70
0.047533 -0.000044 -0.000036 230 57 70
0.042017 -0.000039 -0.000032 230 57 70
0.055588 -0.000052 -0.000042 230 57 70
0.062092 -0.000058 -0.000047 230 57 70
0.060984 -0.000057 -0.000046 230 57 70
0.060733 -0.000057 -0.000046 230 57 70
0.071317 -0.000067 -0.000054 230 57 70
0.073092 -0.000068 -0.000055 230 57 70
0.074585 -0.000070 -0.000056 230 57 70
0.076633 -0.000072 -0.000058 230 57 70
0.075171 -0.000070 -0.000057 230 57 70
0.075133 -0.000070 -0.000057 230 57 70
-0.119764 0.016926 -0.007151 29 53 87
-0.116266 0.017910 -0.007006 29 53 87
-0.110330 0.019581 -0.006759 29 53 87
-0.097398 0.023219 -0.006221 29 53 87
-0.092098 0.024710 -0.006001 29 53 87
-0.090667 0.025113 -0.005941 29 53 87
-0.088707 0.025665 -0.005860 29 53 87
-0.078531 0.028528 -0.005437 29 53 87
-0.263603 -0.023545 -0.013132 29 53 87
-0.280138 -0.028197 -0.013820 29 53 87
-0.283318 -0.029092 -0.013952 29 53 87
-0.289678 -0.030881 -0.014216 29 53 87
-0.289254 -0.030762 -0.014199 29 53 87
-0.281198 -0.028496 -0.013864 29 53 87
-0.290738 -0.031180 -0.014260 29 53 87
-0.295190 -0.032432 -0.014445 29 53 87
-0.309182 -0.036369 -0.015027 29 53 87
-0.284166 -0.029331 -0.013987 29 53 87
-0.254275 -0.020920 -0.012744 29 53 87
-0.239647 -0.016805 -0.012136 29 53 87
-0.161845 0.005086 -0.008901 29 53 87
-0.178169 0.000493 -0.009580 29 53 87
-0.172339 0.002134 -0.009337 29 53 87
-0.157817 0.006219 -0.008733 29 53 87
-0.145521 0.009679 -0.008222 29 53 87
-0.134604 0.012751 -0.007768 29 53 87
-0.079385 0.028287 -0.005472 29 53 87
-0.076860 0.028998 -0.005367 29 53 87
-0.083547 0.027116 -0.005645 29 53 87
-0.083874 0.027024 -0.005659 29 53 87
-0.078964 0.028406 -0.005455 29 53 87
-0.071903 0.030393 -0.005161 29 53 87
-0.068489 0.031353 -0.005019 29 53 87
-0.246518 -0.018738 -0.012422 29 53 87
-0.251756 -0.020212 -0.012639 29 53 87
-0.252504 -0.020422 -0.012671 29 53 87
-0.257555 -0.021843 -0.012881 29 53 87
-0.258864 -0.022211 -0.012935 29 53 87
-0.252691 -0.020475 -0.012678 29 53 87
-0.257929 -0.021948 -0.012896 29 53 87
-0.268404 -0.024896 -0.013332 29 53 87
-0.271584 -0.025790 -0.013464 29 53 87
-0.239036 -0.016633 -0.012111 29 53 87
-0.219208 -0.011054 -0.011286 29 53 87
-0.147566 0.009104 -0.008307 29 53 87
-0.143451 0.010261 -0.008136 29 53 87
-0.152897 0.007604 -0.008529 29 53 87
-0.144948 0.009840 -0.008198 29 53 87
-0.134005 0.012919 -0.007743 29 53 87
-0.124559 0.015577 -0.007351 29 53 87
-0.115674 0.018077 -0.006981 29 53 87
-0.109781 0.019735 -0.006736 29 53 87
-0.060573 0.033580 -0.004690 29 53 87
-0.070219 0.030866 -0.005091 29 53 87
-0.070787 0.030707 -0.005115 29 53 87
-0.068112 0.031459 -0.005003 29 53 87
-0.068031 0.031482 -0.005000 29 53 87
-0.058385 0.034196 -0.004599 29 53 87
-0.207449 -0.007745 -0.010797 29 53 87
-0.215230 -0.009935 -0.011121 29 53 87
-0.217500 -0.010573 -0.011215 29 53 87
-0.219770 -0.011212 -0.011309 29 53 87
-0.223174 -0.012170 -0.011451 29 53 87
-0.219121 -0.011029 -0.011282 29 53 87
-0.215555 -0.010026 -0.011134 29 53 87
-0.223012 -0.012124 -0.011444 29 53 87
-0.233387 -0.015043 -0.011876 29 53 87
-0.223498 -0.012261 -0.011465 29 53 87
-0.199992 -0.005647 -0.010487 29 53 87
-0.180700 -0.000219 -0.009685 29 53 87
-0.094455 0.024047 -0.006099 29 53 87
-0.125257 0.015381 -0.007380 29 53 87
-0.129715 0.014126 -0.007565 29 53 87
-0.116746 0.017775 -0.007026 29 53 87
-0.082945 0.027286 -0.005620 29 53 87
-0.076055 0.029224 -0.005334 29 53 87
-0.066166 0.032007 -0.004923 29 53 87
-0.061708 0.033261 -0.004737 29 53 87
-0.058061 0.034287 -0.004586 29 53 87
-0.052608 0.035821 -0.004359 29 53 87
-0.051305 0.036188 -0.004305 29 53 87
-0.046778 0.037462 -0.004116 29 53 87
-0.042251 0.038735 -0.003928 29 53 87
-0.177882 0.000574 -0.009568 29 53 87
-0.180625 -0.000198 -0.009682 29 53 87
-0.181585 -0.000468 -0.009722 29 53 87
-0.183917 -0.001124 -0.009819 29 53 87
-0.185563 -0.001587 -0.009887 29 53 87
-0.178842 0.000304 -0.009608 29 53 87
-0.180488 -0.000159 -0.009676 29 53 87
-0.188307 -0.002359 -0.010001 29 53 87
-0.197223 -0.004868 -0.010372 29 53 87
-0.179802 0.000034 -0.009648 29 53 87
-0.165948 0.003932 -0.009072 29 53 87
-0.081655 0.027649 -0.005567 29 53 87
-0.072464 0.030235 -0.005184 29 53 87
-0.074316 0.029714 -0.005261 29 53 87
-0.075139 0.029482 -0.005296 29 53 87
-0.071709 0.030447 -0.005153 29 53 87
-0.065194 0.032280 -0.004882 29 53 87
-0.057238 0.034519 -0.004551 29 53 87
-0.052608 0.035821 -0.004359 29 53 87
-0.050173 0.036506 -0.004258 29 53 87
-0.047773 0.037182 -0.004158 29 53 87
-0.052917 0.035735 -0.004372 29 53 87
-0.046127 0.037645 -0.004089 29 53 87
-0.043096 0.038498 -0.003963 29 53 87
-0.038214 0.039871 -0.003760 29 53 87
-0.145733 0.009619 -0.008231 29 53 87
-0.146743 0.009335 -0.008273 29 53 87
-0.147529 0.009114 -0.008306 29 53 87
-0.149100 0.008672 -0.008371 29 53 87
-0.148988 0.008704 -0.008366 29 53 87
-0.143825 0.010156 -0.008152 29 53 87
-0.148315 0.008893 -0.008338 29 53 87
-0.154487 0.007156 -0.008595 29 53 87
-0.159987 0.005609 -0.008824 29 53 87
-0.115206 0.018209 -0.006962 29 53 87
-0.105666 0.020893 -0.006565 29 53 87
-0.059819 0.033792 -0.004659 29 53 87
-0.058192 0.034250 -0.004591 29 53 87
-0.060268 0.033666 -0.004677 29 53 87
-0.059875 0.033777 -0.004661 29 53 87
-0.054320 0.035340 -0.004430 29 53 87
-0.045509 0.037819 -0.004064 29 53 87
-0.042367 0.038703 -0.003933 29 53 87
-0.041020 0.039082 -0.003877 29 53 87
-0.038719 0.039729 -0.003781 29 53 87
-0.037064 0.040195 -0.003712 29 53 87
-0.049269 0.036761 -0.004220 29 53 87
-0.048820 0.036887 -0.004201 29 53 87
-0.028375 0.042640 -0.003351 29 53 87
-0.110168 0.019626 -0.006752 29 53 87
-0.111128 0.019356 -0.006792 29 53 87
-0.112001 0.019110 -0.006828 29 53 87
-0.113834 0.018595 -0.006905 29 53 87
-0.113834 0.018595 -0.006905 29 53 87
-0.114969 0.018275 -0.006952 29 53 87
-0.109033 0.019945 -0.006705 29 53 87
-0.112263 0.019037 -0.006839 29 53 87
-0.116977 0.017710 -0.007035 29 53 87
-0.117937 0.017440 -0.007075 29 53 87
-0.083893 0.027019 -0.005660 29 53 87
-0.078132 0.028640 -0.005420 29 53 87
-0.044044 0.038231 -0.004003 29 53 87
-0.045310 0.037875 -0.004055 29 53 87
-0.047667 0.037212 -0.004153 29 53 87
-0.044044 0.038231 -0.004003 29 53 87
-0.039985 0.039373 -0.003834 29 53 87
-0.031910 0.041645 -0.003498 29 53 87
-0.031670 0.041712 -0.003488 29 53 87
-0.029946 0.042198 -0.003417 29 53 87
-0.028266 0.042670 -0.003347 29 53 87
-0.035446 0.040650 -0.003645 29 53 87
-0.037366 0.040110 -0.003725 29 53 87
-0.035926 0.040515 -0.003665 29 53 87
-0.033133 0.041301 -0.003549 29 53 87
-0.076299 0.029156 -0.005344 29 53 87
-0.076049 0.029226 -0.005333 29 53 87
-0.076361 0.029138 -0.005346 29 53 87
-0.078730 0.028472 -0.005445 29 53 87
-0.078418 0.028559 -0.005432 29 53 87
-0.076797 0.029015 -0.005365 29 53 87
-0.074054 0.029787 -0.005251 29 53 87
-0.077982 0.028682 -0.005414 29 53 87
-0.083781 0.027051 -0.005655 29 53 87
-0.061022 0.033454 -0.004709 29 53 87
-0.056533 0.034717 -0.004522 29 53 87
-0.051732 0.036068 -0.004322 29 53 87
-0.051296 0.036191 -0.004304 29 53 87
-0.051981 0.035998 -0.004333 29 53 87
-0.044187 0.038191 -0.004009 29 53 87
-0.040259 0.039296 -0.003845 29 53 87
-0.040041 0.039357 -0.003836 29 53 87
-0.035365 0.040673 -0.003642 29 53 87
-0.033619 0.041164 -0.003569 29 53 87
-0.030158 0.042138 -0.003425 29 53 87
-0.028070 0.042726 -0.003338 29 53 87
-0.026137 0.043269 -0.003258 29 53 87
-0.022863 0.044190 -0.003122 29 53 87
-0.021086 0.044690 -0.003048 29 53 87
-0.019107 0.045247 -0.002966 29 53 87
-0.016223 0.046059 -0.002846 29 53 87
-0.042068 0.038787 -0.003921 29 53 87
-0.041693 0.038892 -0.003905 29 53 87
-0.042516 0.038661 -0.003939 29 53 87
-0.043152 0.038482 -0.003966 29 53 87
-0.043714 0.038324 -0.003989 29 53 87
-0.039785 0.039429 -0.003826 29 53 87
-0.041544 0.038934 -0.003899 29 53 87
-0.028899 0.042492 -0.003373 29 53 87
-0.029460 0.042334 -0.003396 29 53 87
-0.031443 0.041776 -0.003479 29 53 87
-0.029834 0.042229 -0.003412 29 53 87
-0.026299 0.043224 -0.003265 29 53 87
-0.025569 0.043429 -0.003235 29 53 87
-0.026467 0.043176 -0.003272 29 53 87
-0.015637 0.046224 -0.002822 29 53 87
-0.020107 0.044966 -0.003007 29 53 87
-0.019640 0.045097 -0.002988 29 53 87
-0.016778 0.045903 -0.002869 29 53 87
-0.015880 0.046155 -0.002832 29 53 87
-0.013841 0.046729 -0.002747 29 53 87
-0.012700 0.047050 -0.002699 29 53 87
-0.011578 0.047366 -0.002653 29 53 87
-0.007172 0.048605 -0.002470 29 53 87
-0.005704 0.049018 -0.002409 29 53 87
-0.004881 0.049250 -0.002374 29 53 87
-0.002833 0.049826 -0.002289 29 53 87
-0.007974 0.048380 -0.002503 29 53 87
-0.008049 0.048359 -0.002506 29 53 87
-0.008585 0.048208 -0.002528 29 53 87
-0.001121 0.050308 -0.002218 29 53 87
-0.001714 0.050141 -0.002243 29 53 87
-0.002624 0.049885 -0.002280 29 53 87
-0.003385 0.049671 -0.002312 29 53 87
-0.003996 0.049499 -0.002337 29 53 87
-0.004657 0.049313 -0.002365 29 53 87
-0.004095 0.049471 -0.002342 29 53 87
-0.003235 0.049713 -0.002306 29 53 87
-0.003198 0.049724 -0.002304 29 53 87
0.000544 0.050776 -0.002149 29 53 87
0.001080 0.050927 -0.002126 29 53 87
0.000774 0.050841 -0.002139 29 53 87
-0.000535 0.050473 -0.002194 29 53 87
0.000063 0.050641 -0.002169 29 53 87
0.000656 0.050808 -0.002144 29 53 87
0.001367 0.051008 -0.002115 29 53 87
0.001697 0.051101 -0.002101 29 53 87
0.002289 0.051267 -0.002076 29 53 87
0.003960 0.051738 -0.002007 29 53 87
0.004204 0.051806 -0.001997 29 53 87
0.004752 0.051960 -0.001974 29 53 87
-0.007550 0.048499 -0.002485 29 53 87
-0.007974 0.048380 -0.002503 29 53 87
0.021257 0.056604 -0.001287 29 53 87
0.020047 0.056264 -0.001338 29 53 87
0.018700 0.055885 -0.001394 29 53 87
0.019972 0.056243 -0.001341 29 53 87
0.021001 0.056532 -0.001298 29 53 87
0.022242 0.056881 -0.001247 29 53 87
0.022379 0.056920 -0.001241 29 53 87
0.022267 0.056888 -0.001245 29 53 87
0.021643 0.056713 -0.001271 29 53 87
0.021088 0.056557 -0.001294 29 53 87
0.021169 0.056580 -0.001291 29 53 87
0.016755 0.055338 -0.001475 29 53 87
0.016281 0.055204 -0.001494 29 53 87
0.016281 0.055204 -0.001494 29 53 87
0.018152 0.055731 -0.001417 29 53 87
0.016474 0.055259 -0.001486 29 53 87
0.016294 0.055208 -0.001494 29 53 87
0.016138 0.055164 -0.001500 29 53 87
0.015078 0.054866 -0.001544 29 53 87
0.013881 0.054529 -0.001594 29 53 87
0.013503 0.054423 -0.001610 29 53 87
0.013167 0.054328 -0.001624 29 53 87
0.012453 0.054127 -0.001654 29 53 87
0.021905 0.056787 -0.001261 29 53 87
0.021805 0.056759 -0.001265 29 53 87
0.022080 0.056836 -0.001253 29 53 87
0.065003 0.068913 0.000532 29 53 87
0.067621 0.069650 0.000640 29 53 87
0.059092 0.067250 0.000286 29 53 87
0.058792 0.067165 0.000273 29 53 87
0.060700 0.067702 0.000353 29 53 87
0.062197 0.068123 0.000415 29 53 87
0.047195 0.063902 -0.000209 29 53 87
0.048841 0.064365 -0.000140 29 53 87
0.049066 0.064429 -0.000131 29 53 87
0.048055 0.064144 -0.000173 29 53 87
0.032941 0.059892 -0.000802 29 53 87
0.031202 0.059402 -0.000874 29 53 87
0.030585 0.059229 -0.000900 29 53 87
0.034550 0.060344 -0.000735 29 53 87
0.033428 0.060029 -0.000781 29 53 87
0.032530 0.059776 -0.000819 29 53 87
0.029462 0.058913 -0.000946 29 53 87
0.024496 0.057516 -0.001153 29 53 87
0.023364 0.057197 -0.001200 29 53 87
0.022625 0.056989 -0.001231 29 53 87
0.021260 0.056605 -0.001287 29 53 87
0.021961 0.056802 -0.001258 29 53 87
0.046821 0.063797 -0.000224 29 53 87
0.047794 0.064071 -0.000184 29 53 87
0.047981 0.064123 -0.000176 29 53 87
0.049776 0.064629 -0.000102 29 53 87
0.049402 0.064523 -0.000117 29 53 87
0.098224 0.078260 0.001913 29 53 87
0.088995 0.075663 0.001529 29 53 87
0.095667 0.077541 0.001807 29 53 87
0.095729 0.077558 0.001809 29 53 87
0.083259 0.074049 0.001291 29 53 87
0.073033 0.071172 0.000865 29 53 87
0.069760 0.070251 0.000729 29 53 87
0.071132 0.070637 0.000786 29 53 87
0.072597 0.071049 0.000847 29 53 87
0.066861 0.069435 0.000609 29 53 87
0.046035 0.063576 -0.000257 29 53 87
0.050213 0.064751 -0.000083 29 53 87
0.051148 0.065015 -0.000045 29 53 87
0.049122 0.064444 -0.000129 29 53 87
0.046534 0.063716 -0.000236 29 53 87
0.036371 0.060857 -0.000659 29 53 87
0.033752 0.060120 -0.000768 29 53 87
0.032630 0.059804 -0.000815 29 53 87
0.031570 0.059506 -0.000859 29 53 87
0.029761 0.058997 -0.000934 29 53 87
0.092924 0.076769 0.001692 29 53 87
0.095480 0.077488 0.001799 29 53 87
0.097226 0.077979 0.001871 29 53 87
0.098598 0.078365 0.001928 29 53 87
0.100032 0.078769 0.001988 29 53 87
0.103773 0.079821 0.002144 29 53 87
0.104396 0.079997 0.002170 29 53 87
0.089513 0.075809 0.001551 29 53 87
0.083446 0.074102 0.001298 29 53 87
0.080740 0.073341 0.001186 29 53 87
0.081177 0.073463 0.001204 29 53 87
0.085279 0.074618 0.001375 29 53 87
0.095929 0.077614 0.001817 29 53 87
0.068519 0.069902 0.000678 29 53 87
0.063718 0.068551 0.000478 29 53 87
0.061230 0.067851 0.000375 29 53 87
0.061710 0.067986 0.000395 29 53 87
0.059790 0.067446 0.000315 29 53 87
0.056866 0.066623 0.000193 29 53 87
0.055382 0.066206 0.000131 29 53 87
0.054072 0.065837 0.000077 29 53 87
0.048486 0.064265 -0.000155 29 53 87
0.043641 0.062902 -0.000357 29 53 87
0.041546 0.062313 -0.000444 29 53 87
0.039014 0.061601 -0.000549 29 53 87
0.133115 0.088077 0.003364 29 53 87
0.132941 0.088028 0.003356 29 53 87
0.133988 0.088323 0.003400 29 53 87
0.137218 0.089232 0.003534 29 53 87
0.140361 0.090116 0.003665 29 53 87
0.142368 0.090681 0.003748 29 53 87
0.145947 0.091688 0.003897 29 53 87
0.096914 0.077891 0.001858 29 53 87
0.100955 0.079028 0.002026 29 53 87
0.091415 0.076344 0.001630 29 53 87
0.098542 0.078349 0.001926 29 53 87
0.102806 0.079549 0.002103 29 53 87
0.079069 0.072871 0.001116 29 53 87
0.076095 0.072034 0.000993 29 53 87
0.072560 0.071039 0.000846 29 53 87
0.072055 0.070897 0.000825 29 53 87
0.070820 0.070550 0.000773 29 53 87
0.069698 0.070234 0.000727 29 53 87
0.066218 0.069255 0.000582 29 53 87
0.062403 0.068181 0.000423 29 53 87
0.056482 0.066515 0.000177 29 53 87
0.052863 0.065497 0.000027 29 53 87
0.049131 0.064447 -0.000128 29 53 87
0.046522 0.063713 -0.000237 29 53 87
0.168631 0.098070 0.004840 29 53 87
0.170427 0.098575 0.004915 29 53 87
0.170651 0.098638 0.004924 29 53 87
0.172447 0.099144 0.004999 29 53 87
0.176375 0.100249 0.005162 29 53 87
0.108979 0.081286 0.002360 29 53 87
0.101067 0.079060 0.002031 29 53 87
0.092930 0.076770 0.001693 29 53 87
0.093267 0.076865 0.001707 29 53 87
0.119099 0.084133 0.002781 29 53 87
0.104764 0.080100 0.002185 29 53 87
0.109154 0.081335 0.002367 29 53 87
0.110457 0.081702 0.002422 29 53 87
0.092693 0.076704 0.001683 29 53 87
0.087137 0.075141 0.001452 29 53 87
0.084188 0.074311 0.001329 29 53 87
0.082405 0.073809 0.001255 29 53 87
0.078701 0.072767 0.001101 29 53 87
0.077398 0.072400 0.001047 29 53 87
0.066390 0.069303 0.000589 29 53 87
0.062686 0.068261 0.000435 29 53 87
0.058743 0.067151 0.000271 29 53 87
0.055485 0.066235 0.000136 29 53 87
0.053256 0.065608 0.000043 29 53 87
0.053461 0.065665 0.000052 29 53 87
0.205244 0.108371 0.006363 29 53 87
0.204146 0.108063 0.006317 29 53 87
0.126506 0.086218 0.003089 29 53 87
0.121019 0.084674 0.002861 29 53 87
0.116424 0.083381 0.002670 29 53 87
0.113475 0.082551 0.002547 29 53 87
0.107919 0.080988 0.002316 29 53 87
0.108605 0.081181 0.002345 29 53 87
0.119579 0.084268 0.002801 29 53 87
0.109222 0.081355 0.002370 29 53 87
0.114023 0.082705 0.002570 29 53 87
0.120832 0.084621 0.002853 29 53 87
0.113213 0.082477 0.002536 29 53 87
0.099595 0.078646 0.001970 29 53 87
0.090598 0.076114 0.001596 29 53 87
0.086910 0.075077 0.001442 29 53 87
0.083262 0.074050 0.001291 29 53 87
0.078115 0.072602 0.001077 29 53 87
0.073535 0.071314 0.000886 29 53 87
0.070415 0.070435 0.000757 29 53 87
0.067983 0.069751 0.000655 29 53 87
0.065957 0.069181 0.000571 29 53 87
0.063525 0.068497 0.000470 29 53 87
0.061539 0.067938 0.000387 29 53 87
0.234474 0.116596 0.007578 29 53 87
0.242094 0.118740 0.007895 29 53 87
0.132667 0.087951 0.003345 29 53 87
0.131451 0.087609 0.003294 29 53 87
0.132342 0.087860 0.003332 29 53 87
0.134450 0.088453 0.003419 29 53 87
0.136557 0.089046 0.003507 29 53 87
0.136395 0.089000 0.003500 29 53 87
0.133801 0.088270 0.003392 29 53 87
0.121562 0.084826 0.002883 29 53 87
0.125371 0.085898 0.003042 29 53 87
0.124399 0.085625 0.003001 29 53 87
0.098925 0.078457 0.001942 29 53 87
0.094062 0.077089 0.001740 29 53 87
0.089759 0.075878 0.001561 29 53 87
0.086158 0.074865 0.001411 29 53 87
0.084007 0.074260 0.001322 29 53 87
0.080547 0.073286 0.001178 29 53 87
0.077227 0.072352 0.001040 29 53 87
0.080079 0.073155 0.001158 29 53 87
0.079892 0.073102 0.001151 29 53 87
0.076806 0.072234 0.001022 29 53 87
0.073766 0.071378 0.000896 29 53 87
0.070867 0.070563 0.000775 29 53 87
0.068435 0.069878 0.000674 29 53 87
0.271436 0.126996 0.009115 29 53 87
0.268069 0.126048 0.008975 29 53 87
0.144613 0.091312 0.003842 29 53 87
0.146297 0.091786 0.003912 29 53 87
0.147980 0.092260 0.003982 29 53 87
0.144426 0.091260 0.003834 29 53 87
0.140404 0.090128 0.003667 29 53 87
0.135634 0.088786 0.003468 29 53 87
0.136757 0.089102 0.003515 29 53 87
0.135634 0.088786 0.003468 29 53 87
0.135260 0.088681 0.003453 29 53 87
0.133016 0.088049 0.003360 29 53 87
0.124598 0.085681 0.003010 29 53 87
0.248344 0.375083 -0.273461 131 56 236
0.234181 0.351276 -0.257479 131 56 236
0.221187 0.329434 -0.242815 131 56 236
0.207247 0.306002 -0.227085 131 56 236
0.187554 0.272899 -0.204861 131 56 236
0.164660 0.234416 -0.179026 131 56 236
0.147278 0.205198 -0.159410 131 56 236
0.134201 0.183216 -0.144653 131 56 236
0.070397 0.075965 -0.072651 131 56 236
0.081438 0.094525 -0.085111 131 56 236
0.064973 0.066848 -0.066531 131 56 236
0.051725 0.044580 -0.051581 131 56 236
0.041531 0.027443 -0.040077 131 56 236
0.033039 0.013170 -0.030494 131 56 236
0.026174 0.001630 -0.022747 131 56 236
0.020389 -0.008094 -0.016219 131 56 236
0.015328 -0.016602 -0.010507 131 56 236
0.010800 -0.024213 -0.005398 131 56 236
-0.024238 -0.083109 0.034142 131 56 236
-0.034259 -0.099953 0.045450 131 56 236
-0.091567 -0.196284 0.110121 131 56 236
-0.103437 -0.216238 0.123517 131 56 236
-0.123547 -0.250041 0.146210 131 56 236
-0.143486 -0.283558 0.168711 131 56 236
-0.162938 -0.316254 0.190661 131 56 236
-0.176374 -0.338840 0.205824 131 56 236
0.253757 0.384183 -0.279570 131 56 236
0.239927 0.360935 -0.263963 131 56 236
0.224422 0.334871 -0.246465 131 56 236
0.204456 0.301310 -0.223934 131 56 236
0.184335 0.267488 -0.201228 131 56 236
0.165534 0.235885 -0.180012 131 56 236
0.145303 0.201879 -0.157182 131 56 236
0.111031 0.144269 -0.118506 131 56 236
0.089998 0.108914 -0.094771 131 56 236
0.072435 0.079391 -0.074951 131 56 236
0.059908 0.058334 -0.060815 131 56 236
0.048900 0.039830 -0.048392 131 56 236
0.040202 0.025210 -0.038577 131 56 236
0.032866 0.012879 -0.030299 131 56 236
0.026614 0.002369 -0.023243 131 56 236
0.021230 -0.006681 -0.017168 131 56 236
-0.000328 -0.042919 0.007160 131 56 236
-0.014124 -0.066109 0.022729 131 56 236
-0.024561 -0.083653 0.034507 131 56 236
-0.044521 -0.117204 0.057031 131 56 236
-0.086583 -0.187907 0.104497 131 56 236
-0.108204 -0.224250 0.128895 131 56 236
-0.128858 -0.258968 0.152203 131 56 236
-0.146251 -0.288206 0.171831 131 56 236
-0.162760 -0.315955 0.190461 131 56 236
-0.181197 -0.346947 0.211267 131 56 236
0.260775 0.395978 -0.287489 131 56 236
0.243449 0.366855 -0.267937 131 56 236
0.224251 0.334585 -0.246273 131 56 236
0.204921 0.302092 -0.224459 131 56 236
0.187554 0.272899 -0.204861 131 56 236
0.127210 0.171465 -0.136764 131 56 236
0.114313 0.149785 -0.122209 131 56 236
0.096372 0.119629 -0.101964 131 56 236
0.080982 0.093758 -0.084597 131 56 236
0.067515 0.071121 -0.069399 131 56 236
0.056219 0.052134 -0.056653 131 56 236
0.047163 0.036912 -0.046433 131 56 236
0.039346 0.023771 -0.037611 131 56 236
0.032690 0.012583 -0.030100 131 56 236
0.026798 0.002679 -0.023452 131 56 236
0.010890 -0.024062 -0.005499 131 56 236
0.000088 -0.042219 0.006691 131 56 236
-0.017014 -0.070967 0.025990 131 56 236
-0.032083 -0.096297 0.042995 131 56 236
-0.072864 -0.164847 0.089016 131 56 236
-0.092974 -0.198650 0.111709 131 56 236
-0.111778 -0.230259 0.132929 131 56 236
-0.130481 -0.261696 0.154035 131 56 236
-0.148854 -0.292581 0.174768 131 56 236
-0.164182 -0.318346 0.192066 131 56 236
-0.184477 -0.352460 0.214968 131 56 236
0.253958 0.384520 -0.279796 131 56 236
0.240113 0.361247 -0.264172 131 56 236
0.232763 0.348892 -0.255878 131 56 236
0.192979 0.282017 -0.210982 131 56 236
0.130168 0.176437 -0.140102 131 56 236
0.127522 0.171989 -0.137116 131 56 236
0.103562 0.131713 -0.110077 131 56 236
0.088145 0.105799 -0.092680 131 56 236
0.074388 0.082675 -0.077156 131 56 236
0.063142 0.063771 -0.064465 131 56 236
0.053638 0.047794 -0.053739 131 56 236
0.045035 0.033335 -0.044032 131 56 236
0.038254 0.021935 -0.036379 131 56 236
0.034228 0.015168 -0.031836 131 56 236
0.022662 -0.004274 -0.018784 131 56 236
0.011287 -0.023394 -0.005947 131 56 236
-0.006946 -0.054043 0.014629 131 56 236
-0.020249 -0.076404 0.029640 131 56 236
-0.057097 -0.138344 0.071223 131 56 236
-0.075928 -0.169997 0.092473 131 56 236
-0.095788 -0.203381 0.114885 131 56 236
-0.113897 -0.233820 0.135320 131 56 236
-0.131218 -0.262936 0.154867 131 56 236
-0.148041 -0.291213 0.173851 131 56 236
-0.167027 -0.323128 0.195276 131 56 236
-0.187178 -0.357001 0.218016 131 56 236
0.208647 0.308355 -0.228664 131 56 236
0.230289 0.344733 -0.253086 131 56 236
0.157437 0.222274 -0.170874 131 56 236
0.131483 0.178647 -0.141586 131 56 236
0.132198 0.179849 -0.142393 131 56 236
0.109858 0.142298 -0.117183 131 56 236
0.093414 0.114656 -0.098626 131 56 236
0.080390 0.092763 -0.083928 131 56 236
0.069106 0.073795 -0.071194 131 56 236
0.058833 0.056528 -0.059602 131 56 236
0.049679 0.041140 -0.049272 131 56 236
0.051828 0.044752 -0.051696 131 56 236
0.045408 0.033961 -0.044452 131 56 236
0.033927 0.014662 -0.031496 131 56 236
0.015073 -0.017029 -0.010220 131 56 236
0.003978 -0.035679 0.002300 131 56 236
-0.022295 -0.079844 0.031950 131 56 236
-0.041452 -0.112044 0.053567 131 56 236
-0.059447 -0.142293 0.073874 131 56 236
-0.078686 -0.174633 0.095585 131 56 236
-0.096375 -0.204366 0.115547 131 56 236
-0.113102 -0.232484 0.134424 131 56 236
-0.131514 -0.263432 0.155200 131 56 236
-0.149667 -0.293948 0.175686 131 56 236
-0.167738 -0.324323 0.196079 131 56 236
-0.183320 -0.350515 0.213662 131 56 236
0.146395 0.203713 -0.158414 131 56 236
0.138629 0.190659 -0.149650 131 56 236
0.144925 0.201243 -0.156755 131 56 236
0.128536 0.173694 -0.138260 131 56 236
0.116452 0.153381 -0.124623 131 56 236
0.099372 0.124671 -0.105350 131 56 236
0.086448 0.102947 -0.090765 131 56 236
0.074479 0.082828 -0.077258 131 56 236
0.062592 0.062846 -0.063843 131 56 236
0.055216 0.050448 -0.055520 131 56 236
0.068342 0.072511 -0.070332 131 56 236
0.056270 0.052220 -0.056710 131 56 236
0.044689 0.032753 -0.043641 131 56 236
0.024075 -0.001899 -0.020378 131 56 236
0.013763 -0.019233 -0.008741 131 56 236
-0.000328 -0.042919 0.007160 131 56 236
-0.011117 -0.061054 0.019335 131 56 236
-0.022082 -0.079485 0.031708 131 56 236
-0.034476 -0.100319 0.045695 131 56 236
-0.044930 -0.117891 0.057492 131 56 236
-0.066237 -0.153706 0.081537 131 56 236
-0.119458 -0.243167 0.141595 131 56 236
-0.132399 -0.264920 0.156199 131 56 236
-0.095013 -0.202077 0.114010 131 56 236
-0.112000 -0.230631 0.133179 131 56 236
-0.140104 -0.277873 0.164895 131 56 236
0.153512 0.215677 -0.166445 131 56 236
0.138073 0.189724 -0.149022 131 56 236
0.130711 0.177350 -0.140715 131 56 236
0.120704 0.160528 -0.129422 131 56 236
0.103295 0.131265 -0.109776 131 56 236
0.090447 0.109668 -0.095277 131 56 236
0.077672 0.088194 -0.080861 131 56 236
0.065921 0.068441 -0.067600 131 56 236
0.092501 0.113121 -0.097595 131 56 236
0.078865 0.090201 -0.082208 131 56 236
0.066497 0.069411 -0.068251 131 56 236
0.057139 0.053679 -0.057690 131 56 236
0.042391 0.028890 -0.041048 131 56 236
0.033566 0.014055 -0.031089 131 56 236
0.023258 -0.003272 -0.019456 131 56 236
0.011856 -0.022437 -0.006590 131 56 236
0.000712 -0.041170 0.005986 131 56 236
-0.011458 -0.061626 0.019719 131 56 236
-0.022764 -0.080632 0.032479 131 56 236
-0.033650 -0.098929 0.044763 131 56 236
-0.046258 -0.120123 0.058991 131 56 236
-0.059553 -0.142471 0.073994 131 56 236
-0.069543 -0.159264 0.085268 131 56 236
-0.082460 -0.180976 0.099844 131 56 236
-0.091190 -0.195652 0.109696 131 56 236
-0.077241 -0.172204 0.093955 131 56 236
-0.085314 -0.185773 0.103065 131 56 236
0.130757 0.177426 -0.140766 131 56 236
0.128805 0.174145 -0.138563 131 56 236
0.126881 0.170912 -0.136393 131 56 236
0.107986 0.139150 -0.115070 131 56 236
0.093777 0.115267 -0.099036 131 56 236
0.079024 0.090468 -0.082387 131 56 236
0.112722 0.147111 -0.120414 131 56 236
0.102803 0.130439 -0.109221 131 56 236
0.088886 0.107045 -0.093516 131 56 236
0.077322 0.087606 -0.080466 131 56 236
0.051606 0.044380 -0.051447 131 56 236
0.043252 0.030337 -0.042019 131 56 236
0.035499 0.017304 -0.033270 131 56 236
0.018071 -0.011990 -0.013603 131 56 236
-0.001013 -0.044070 0.007933 131 56 236
-0.020011 -0.076003 0.029371 131 56 236
-0.036651 -0.103975 0.048150 131 56 236
-0.053670 -0.132583 0.067356 131 56 236
-0.069017 -0.158380 0.084674 131 56 236
-0.085223 -0.185621 0.102962 131 56 236
-0.106694 -0.221713 0.127192 131 56 236
-0.094500 -0.201216 0.113431 131 56 236
-0.109015 -0.225614 0.129811 131 56 236
-0.068255 -0.157099 0.083814 131 56 236
-0.079641 -0.176239 0.096663 131 56 236
-0.085892 -0.186746 0.103718 131 56 236
0.124942 0.167653 -0.134205 131 56 236
0.130380 0.176793 -0.140341 131 56 236
0.111092 0.144372 -0.118576 131 56 236
0.094298 0.116143 -0.099624 131 56 236
0.082545 0.096386 -0.086361 131 56 236
0.126836 0.170835 -0.136341 131 56 236
0.115190 0.151260 -0.123200 131 56 236
0.100628 0.126782 -0.106767 131 56 236
0.092699 0.113454 -0.097819 131 56 236
0.061604 0.061186 -0.062729 131 56 236
0.066791 0.069904 -0.068582 131 56 236
0.053740 0.047966 -0.053854 131 56 236
0.035824 0.017851 -0.033637 131 56 236
0.017175 -0.013497 -0.012592 131 56 236
-0.001649 -0.045138 0.008650 131 56 236
-0.001161 -0.044318 0.008100 131 56 236
-0.014238 -0.066300 0.022857 131 56 236
-0.024921 -0.084257 0.034912 131 56 236
-0.037782 -0.105876 0.049426 131 56 236
-0.051875 -0.129566 0.065330 131 56 236
-0.071045 -0.161788 0.086962 131 56 236
-0.088609 -0.191312 0.106783 131 56 236
-0.082386 -0.180852 0.099760 131 56 236
-0.082244 -0.180613 0.099600 131 56 236
-0.065418 -0.152330 0.080612 131 56 236
-0.059655 -0.142642 0.074109 131 56 236
0.126847 0.170854 -0.136354 131 56 236
0.110454 0.143299 -0.117855 131 56 236
0.094453 0.116402 -0.099798 131 56 236
0.148854 0.207846 -0.161188 131 56 236
0.138986 0.191260 -0.150053 131 56 236
0.124277 0.166534 -0.133454 131 56 236
0.114587 0.150246 -0.122519 131 56 236
0.078758 0.090019 -0.082086 131 56 236
0.073206 0.080688 -0.075822 131 56 236
0.089045 0.107312 -0.093696 131 56 236
0.072612 0.079690 -0.075152 131 56 236
0.054969 0.050033 -0.055242 131 56 236
0.035994 0.018137 -0.033829 131 56 236
0.016528 -0.014584 -0.011862 131 56 236
0.011856 -0.022437 -0.006590 131 56 236
0.000649 -0.041275 0.006057 131 56 236
-0.008904 -0.057334 0.016838 131 56 236
-0.019566 -0.075256 0.028870 131 56 236
-0.031431 -0.095200 0.042259 131 56 236
-0.048045 -0.123127 0.061008 131 56 236
-0.062250 -0.147004 0.077037 131 56 236
-0.061400 -0.145577 0.076079 131 56 236
-0.050003 -0.126418 0.063217 131 56 236
-0.049630 -0.125792 0.062796 131 56 236
-0.046261 -0.120128 0.058994 131 56 236
-0.052179 -0.130076 0.065673 131 56 236
0.110206 0.142883 -0.117576 131 56 236
0.165784 0.236305 -0.180294 131 56 236
0.152756 0.214405 -0.165592 131 56 236
0.140323 0.193507 -0.151562 131 56 236
0.128349 0.173379 -0.138049 131 56 236
0.135449 0.185314 -0.146062 131 56 236
0.092448 0.113032 -0.097535 131 56 236
0.123840 0.165799 -0.132961 131 56 236
0.109219 0.141223 -0.116461 131 56 236
0.092340 0.112850 -0.097414 131 56 236
0.074315 0.082551 -0.077073 131 56 236
0.055518 0.050955 -0.055861 131 56 236
0.034686 0.015937 -0.032352 131 56 236
0.022991 -0.003721 -0.019155 131 56 236
0.012306 -0.021681 -0.007098 131 56 236
0.002584 -0.038023 0.003873 131 56 236
-0.007542 -0.055045 0.015301 131 56 236
-0.019314 -0.074833 0.028586 131 56 236
-0.031953 -0.096078 0.042848 131 56 236
-0.042938 -0.114543 0.055245 131 56 236
-0.040496 -0.110439 0.052489 131 56 236
-0.060407 -0.143908 0.074958 131 56 236
-0.037536 -0.105463 0.049149 131 56 236
-0.038000 -0.106242 0.049672 131 56 236
-0.057417 -0.138881 0.071584 131 56 236
-0.055266 -0.135265 0.069156 131 56 236
0.174664 0.251232 -0.190315 131 56 236
0.156608 0.220882 -0.169939 131 56 236
0.147819 0.206107 -0.160021 131 56 236
0.144356 0.200286 -0.156113 131 56 236
0.169154 0.241970 -0.184097 131 56 236
0.153860 0.216262 -0.166838 131 56 236
0.143090 0.198159 -0.154685 131 56 236
0.127653 0.172209 -0.137264 131 56 236
0.112177 0.146195 -0.119800 131 56 236
0.093717 0.115165 -0.098968 131 56 236
0.075030 0.083753 -0.077879 131 56 236
0.045569 0.034231 -0.044634 131 56 236
0.034029 0.014834 -0.031611 131 56 236
0.023104 -0.003530 -0.019283 131 56 236
0.011936 -0.022304 -0.006679 131 56 236
0.001919 -0.039142 0.004625 131 56 236
-0.009216 -0.057859 0.017190 131 56 236
-0.021219 -0.078035 0.030735 131 56 236
-0.033780 -0.099149 0.044910 131 56 236
-0.033542 -0.098748 0.044641 131 56 236
-0.049585 -0.125715 0.062745 131 56 236
-0.028698 -0.090606 0.039175 131 56 236
-0.051257 -0.128526 0.064632 131 56 236
-0.046296 -0.120187 0.059033 131 56 236
-0.046305 -0.120202 0.059044 131 56 236
-0.044317 -0.116861 0.056801 131 56 236
0.170654 0.244491 -0.185790 131 56 236
0.162818 0.231319 -0.176947 131 56 236
0.155479 0.218983 -0.168665 131 56 236
0.189234 0.275722 -0.206756 131 56 236
0.174647 0.251203 -0.190296 131 56 236
0.159236 0.225298 -0.172904 131 56 236
0.145833 0.202769 -0.157780 131 56 236
0.129559 0.175414 -0.139415 131 56 236
0.111984 0.145871 -0.119582 131 56 236
0.093668 0.115082 -0.098912 131 56 236
0.057156 0.053708 -0.057709 131 56 236
0.045049 0.033357 -0.044047 131 56 236
0.034003 0.014790 -0.031582 131 56 236
0.022633 -0.004321 -0.018752 131 56 236
0.010519 -0.024685 -0.005081 131 56 236
0.001419 -0.039981 0.005188 131 56 236
-0.011231 -0.061245 0.019463 131 56 236
-0.019099 -0.074471 0.028342 131 56 236
-0.023818 -0.082403 0.033668 131 56 236
-0.036963 -0.104500 0.048502 131 56 236
-0.040438 -0.110340 0.052423 131 56 236
-0.043924 -0.116200 0.056357 131 56 236
-0.037536 -0.105463 0.049149 131 56 236
-0.034950 -0.101115 0.046230 131 56 236
-0.035104 -0.101374 0.046404 131 56 236
-0.107886 -0.223716 0.128537 131 56 236
0.186393 0.270947 -0.203550 131 56 236
0.193217 0.282418 -0.211251 131 56 236
0.213527 0.316558 -0.234171 131 56 236
0.205541 0.303135 -0.225159 131 56 236
0.193153 0.282310 -0.211179 131 56 236
0.177893 0.256659 -0.193958 131 56 236
0.164392 0.233965 -0.178723 131 56 236
0.144509 0.200543 -0.156286 131 56 236
0.128527 0.173678 -0.138250 131 56 236
0.082081 0.095606 -0.085837 131 56 236
0.068071 0.072056 -0.070027 131 56 236
0.056713 0.052964 -0.057210 131 56 236
0.045285 0.033754 -0.044313 131 56 236
0.034148 0.015034 -0.031746 131 56 236
0.022565 -0.004436 -0.018675 131 56 236
0.010453 -0.024797 -0.005006 131 56 236
-0.000328 -0.042919 0.007160 131 56 236
-0.006946 -0.054043 0.014629 131 56 236
-0.020752 -0.077249 0.030208 131 56 236
-0.024993 -0.084378 0.034993 131 56 236
-0.028895 -0.090937 0.039397 131 56 236
-0.028477 -0.090234 0.038925 131 56 236
-0.022641 -0.080424 0.032339 131 56 236
-0.023226 -0.081408 0.033000 131 56 236
-0.074029 -0.166805 0.090331 131 56 236
-0.080264 -0.177285 0.097366 131 56 236
-0.096793 -0.205069 0.116018 131 56 236
0.233996 0.350965 -0.257270 131 56 236
0.222719 0.332009 -0.244544 131 56 236
0.205231 0.302613 -0.224809 131 56 236
0.192313 0.280898 -0.210231 131 56 236
0.178267 0.257288 -0.194381 131 56 236
0.160991 0.228248 -0.174885 131 56 236
0.148292 0.206902 -0.160554 131 56 236
0.090634 0.109983 -0.095489 131 56 236
0.080119 0.092309 -0.083623 131 56 236
0.068563 0.072883 -0.070582 131 56 236
0.056883 0.053250 -0.057402 131 56 236
0.045058 0.033373 -0.044057 131 56 236
0.033800 0.014449 -0.031353 131 56 236
0.022934 -0.003816 -0.019091 131 56 236
0.012796 -0.020857 -0.007650 131 56 236
0.004270 -0.035190 0.001972 131 56 236
-0.008479 -0.056619 0.016358 131 56 236
-0.009432 -0.058221 0.017433 131 56 236
-0.012768 -0.063829 0.021199 131 56 236
-0.017991 -0.072609 0.027093 131 56 236
-0.021558 -0.078604 0.031117 131 56 236
-0.008474 -0.056611 0.016352 131 56 236
-0.018579 -0.073596 0.027755 131 56 236
-0.070207 -0.160380 0.086017 131 56 236
-0.036215 -0.103242 0.047658 131 56 236
-0.033851 -0.099268 0.044990 131 56 236
0.170554 0.244323 -0.185677 131 56 236
0.161613 0.229294 -0.175587 131 56 236
0.153607 0.215836 -0.166552 131 56 236
0.145674 0.202502 -0.157600 131 56 236
0.132408 0.180202 -0.142629 131 56 236
0.123902 0.165904 -0.133031 131 56 236
0.109924 0.142409 -0.117258 131 56 236
0.104789 0.133777 -0.111463 131 56 236
0.097783 0.122001 -0.103557 131 56 236
0.078544 0.089660 -0.081845 131 56 236
0.064948 0.066807 -0.066503 131 56 236
0.050295 0.042177 -0.049968 131 56 236
0.039280 0.023660 -0.037537 131 56 236
0.033390 0.013759 -0.030890 131 56 236
0.025749 0.000915 -0.022267 131 56 236
0.025341 0.000230 -0.021807 131 56 236
0.022724 -0.004169 -0.018854 131 56 236
0.020361 -0.008141 -0.016187 131 56 236
0.017521 -0.012915 -0.012982 131 56 236
0.015454 -0.016390 -0.010650 131 56 236
0.013109 -0.020331 -0.008004 131 56 236
0.011189 -0.023558 -0.005837 131 56 236
0.006620 -0.031239 -0.000680 131 56 236
0.001227 -0.040304 0.005405 131 56 236
-0.003353 -0.048003 0.010573 131 56 236
-0.002457 -0.046496 0.009562 131 56 236
0.182082 0.263701 -0.198686 131 56 236
0.168842 0.241446 -0.183745 131 56 236
0.167651 0.239443 -0.182400 131 56 236
0.152653 0.214234 -0.165476 131 56 236
0.142065 0.196436 -0.153528 131 56 236
0.132640 0.180593 -0.142892 131 56 236
0.121827 0.162416 -0.130689 131 56 236
0.101006 0.127418 -0.107194 131 56 236
0.086940 0.103773 -0.091320 131 56 236
0.074525 0.082904 -0.077310 131 56 236
0.057965 0.055069 -0.058623 131 56 236
0.046414 0.035653 -0.045588 131 56 236
0.041398 0.027221 -0.039927 131 56 236
0.033019 0.013136 -0.030472 131 56 236
0.026248 0.001754 -0.022830 131 56 236
0.020515 -0.007882 -0.016361 131 56 236
0.022672 -0.004256 -0.018795 131 56 236
0.020169 -0.008463 -0.015971 131 56 236
0.017548 -0.012870 -0.013013 131 56 236
0.014736 -0.017596 -0.009840 131 56 236
0.010824 -0.024173 -0.005425 131 56 236
0.005091 -0.033808 0.001044 131 56 236
0.000496 -0.041533 0.006230 131 56 236
0.000822 -0.040986 0.005863 131 56 236
0.000226 -0.041987 0.006535 131 56 236
-0.111069 -0.229067 0.132129 131 56 236
-0.416972 -0.008647 0.002082 230 57 70
-0.346260 -0.007180 0.001729 230 57 70
-0.297364 -0.006166 0.001485 230 57 70
-0.197663 -0.004099 0.000987 230 57 70
-0.151249 -0.003136 0.000755 230 57 70
-0.131865 -0.002734 0.000658 230 57 70
-0.107460 -0.002228 0.000537 230 57 70
-0.100931 -0.002093 0.000504 230 57 70
-0.079379 -0.001646 0.000396 230 57 70
-0.062784 -0.001302 0.000314 230 57 70
-0.043950 -0.000911 0.000219 230 57 70
-0.012867 -0.000267 0.000064 230 57 70
-0.003735 -0.000077 0.000019 230 57 70
0.003825 0.000079 -0.000019 230 57 70
0.010515 0.000218 -0.000053 230 57 70
0.023439 0.000486 -0.000117 230 57 70
0.030974 0.000642 -0.000155 230 57 70
0.037339 0.000774 -0.000186 230 57 70
0.044122 0.000915 -0.000220 230 57 70
0.025631 0.000532 -0.000128 230 57 70
0.262402 0.005441 -0.001310 230 57 70
0.301778 0.006258 -0.001507 230 57 70
0.338986 0.007029 -0.001693 230 57 70
0.382692 0.007936 -0.001911 230 57 70
0.415753 0.008621 -0.002076 230 57 70
0.450351 0.009339 -0.002249 230 57 70
-0.355448 -0.007371 0.001775 230 57 70
-0.268012 -0.005558 0.001338 230 57 70
-0.193305 -0.004009 0.000965 230 57 70
-0.158128 -0.003279 0.000790 230 57 70
-0.142499 -0.002955 0.000712 230 57 70
-0.134500 -0.002789 0.000672 230 57 70
-0.112892 -0.002341 0.000564 230 57 70
-0.092179 -0.001911 0.000460 230 57 70
-0.075574 -0.001567 0.000377 230 57 70
-0.051142 -0.001061 0.000255 230 57 70
-0.019677 -0.000408 0.000098 230 57 70
-0.010642 -0.000221 0.000053 230 57 70
-0.003029 -0.000063 0.000015 230 57 70
0.003904 0.000081 -0.000019 230 57 70
0.010888 0.000226 -0.000054 230 57 70
0.018603 0.000386 -0.000093 230 57 70
0.028491 0.000591 -0.000142 230 57 70
0.022966 0.000476 -0.000115 230 57 70
0.030352 0.000629 -0.000152 230 57 70
0.230587 0.004782 -0.001151 230 57 70
0.268495 0.005568 -0.001341 230 57 70
0.309947 0.006427 -0.001548 230 57 70
0.347130 0.007198 -0.001733 230 57 70
0.379522 0.007870 -0.001895 230 57 70
0.368123 0.007634 -0.001838 230 57 70
0.367030 0.007611 -0.001833 230 57 70
-0.240702 -0.004991 0.001202 230 57 70
-0.191570 -0.003973 0.000957 230 57 70
-0.183770 -0.003811 0.000918 230 57 70
-0.157624 -0.003269 0.000787 230 57 70
-0.148181 -0.003073 0.000740 230 57 70
-0.124974 -0.002592 0.000624 230 57 70
-0.104521 -0.002167 0.000522 230 57 70
-0.074367 -0.001542 0.000371 230 57 70
-0.058549 -0.001214 0.000292 230 57 70
-0.045608 -0.000946 0.000228 230 57 70
-0.028200 -0.000585 0.000141 230 57 70
-0.010310 -0.000214 0.000051 230 57 70
-0.003843 -0.000080 0.000019 230 57 70
0.003656 0.000076 -0.000018 230 57 70
0.011976 0.000248 -0.000060 230 57 70
0.018226 0.000378 -0.000091 230 57 70
0.021887 0.000454 -0.000109 230 57 70
0.159126 0.003300 -0.000795 230 57 70
0.194000 0.004023 -0.000969 230 57 70
0.234070 0.004854 -0.001169 230 57 70
0.273255 0.005666 -0.001364 230 57 70
0.311667 0.006463 -0.001556 230 57 70
0.330123 0.006846 -0.001648 230 57 70
0.316402 0.006561 -0.001580 230 57 70
0.334349 0.006933 -0.001670 230 57 70
0.348236 0.007221 -0.001739 230 57 70
-0.214498 -0.004448 0.001071 230 57 70
-0.188862 -0.003916 0.000943 230 57 70
-0.182112 -0.003776 0.000909 230 57 70
-0.163416 -0.003389 0.000816 230 57 70
-0.136250 -0.002825 0.000680 230 57 70
-0.102881 -0.002133 0.000514 230 57 70
-0.084216 -0.001746 0.000421 230 57 70
-0.076210 -0.001580 0.000381 230 57 70
-0.059065 -0.001225 0.000295 230 57 70
-0.037620 -0.000780 0.000188 230 57 70
-0.023909 -0.000496 0.000119 230 57 70
-0.011955 -0.000248 0.000060 230 57 70
-0.004979 -0.000103 0.000025 230 57 70
0.003368 0.000070 -0.000017 230 57 70
0.011819 0.000245 -0.000059 230 57 70
0.019635 0.000407 -0.000098 230 57 70
0.125598 0.002604 -0.000627 230 57 70
0.162394 0.003368 -0.000811 230 57 70
0.199368 0.004134 -0.000996 230 57 70
0.239211 0.004960 -0.001194 230 57 70
0.276873 0.005741 -0.001383 230 57 70
0.270178 0.005603 -0.001349 230 57 70
0.280779 0.005822 -0.001402 230 57 70
0.303725 0.006298 -0.001517 230 57 70
0.300286 0.006227 -0.001499 230 57 70
0.231085 0.004792 -0.001154 230 57 70
-0.203267 -0.004215 0.001015 230 57 70
-0.196536 -0.004076 0.000981 230 57 70
-0.171609 -0.003559 0.000857 230 57 70
-0.134834 -0.002796 0.000673 230 57 70
-0.114889 -0.002382 0.000574 230 57 70
-0.107745 -0.002234 0.000538 230 57 70
-0.088223 -0.001829 0.000441 230 57 70
-0.062621 -0.001299 0.000313 230 57 70
-0.046360 -0.000961 0.000231 230 57 70
-0.033731 -0.000699 0.000168 230 57 70
-0.018599 -0.000386 0.000093 230 57 70
-0.012784 -0.000265 0.000064 230 57 70
-0.004933 -0.000102 0.000025 230 57 70
0.003598 0.000075 -0.000018 230 57 70
0.060500 0.001255 -0.000302 230 57 70
0.094532 0.001960 -0.000472 230 57 70
0.129559 0.002687 -0.000647 230 57 70
0.166712 0.003457 -0.000832 230 57 70
0.203182 0.004213 -0.001015 230 57 70
0.221467 0.004592 -0.001106 230 57 70
0.228892 0.004746 -0.001143 230 57 70
0.250186 0.005188 -0.001249 230 57 70
0.261137 0.005415 -0.001304 230 57 70
0.211290 0.004381 -0.001055 230 57 70
0.196365 0.004072 -0.000981 230 57 70
0.215893 0.004477 -0.001078 230 57 70
-0.215149 -0.004461 0.001074 230 57 70
-0.179382 -0.003720 0.000896 230 57 70
-0.157513 -0.003266 0.000787 230 57 70
-0.145537 -0.003018 0.000727 230 57 70
-0.118979 -0.002467 0.000594 230 57 70
-0.088643 -0.001838 0.000443 230 57 70
-0.068764 -0.001426 0.000343 230 57 70
-0.054406 -0.001128 0.000272 230 57 70
-0.042813 -0.000888 0.000214 230 57 70
-0.035610 -0.000738 0.000178 230 57 70
-0.023190 -0.000481 0.000116 230 57 70
-0.014180 -0.000294 0.000071 230 57 70
-0.004073 -0.000084 0.000020 230 57 70
0.029876 0.000620 -0.000149 230 57 70
0.063337 0.001313 -0.000316 230 57 70
0.099261 0.002058 -0.000496 230 57 70
0.135363 0.002807 -0.000676 230 57 70
0.166712 0.003457 -0.000832 230 57 70
0.175071 0.003630 -0.000874 230 57 70
0.196592 0.004077 -0.000982 230 57 70
0.217278 0.004506 -0.001085 230 57 70
0.221488 0.004593 -0.001106 230 57 70
0.179097 0.003714 -0.000894 230 57 70
0.190954 0.003960 -0.000954 230 57 70
0.191457 0.003970 -0.000956 230 57 70
0.211664 0.004389 -0.001057 230 57 70
-0.202454 -0.004198 0.001011 230 57 70
-0.178629 -0.003704 0.000892 230 57 70
-0.150742 -0.003126 0.000753 230 57 70
-0.114311 -0.002370 0.000571 230 57 70
-0.091539 -0.001898 0.000457 230 57 70
-0.075418 -0.001564 0.000377 230 57 70
-0.061194 -0.001269 0.000306 230 57 70
-0.053178 -0.001103 0.000266 230 57 70
-0.042910 -0.000890 0.000214 230 57 70
-0.024882 -0.000516 0.000124 230 57 70
-0.023330 -0.000484 0.000116 230 57 70
-0.012604 -0.000261 0.000063 230 57 70
-0.035228 -0.000731 0.000176 230 57 70
-0.002701 -0.000056 0.000013 230 57 70
0.030834 0.000639 -0.000154 230 57 70
0.066433 0.001378 -0.000332 230 57 70
0.101491 0.002105 -0.000507 230 57 70
0.123202 0.002555 -0.000615 230 57 70
0.144306 0.002992 -0.000721 230 57 70
0.168149 0.003487 -0.000840 230 57 70
0.185481 0.003846 -0.000926 230 57 70
0.160253 0.003323 -0.000800 230 57 70
0.157106 0.003258 -0.000784 230 57 70
0.164605 0.003413 -0.000822 230 57 70
0.174315 0.003615 -0.000870 230 57 70
0.200839 0.004165 -0.001003 230 57 70
0.214170 0.004441 -0.001069 230 57 70
-0.131653 -0.002730 0.000657 230 57 70
-0.121147 -0.002512 0.000605 230 57 70
-0.111841 -0.002319 0.000558 230 57 70
-0.095425 -0.001979 0.000476 230 57 70
-0.079267 -0.001644 0.000396 230 57 70
-0.074353 -0.001542 0.000371 230 57 70
-0.062219 -0.001290 0.000311 230 57 70
-0.051642 -0.001071 0.000258 230 57 70
-0.039814 -0.000826 0.000199 230 57 70
-0.038038 -0.000789 0.000190 230 57 70
-0.068572 -0.001422 0.000342 230 57 70
-0.035873 -0.000744 0.000179 230 57 70
-0.002909 -0.000060 0.000015 230 57 70
0.031977 0.000663 -0.000160 230 57 70
0.067809 0.001406 -0.000339 230 57 70
0.092640 0.001921 -0.000463 230 57 70
0.113897 0.002362 -0.000569 230 57 70
0.138588 0.002874 -0.000692 230 57 70
0.145970 0.003027 -0.000729 230 57 70
0.132332 0.002744 -0.000661 230 57 70
0.140452 0.002913 -0.000701 230 57 70
0.142918 0.002964 -0.000714 230 57 70
0.167719 0.003478 -0.000837 230 57 70
0.182767 0.003790 -0.000913 230 57 70
0.200839 0.004165 -0.001003 230 57 70
0.205713 0.004266 -0.001027 230 57 70
-0.122782 -0.002546 0.000613 230 57 70
-0.114601 -0.002376 0.000572 230 57 70
-0.098850 -0.002050 0.000494 230 57 70
-0.096936 -0.002010 0.000484 230 57 70
-0.084891 -0.001760 0.000424 230 57 70
-0.072985 -0.001513 0.000364 230 57 70
-0.060927 -0.001263 0.000304 230 57 70
-0.047189 -0.000979 0.000236 230 57 70
-0.037106 -0.000769 0.000185 230 57 70
-0.101118 -0.002097 0.000505 230 57 70
-0.069070 -0.001432 0.000345 230 57 70
-0.037501 -0.000778 0.000187 230 57 70
-0.003364 -0.000070 0.000017 230 57 70
0.032677 0.000678 -0.000163 230 57 70
0.070431 0.001461 -0.000352 230 57 70
0.103923 0.002155 -0.000519 230 57 70
0.114634 0.002377 -0.000572 230 57 70
0.110172 0.002285 -0.000550 230 57 70
0.118424 0.002456 -0.000591 230 57 70
0.116330 0.002412 -0.000581 230 57 70
0.132646 0.002751 -0.000662 230 57 70
0.147647 0.003062 -0.000737 230 57 70
0.167120 0.003466 -0.000835 230 57 70
0.181974 0.003774 -0.000909 230 57 70
0.181210 0.003758 -0.000905 230 57 70
0.178774 0.003707 -0.000893 230 57 70
-0.118225 -0.002452 0.000590 230 57 70
-0.115203 -0.002389 0.000575 230 57 70
-0.106106 -0.002200 0.000530 230 57 70
-0.094921 -0.001968 0.000474 230 57 70
-0.080801 -0.001676 0.000403 230 57 70
-0.065942 -0.001367 0.000329 230 57 70
-0.049884 -0.001034 0.000249 230 57 70
-0.159282 -0.003303 0.000795 230 57 70
-0.132479 -0.002747 0.000662 230 57 70
-0.104312 -0.002163 0.000521 230 57 70
-0.072995 -0.001514 0.000364 230 57 70
-0.039466 -0.000818 0.000197 230 57 70
-0.003603 -0.000075 0.000018 230 57 70
0.032898 0.000682 -0.000164 230 57 70
0.070302 0.001458 -0.000351 230 57 70
0.091221 0.001892 -0.000456 230 57 70
0.088562 0.001836 -0.000442 230 57 70
0.091443 0.001896 -0.000457 230 57 70
0.101402 0.002103 -0.000506 230 57 70
0.119646 0.002481 -0.000597 230 57 70
0.131789 0.002733 -0.000658 230 57 70
0.137114 0.002843 -0.000685 230 57 70
0.144963 0.003006 -0.000724 230 57 70
0.158733 0.003292 -0.000793 230 57 70
0.135744 0.002815 -0.000678 230 57 70
0.134216 0.002783 -0.000670 230 57 70
-0.130920 -0.002715 0.000654 230 57 70
-0.115880 -0.002403 0.000579 230 57 70
-0.101822 -0.002111 0.000508 230 57 70
-0.079686 -0.001652 0.000398 230 57 70
-0.070063 -0.001453 0.000350 230 57 70
-0.058240 -0.001208 0.000291 230 57 70
-0.191601 -0.003973 0.000957 230 57 70
-0.162894 -0.003378 0.000813 230 57 70
-0.139057 -0.002884 0.000694 230 57 70
-0.108464 -0.002249 0.000542 230 57 70
-0.075316 -0.001562 0.000376 230 57 70
-0.040295 -0.000836 0.000201 230 57 70
-0.003646 -0.000076 0.000018 230 57 70
0.033672 0.000698 -0.000168 230 57 70
0.072452 0.001502 -0.000362 230 57 70
0.064028 0.001328 -0.000320 230 57 70
0.073084 0.001516 -0.000365 230 57 70
0.088000 0.001825 -0.000439 230 57 70
0.102461 0.002125 -0.000512 230 57 70
0.113676 0.002357 -0.000568 230 57 70
0.119698 0.002482 -0.000598 230 57 70
0.131740 0.002732 -0.000658 230 57 70
0.119932 0.002487 -0.000599 230 57 70
0.118392 0.002455 -0.000591 230 57 70
0.119290 0.002474 -0.000596 230 57 70
0.123645 0.002564 -0.000617 230 57 70
-0.122213 -0.002534 0.000610 230 57 70
-0.106250 -0.002203 0.000531 230 57 70
-0.090352 -0.001874 0.000451 230 57 70
-0.074335 -0.001541 0.000371 230 57 70
-0.249421 -0.005172 0.001245 230 57 70
-0.225461 -0.004675 0.001126 230 57 70
-0.202042 -0.004190 0.001009 230 57 70
-0.176565 -0.003661 0.000882 230 57 70
-0.144486 -0.002996 0.000721 230 57 70
-0.110620 -0.002294 0.000552 230 57 70
-0.076588 -0.001588 0.000382 230 57 70
-0.040817 -0.000846 0.000204 230 57 70
-0.003732 -0.000077 0.000019 230 57 70
0.033340 0.000691 -0.000166 230 57 70
0.048591 0.001008 -0.000243 230 57 70
0.066156 0.001372 -0.000330 230 57 70
0.077829 0.001614 -0.000389 230 57 70
0.090451 0.001876 -0.000452 230 57 70
0.109807 0.002277 -0.000548 230 57 70
0.107209 0.002223 -0.000535 230 57 70
0.117699 0.002441 -0.000588 230 57 70
0.125935 0.002611 -0.000629 230 57 70
0.104602 0.002169 -0.000522 230 57 70
0.107497 0.002229 -0.000537 230 57 70
0.129393 0.002683 -0.000646 230 57 70
0.138837 0.002879 -0.000693 230 57 70
-0.111064 -0.002303 0.000555 230 57 70
-0.092557 -0.001919 0.000462 230 57 70
-0.075980 -0.001576 0.000379 230 57 70
-0.284417 -0.005898 0.001420 230 57 70
-0.256109 -0.005311 0.001279 230 57 70
-0.232051 -0.004812 0.001159 230 57 70
-0.211869 -0.004393 0.001058 230 57 70
-0.176823 -0.003667 0.000883 230 57 70
-0.145217 -0.003011 0.000725 230 57 70
-0.116528 -0.002416 0.000582 230 57 70
-0.079241 -0.001643 0.000396 230 57 70
-0.040940 -0.000849 0.000204 230 57 70
-0.003646 -0.000076 0.000018 230 57 70
0.034427 0.000714 -0.000172 230 57 70
0.072366 0.001501 -0.000361 230 57 70
0.062136 0.001289 -0.000310 230 57 70
0.078151 0.001621 -0.000390 230 57 70
0.091618 0.001900 -0.000457 230 57 70
0.093138 0.001931 -0.000465 230 57 70
0.107540 0.002230 -0.000537 230 57 70
0.098659 0.002046 -0.000493 230 57 70
0.092938 0.001927 -0.000464 230 57 70
0.118974 0.002467 -0.000594 230 57 70
0.120967 0.002508 -0.000604 230 57 70
0.126579 0.002625 -0.000632 230 57 70
0.112994 0.002343 -0.000564 230 57 70
-0.093567 -0.001940 0.000467 230 57 70
-0.074048 -0.001536 0.000370 230 57 70
-0.341033 -0.007072 0.001703 230 57 70
-0.322313 -0.006684 0.001609 230 57 70
-0.300779 -0.006237 0.001502 230 57 70
-0.275972 -0.005723 0.001378 230 57 70
-0.243807 -0.005056 0.001217 230 57 70
-0.211409 -0.004384 0.001056 230 57 70
-0.178629 -0.003704 0.000892 230 57 70
-0.145635 -0.003020 0.000727 230 57 70
-0.110380 -0.002289 0.000551 230 57 70
-0.074708 -0.001549 0.000373 230 57 70
-0.040786 -0.000846 0.000204 230 57 70
-0.003818 -0.000079 0.000019 230 57 70
0.033561 0.000696 -0.000168 230 57 70
0.066433 0.001378 -0.000332 230 57 70
0.096559 0.002002 -0.000482 230 57 70
0.079165 0.001642 -0.000395 230 57 70
0.083274 0.001727 -0.000416 230 57 70
0.088335 0.001832 -0.000441 230 57 70
0.096347 0.001998 -0.000481 230 57 70
0.099992 0.002074 -0.000499 230 57 70
0.106051 0.002199 -0.000530 230 57 70
0.108913 0.002258 -0.000544 230 57 70
0.110799 0.002298 -0.000553 230 57 70
0.111785 0.002318 -0.000558 230 57 70
0.114874 0.002382 -0.000574 230 57 70
-0.367628 -0.007623 0.001836 230 57 70
-0.347667 -0.007209 0.001736 230 57 70
-0.329867 -0.006840 0.001647 230 57 70
-0.308733 -0.006402 0.001542 230 57 70
-0.279012 -0.005786 0.001393 230 57 70
-0.232051 -0.004812 0.001159 230 57 70
-0.194365 -0.004030 0.000971 230 57 70
-0.156445 -0.003244 0.000781 230 57 70
-0.122247 -0.002535 0.000610 230 57 70
-0.093134 -0.001931 0.000465 230 57 70
-0.068020 -0.001411 0.000340 230 57 70
-0.036088 -0.000748 0.000180 230 57 70
-0.002915 -0.000060 0.000015 230 57 70
0.029876 0.000620 -0.000149 230 57 70
0.061789 0.001281 -0.000309 230 57 70
0.090343 0.001873 -0.000451 230 57 70
0.065069 0.001349 -0.000325 230 57 70
0.073005 0.001514 -0.000365 230 57 70
0.080565 0.001671 -0.000402 230 57 70
0.086563 0.001795 -0.000432 230 57 70
0.092329 0.001915 -0.000461 230 57 70
0.097130 0.002014 -0.000485 230 57 70
0.092565 0.001919 -0.000462 230 57 70
0.098518 0.002043 -0.000492 230 57 70
0.101465 0.002104 -0.000507 230 57 70
0.104067 0.002158 -0.000520 230 57 70
-0.425435 -0.008822 0.002124 230 57 70
-0.404946 -0.008397 0.002022 230 57 70
-0.377793 -0.007834 0.001886 230 57 70
-0.347243 -0.007201 0.001734 230 57 70
-0.288735 -0.005987 0.001442 230 57 70
-0.252056 -0.005227 0.001259 230 57 70
-0.209965 -0.004354 0.001048 230 57 70
-0.173329 -0.003594 0.000866 230 57 70
-0.135808 -0.002816 0.000678 230 57 70
-0.106271 -0.002204 0.000531 230 57 70
-0.076366 -0.001584 0.000381 230 57 70
-0.044029 -0.000913 0.000220 230 57 70
-0.019167 -0.000397 0.000096 230 57 70
0.001083 0.000022 -0.000005 230 57 70
0.017466 0.000362 -0.000087 230 57 70
0.031458 0.000652 -0.000157 230 57 70
0.047881 0.000993 -0.000239 230 57 70
0.063227 0.001311 -0.000316 230 57 70
0.078606 0.001630 -0.000393 230 57 70
0.084167 0.001745 -0.000420 230 57 70
0.088055 0.001826 -0.000440 230 57 70
0.099468 0.002063 -0.000497 230 57 70
0.101429 0.002103 -0.000506 230 57 70
0.098134 0.002035 -0.000490 230 57 70
0.099971 0.002073 -0.000499 230 57 70
0.099949 0.002073 -0.000499 230 57 70
-0.445943 -0.009247 0.002227 230 57 70
-0.418790 -0.008684 0.002091 230 57 70
-0.380833 -0.007897 0.001902 230 57 70
-0.340444 -0.007060 0.001700 230 57 70
-0.302825 -0.006280 0.001512 230 57 70
-0.252664 -0.005239 0.001262 230 57 70
-0.212281 -0.004402 0.001060 230 57 70
-0.181620 -0.003766 0.000907 230 57 70
-0.139806 -0.002899 0.000698 230 57 70
-0.096665 -0.002005 0.000483 230 57 70
-0.054010 -0.001120 0.000270 230 57 70
-0.033693 -0.000699 0.000168 230 57 70
-0.015159 -0.000314 0.000076 230 57 70
0.001283 0.000027 -0.000006 230 57 70
0.017660 0.000366 -0.000088 230 57 70
0.032081 0.000665 -0.000160 230 57 70
0.047543 0.000986 -0.000237 230 57 70
0.060002 0.001244 -0.000300 230 57 70
0.069270 0.001436 -0.000346 230 57 70
0.075480 0.001565 -0.000377 230 57 70
0.076033 0.001577 -0.000380 230 57 70
0.078953 0.001637 -0.000394 230 57 70
0.088424 0.001834 -0.000442 230 57 70
0.091188 0.001891 -0.000455 230 57 70
0.092378 0.001916 -0.000461 230 57 70
0.431557 0.008949 -0.002155 230 57 70
-0.451228 0.007846 0.013467 230 57 70
-0.425021 0.007390 0.012685 230 57 70
-0.400251 0.006960 0.011946 230 57 70
-0.373915 0.006502 0.011160 230 57 70
-0.343895 0.005980 0.010264 230 57 70
-0.313213 0.005446 0.009348 230 57 70
-0.273918 0.004763 0.008175 230 57 70
-0.237324 0.004127 0.007083 230 57 70
-0.110657 0.001924 0.003303 230 57 70
-0.075217 0.001308 0.002245 230 57 70
-0.056506 0.000983 0.001686 230 57 70
-0.037506 0.000652 0.001119 230 57 70
-0.016462 0.000286 0.000491 230 57 70
-0.000123 0.000002 0.000004 230 57 70
0.012744 -0.000222 -0.000380 230 57 70
0.022428 -0.000390 -0.000669 230 57 70
0.033475 -0.000582 -0.000999 230 57 70
0.045296 -0.000788 -0.001352 230 57 70
0.049234 -0.000856 -0.001469 230 57 70
0.054317 -0.000944 -0.001621 230 57 70
0.053726 -0.000934 -0.001603 230 57 70
0.047779 -0.000831 -0.001426 230 57 70
0.052133 -0.000907 -0.001556 230 57 70
0.057976 -0.001008 -0.001730 230 57 70
0.061273 -0.001065 -0.001829 230 57 70
0.420656 -0.007314 -0.012555 230 57 70
-0.458386 0.007971 0.013681 230 57 70
-0.429834 0.007474 0.012829 230 57 70
-0.409091 0.007113 0.012210 230 57 70
-0.383982 0.006677 0.011460 230 57 70
-0.356161 0.006193 0.010630 230 57 70
-0.315239 0.005481 0.009408 230 57 70
-0.279793 0.004865 0.008351 230 57 70
-0.119687 0.002081 0.003572 230 57 70
-0.114589 0.001993 0.003420 230 57 70
-0.082157 0.001429 0.002452 230 57 70
-0.057623 0.001002 0.001720 230 57 70
-0.032810 0.000571 0.000979 230 57 70
-0.015096 0.000262 0.000451 230 57 70
0.000741 -0.000013 -0.000022 230 57 70
0.011787 -0.000205 -0.000352 230 57 70
0.024018 -0.000418 -0.000717 230 57 70
0.031264 -0.000544 -0.000933 230 57 70
0.039587 -0.000688 -0.001181 230 57 70
0.045589 -0.000793 -0.001361 230 57 70
0.041856 -0.000728 -0.001249 230 57 70
0.042248 -0.000735 -0.001261 230 57 70
0.046589 -0.000810 -0.001390 230 57 70
0.052240 -0.000908 -0.001559 230 57 70
0.350224 -0.006090 -0.010453 230 57 70
0.400066 -0.006956 -0.011940 230 57 70
0.439128 -0.007636 -0.013106 230 57 70
-0.464893 0.008084 0.013875 230 57 70
-0.450890 0.007840 0.013457 230 57 70
-0.421246 0.007325 0.012572 230 57 70
-0.390023 0.006782 0.011640 230 57 70
-0.357978 0.006225 0.010684 230 57 70
-0.319291 0.005552 0.009529 230 57 70
-0.284066 0.004939 0.008478 230 57 70
-0.215531 0.003748 0.006433 230 57 70
-0.114073 0.001984 0.003405 230 57 70
-0.081479 0.001417 0.002432 230 57 70
-0.049642 0.000863 0.001482 230 57 70
-0.034163 0.000594 0.001020 230 57 70
-0.010538 0.000183 0.000315 230 57 70
0.000515 -0.000009 -0.000015 230 57 70
0.012279 -0.000214 -0.000366 230 57 70
0.021751 -0.000378 -0.000649 230 57 70
0.030234 -0.000526 -0.000902 230 57 70
0.034936 -0.000607 -0.001043 230 57 70
0.032554 -0.000566 -0.000972 230 57 70
0.036262 -0.000631 -0.001082 230 57 70
0.041046 -0.000714 -0.001225 230 57 70
0.045923 -0.000799 -0.001371 230 57 70
0.326841 -0.005683 -0.009755 230 57 70
0.366063 -0.006365 -0.010925 230 57 70
0.403240 -0.007012 -0.012035 230 57 70
0.444137 -0.007723 -0.013255 230 57 70
-0.488970 0.008502 0.014594 230 57 70
-0.453598 0.007887 0.013538 230 57 70
-0.415721 0.007229 0.012407 230 57 70
-0.395560 0.006878 0.011806 230 57 70
-0.359341 0.006248 0.010725 230 57 70
-0.313821 0.005457 0.009366 230 57 70
-0.271426 0.004720 0.008101 230 57 70
-0.140022 0.002435 0.004179 230 57 70
-0.179950 0.003129 0.005371 230 57 70
-0.077878 0.001354 0.002324 230 57 70
-0.047408 0.000824 0.001415 230 57 70
-0.028749 0.000500 0.000858 230 57 70
-0.012487 0.000217 0.000373 230 57 70
0.000733 -0.000013 -0.000022 230 57 70
0.011510 -0.000200 -0.000344 230 57 70
0.019764 -0.000344 -0.000590 230 57 70
0.025338 -0.000441 -0.000756 230 57 70
0.025935 -0.000451 -0.000774 230 57 70
0.029755 -0.000517 -0.000888 230 57 70
0.034055 -0.000592 -0.001016 230 57 70
0.260541 -0.004530 -0.007776 230 57 70
0.298633 -0.005193 -0.008913 230 57 70
0.331151 -0.005758 -0.009883 230 57 70
0.356296 -0.006195 -0.010634 230 57 70
0.402086 -0.006992 -0.012000 230 57 70
0.443511 -0.007712 -0.013237 230 57 70
-0.460989 0.008016 0.013758 230 57 70
-0.408176 0.007097 0.012182 230 57 70
-0.372073 0.006470 0.011105 230 57 70
-0.351262 0.006108 0.010484 230 57 70
-0.319137 0.005549 0.009525 230 57 70
-0.286067 0.004974 0.008538 230 57 70
-0.252911 0.004398 0.007548 230 57 70
-0.221670 0.003854 0.006616 230 57 70
-0.087903 0.001528 0.002624 230 57 70
-0.063633 0.001106 0.001899 230 57 70
-0.041223 0.000717 0.001230 230 57 70
-0.024743 0.000430 0.000738 230 57 70
-0.010185 0.000177 0.000304 230 57 70
0.001131 -0.000020 -0.000034 230 57 70
0.010124 -0.000176 -0.000302 230 57 70
0.016756 -0.000291 -0.000500 230 57 70
0.019514 -0.000339 -0.000582 230 57 70
0.023863 -0.000415 -0.000712 230 57 70
0.027422 -0.000477 -0.000818 230 57 70
0.225568 -0.003922 -0.006732 230 57 70
0.254451 -0.004424 -0.007594 230 57 70
0.283378 -0.004927 -0.008458 230 57 70
0.317983 -0.005529 -0.009490 230 57 70
0.361047 -0.006278 -0.010776 230 57 70
0.421994 -0.007338 -0.012595 230 57 70
0.466679 -0.008115 -0.013928 230 57 70
-0.331169 0.005758 0.009884 230 57 70
-0.293117 0.005097 0.008748 230 57 70
-0.201074 0.003496 0.006001 230 57 70
-0.170671 0.002968 0.005094 230 57 70
-0.149350 0.002597 0.004457 230 57 70
-0.124506 0.002165 0.003716 230 57 70
-0.100875 0.001754 0.003011 230 57 70
-0.058375 0.001015 0.001742 230 57 70
-0.042524 0.000739 0.001269 230 57 70
-0.033316 0.000579 0.000994 230 57 70
-0.024184 0.000421 0.000722 230 57 70
-0.013334 0.000232 0.000398 230 57 70
-0.005834 0.000101 0.000174 230 57 70
0.001877 -0.000033 -0.000056 230 57 70
0.008674 -0.000151 -0.000259 230 57 70
0.014726 -0.000256 -0.000439 230 57 70
0.019446 -0.000338 -0.000580 230 57 70
0.023230 -0.000404 -0.000693 230 57 70
0.150010 -0.002608 -0.004477 230 57 70
0.190852 -0.003319 -0.005696 230 57 70
0.231203 -0.004020 -0.006900 230 57 70
0.272340 -0.004736 -0.008128 230 57 70
0.309591 -0.005383 -0.009240 230 57 70
0.345037 -0.006000 -0.010298 230 57 70
0.308781 -0.005369 -0.009216 230 57 70
0.331685 -0.005767 -0.009899 230 57 70
0.348960 -0.006068 -0.010415 230 57 70
-0.262518 0.004565 0.007835 230 57 70
-0.232204 0.004038 0.006930 230 57 70
-0.183394 0.003189 0.005473 230 57 70
-0.173440 0.003016 0.005176 230 57 70
-0.147420 0.002563 0.004400 230 57 70
-0.054767 0.000952 0.001635 230 57 70
-0.048712 0.000847 0.001454 230 57 70
-0.046481 0.000808 0.001387 230 57 70
-0.039011 0.000678 0.001164 230 57 70
-0.028698 0.000499 0.000857 230 57 70
-0.019795 0.000344 0.000591 230 57 70
-0.012685 0.000221 0.000379 230 57 70
-0.005013 0.000087 0.000150 230 57 70
0.002013 -0.000035 -0.000060 230 57 70
0.008177 -0.000142 -0.000244 230 57 70
0.013952 -0.000243 -0.000416 230 57 70
0.128309 -0.002231 -0.003829 230 57 70
0.166223 -0.002890 -0.004961 230 57 70
0.205395 -0.003571 -0.006130 230 57 70
0.246286 -0.004282 -0.007351 230 57 70
0.284710 -0.004951 -0.008497 230 57 70
0.309591 -0.005383 -0.009240 230 57 70
0.326123 -0.005671 -0.009733 230 57 70
0.339929 -0.005911 -0.010145 230 57 70
0.359672 -0.006254 -0.010735 230 57 70
0.372754 -0.006482 -0.011125 230 57 70
-0.219245 0.003812 0.006543 230 57 70
-0.208591 0.003627 0.006226 230 57 70
-0.195963 0.003407 0.005849 230 57 70
-0.078739 0.001369 0.002350 230 57 70
-0.060823 0.001058 0.001815 230 57 70
-0.051526 0.000896 0.001538 230 57 70
-0.049603 0.000863 0.001480 230 57 70
-0.045675 0.000794 0.001363 230 57 70
-0.036143 0.000628 0.001079 230 57 70
-0.028333 0.000493 0.000846 230 57 70
-0.019356 0.000337 0.000578 230 57 70
-0.011124 0.000193 0.000332 230 57 70
-0.003892 0.000068 0.000116 230 57 70
0.002247 -0.000039 -0.000067 230 57 70
0.007620 -0.000132 -0.000227 230 57 70
0.098572 -0.001714 -0.002942 230 57 70
0.134663 -0.002342 -0.004019 230 57 70
0.175087 -0.003044 -0.005226 230 57 70
0.215420 -0.003746 -0.006429 230 57 70
0.253248 -0.004404 -0.007558 230 57 70
0.286803 -0.004987 -0.008560 230 57 70
0.311954 -0.005424 -0.009310 230 57 70
0.341924 -0.005945 -0.010205 230 57 70
0.355768 -0.006186 -0.010618 230 57 70
0.313507 -0.005451 -0.009357 230 57 70
0.256443 -0.004459 -0.007654 230 57 70
-0.235513 0.004095 0.007029 230 57 70
-0.197762 0.003439 0.005902 230 57 70
-0.163642 0.002845 0.004884 230 57 70
-0.071503 0.001243 0.002134 230 57 70
-0.065990 0.001147 0.001970 230 57 70
-0.061959 0.001077 0.001849 230 57 70
-0.054899 0.000955 0.001638 230 57 70
-0.044447 0.000773 0.001327 230 57 70
-0.035015 0.000609 0.001045 230 57 70
-0.024419 0.000425 0.000729 230 57 70
-0.016862 0.000293 0.000503 230 57 70
-0.009162 0.000159 0.000273 230 57 70
-0.002780 0.000048 0.000083 230 57 70
0.029540 -0.000514 -0.000882 230 57 70
0.065078 -0.001132 -0.001942 230 57 70
0.101678 -0.001768 -0.003035 230 57 70
0.141937 -0.002468 -0.004236 230 57 70
0.181503 -0.003156 -0.005417 230 57 70
0.220080 -0.003827 -0.006568 230 57 70
0.254408 -0.004424 -0.007593 230 57 70
0.282617 -0.004914 -0.008435 230 57 70
0.315177 -0.005480 -0.009407 230 57 70
0.294041 -0.005113 -0.008776 230 57 70
0.271032 -0.004713 -0.008089 230 57 70
0.207473 -0.003608 -0.006192 230 57 70
0.215273 -0.003743 -0.006425 230 57 70
-0.206068 0.003583 0.006150 230 57 70
-0.164222 0.002856 0.004901 230 57 70
-0.085877 0.001493 0.002563 230 57 70
-0.100196 0.001742 0.002990 230 57 70
-0.081720 0.001421 0.002439 230 57 70
-0.064896 0.001128 0.001937 230 57 70
-0.050181 0.000873 0.001498 230 57 70
-0.036160 0.000629 0.001079 230 57 70
-0.027054 0.000470 0.000807 230 57 70
-0.021014 0.000365 0.000627 230 57 70
-0.013331 0.000232 0.000398 230 57 70
-0.008002 0.000139 0.000239 230 57 70
-0.005200 0.000090 0.000155 230 57 70
0.030074 -0.000523 -0.000898 230 57 70
0.066282 -0.001153 -0.001978 230 57 70
0.105055 -0.001827 -0.003135 230 57 70
0.144516 -0.002513 -0.004313 230 57 70
0.181503 -0.003156 -0.005417 230 57 70
0.213161 -0.003706 -0.006362 230 57 70
0.209490 -0.003643 -0.006252 230 57 70
0.221148 -0.003845 -0.006600 230 57 70
0.232241 -0.004038 -0.006931 230 57 70
0.187500 -0.003260 -0.005596 230 57 70
0.191577 -0.003331 -0.005718 230 57 70
0.199827 -0.003475 -0.005964 230 57 70
0.230301 -0.004005 -0.006873 230 57 70
-0.189312 0.003292 0.005650 230 57 70
-0.134442 0.002338 0.004012 230 57 70
-0.111430 0.001938 0.003326 230 57 70
-0.088492 0.001539 0.002641 230 57 70
-0.075246 0.001308 0.002246 230 57 70
-0.049348 0.000858 0.001473 230 57 70
-0.038899 0.000676 0.001161 230 57 70
-0.032054 0.000557 0.000957 230 57 70
-0.023976 0.000417 0.000716 230 57 70
-0.017010 0.000296 0.000508 230 57 70
-0.073999 0.001287 0.002209 230 57 70
-0.040142 0.000698 0.001198 230 57 70
-0.005175 0.000090 0.000154 230 57 70
0.030664 -0.000533 -0.000915 230 57 70
0.068172 -0.001185 -0.002035 230 57 70
0.105933 -0.001842 -0.003162 230 57 70
0.141753 -0.002465 -0.004231 230 57 70
0.177537 -0.003087 -0.005299 230 57 70
0.170661 -0.002968 -0.005093 230 57 70
0.189931 -0.003303 -0.005669 230 57 70
0.194410 -0.003380 -0.005802 230 57 70
0.153494 -0.002669 -0.004581 230 57 70
0.166910 -0.002902 -0.004982 230 57 70
0.194348 -0.003379 -0.005800 230 57 70
0.207185 -0.003603 -0.006184 230 57 70
0.191948 -0.003338 -0.005729 230 57 70
-0.140019 0.002435 0.004179 230 57 70
-0.096089 0.001671 0.002868 230 57 70
-0.097687 0.001699 0.002916 230 57 70
-0.077040 0.001340 0.002299 230 57 70
-0.050431 0.000877 0.001505 230 57 70
-0.043372 0.000754 0.001294 230 57 70
-0.036718 0.000638 0.001096 230 57 70
-0.029829 0.000519 0.000890 230 57 70
-0.022768 0.000396 0.000680 230 57 70
-0.107621 0.001871 0.003212 230 57 70
-0.074551 0.001296 0.002225 230 57 70
-0.040388 0.000702 0.001205 230 57 70
-0.005335 0.000093 0.000159 230 57 70
0.031198 -0.000542 -0.000931 230 57 70
0.068172 -0.001185 -0.002035 230 57 70
0.103974 -0.001808 -0.003103 230 57 70
0.118180 -0.002055 -0.003527 230 57 70
0.137413 -0.002389 -0.004101 230 57 70
0.152024 -0.002643 -0.004537 230 57 70
0.129184 -0.002246 -0.003856 230 57 70
0.138555 -0.002409 -0.004135 230 57 70
0.151453 -0.002633 -0.004520 230 57 70
0.171938 -0.002990 -0.005132 230 57 70
0.185901 -0.003232 -0.005548 230 57 70
0.181217 -0.003151 -0.005409 230 57 70
0.192105 -0.003340 -0.005733 230 57 70
-0.126842 0.002206 0.003786 230 57 70
-0.106618 0.001854 0.003182 230 57 70
-0.067576 0.001175 0.002017 230 57 70
-0.053318 0.000927 0.001591 230 57 70
-0.045775 0.000796 0.001366 230 57 70
-0.039092 0.000680 0.001167 230 57 70
-0.032111 0.000558 0.000958 230 57 70
-0.024055 0.000418 0.000718 230 57 70
-0.172731 0.003003 0.005155 230 57 70
-0.142791 0.002483 0.004262 230 57 70
-0.108739 0.001891 0.003245 230 57 70
-0.075048 0.001305 0.002240 230 57 70
-0.040879 0.000711 0.001220 230 57 70
-0.005421 0.000094 0.000162 230 57 70
0.030958 -0.000538 -0.000924 230 57 70
0.064735 -0.001126 -0.001932 230 57 70
0.085472 -0.001486 -0.002551 230 57 70
0.106025 -0.001844 -0.003164 230 57 70
0.118751 -0.002065 -0.003544 230 57 70
0.105712 -0.001838 -0.003155 230 57 70
0.116338 -0.002023 -0.003472 230 57 70
0.138840 -0.002414 -0.004144 230 57 70
0.156180 -0.002716 -0.004661 230 57 70
0.164516 -0.002861 -0.004910 230 57 70
0.169931 -0.002955 -0.005072 230 57 70
0.149768 -0.002604 -0.004470 230 57 70
0.139350 -0.002423 -0.004159 230 57 70
-0.100895 0.001754 0.003011 230 57 70
-0.064279 0.001118 0.001918 230 57 70
-0.057078 0.000992 0.001704 230 57 70
-0.050487 0.000878 0.001507 230 57 70
-0.044270 0.000770 0.001321 230 57 70
-0.034888 0.000607 0.001041 230 57 70
-0.203867 0.003545 0.006085 230 57 70
-0.178532 0.003104 0.005328 230 57 70
-0.145400 0.002528 0.004340 230 57 70
-0.112011 0.001948 0.003343 230 57 70
-0.078087 0.001358 0.002331 230 57 70
-0.042138 0.000733 0.001258 230 57 70
-0.005556 0.000097 0.000166 230 57 70
0.026815 -0.000466 -0.000800 230 57 70
0.054722 -0.000952 -0.001633 230 57 70
0.075545 -0.001314 -0.002255 230 57 70
0.075361 -0.001310 -0.002249 230 57 70
0.084575 -0.001471 -0.002524 230 57 70
0.100911 -0.001755 -0.003012 230 57 70
0.120813 -0.002101 -0.003606 230 57 70
0.134654 -0.002341 -0.004019 230 57 70
0.153494 -0.002669 -0.004581 230 57 70
0.142490 -0.002478 -0.004253 230 57 70
0.125187 -0.002177 -0.003736 230 57 70
0.122862 -0.002136 -0.003667 230 57 70
0.130270 -0.002265 -0.003888 230 57 70
-0.067870 0.001180 0.002026 230 57 70
-0.061797 0.001075 0.001844 230 57 70
-0.054281 0.000944 0.001620 230 57 70
-0.047592 0.000828 0.001420 230 57 70
-0.040494 0.000704 0.001209 230 57 70
-0.240271 0.004178 0.007171 230 57 70
-0.215991 0.003756 0.006446 230 57 70
-0.183173 0.003185 0.005467 230 57 70
-0.150514 0.002617 0.004492 230 57 70
-0.115522 0.002009 0.003448 230 57 70
-0.080131 0.001393 0.002392 230 57 70
-0.041892 0.000728 0.001250 230 57 70
-0.003966 0.000069 0.000118 230 57 70
0.024862 -0.000432 -0.000742 230 57 70
0.046213 -0.000804 -0.001379 230 57 70
0.051505 -0.000896 -0.001537 230 57 70
0.065738 -0.001143 -0.001962 230 57 70
0.086967 -0.001512 -0.002596 230 57 70
0.104723 -0.001821 -0.003126 230 57 70
0.114929 -0.001998 -0.003430 230 57 70
0.090693 -0.001577 -0.002707 230 57 70
0.098919 -0.001720 -0.002952 230 57 70
0.106517 -0.001852 -0.003179 230 57 70
0.112517 -0.001956 -0.003358 230 57 70
0.123367 -0.002145 -0.003682 230 57 70
0.108981 -0.001895 -0.003253 230 57 70
-0.066732 0.001160 0.001992 230 57 70
-0.059692 0.001038 0.001782 230 57 70
-0.051415 0.000894 0.001535 230 57 70
-0.293925 0.005111 0.008772 230 57 70
-0.278571 0.004844 0.008314 230 57 70
-0.250774 0.004361 0.007484 230 57 70
-0.219982 0.003825 0.006565 230 57 70
-0.188201 0.003272 0.005617 230 57 70
-0.154584 0.002688 0.004614 230 57 70
-0.119034 0.002070 0.003553 230 57 70
-0.082120 0.001428 0.002451 230 57 70
-0.035446 0.000616 0.001058 230 57 70
-0.003401 0.000059 0.000102 230 57 70
0.019024 -0.000331 -0.000568 230 57 70
0.033794 -0.000588 -0.001009 230 57 70
0.050087 -0.000871 -0.001495 230 57 70
0.069698 -0.001212 -0.002080 230 57 70
0.084167 -0.001464 -0.002512 230 57 70
0.096110 -0.001671 -0.002868 230 57 70
0.079542 -0.001383 -0.002374 230 57 70
0.087838 -0.001527 -0.002622 230 57 70
0.093548 -0.001627 -0.002792 230 57 70
0.113401 -0.001972 -0.003385 230 57 70
0.100902 -0.001755 -0.003011 230 57 70
0.072009 -0.001252 -0.002149 230 57 70
0.073054 -0.001270 -0.002180 230 57 70
-0.066325 0.001153 0.001979 230 57 70
-0.058338 0.001014 0.001741 230 57 70
-0.330623 0.005749 0.009868 230 57 70
-0.319364 0.005553 0.009532 230 57 70
-0.287485 0.004999 0.008580 230 57 70
-0.256471 0.004460 0.007655 230 57 70
-0.226734 0.003943 0.006767 230 57 70
-0.195162 0.003394 0.005825 230 57 70
-0.158863 0.002762 0.004741 230 57 70
-0.123263 0.002143 0.003679 230 57 70
-0.084441 0.001468 0.002520 230 57 70
-0.046220 0.000804 0.001379 230 57 70
-0.001117 0.000019 0.000033 230 57 70
0.016980 -0.000295 -0.000507 230 57 70
0.035943 -0.000625 -0.001073 230 57 70
0.053227 -0.000926 -0.001589 230 57 70
0.062285 -0.001083 -0.001859 230 57 70
0.065913 -0.001146 -0.001967 230 57 70
0.068366 -0.001189 -0.002040 230 57 70
0.073823 -0.001284 -0.002203 230 57 70
0.090217 -0.001569 -0.002693 230 57 70
0.090002 -0.001565 -0.002686 230 57 70
0.095804 -0.001666 -0.002859 230 57 70
0.090409 -0.001572 -0.002698 230 57 70
0.070422 -0.001225 -0.002102 230 57 70
0.072506 -0.001261 -0.002164 230 57 70
0.191962 0.330141 -0.270046 42 157 143
0.148337 0.265143 -0.207002 42 157 143
0.138762 0.250877 -0.193165 42 157 143
0.130017 0.237847 -0.180528 42 157 143
0.118549 0.220760 -0.163954 42 157 143
0.112018 0.211030 -0.154517 42 157 143
0.093919 0.184062 -0.128360 42 157 143
0.082763 0.167441 -0.112238 42 157 143
0.065035 0.141026 -0.086618 42 157 143
0.058222 0.130875 -0.076772 42 157 143
0.047736 0.115252 -0.061620 42 157 143
0.040844 0.104982 -0.051658 42 157 143
0.035253 0.096652 -0.043579 42 157 143
0.027985 0.085824 -0.033076 42 157 143
0.017561 0.070292 -0.018011 42 157 143
0.006094 0.053207 -0.001441 42 157 143
-0.005917 0.035311 0.015917 42 157 143
-0.023815 0.008644 0.041783 42 157 143
-0.075829 -0.068855 0.116951 42 157 143
-0.099008 -0.103391 0.150448 42 157 143
-0.114948 -0.127140 0.173483 42 157 143
-0.122611 -0.138558 0.184557 42 157 143
-0.091196 -0.091751 0.139158 42 157 143
-0.099951 -0.104795 0.151810 42 157 143
-0.112852 -0.124018 0.170455 42 157 143
-0.128538 -0.147389 0.193123 42 157 143
0.153872 0.273390 -0.215002 42 157 143
0.142501 0.256447 -0.198568 42 157 143
0.132948 0.242214 -0.184763 42 157 143
0.120333 0.223419 -0.166533 42 157 143
0.109885 0.207850 -0.151433 42 157 143
0.093832 0.183932 -0.128234 42 157 143
0.083059 0.167881 -0.112666 42 157 143
0.074688 0.155409 -0.100569 42 157 143
0.062195 0.136794 -0.082514 42 157 143
0.060315 0.133994 -0.079798 42 157 143
0.053011 0.123112 -0.069243 42 157 143
0.048138 0.115851 -0.062200 42 157 143
0.039341 0.102743 -0.049486 42 157 143
0.028425 0.086480 -0.033712 42 157 143
0.016428 0.068604 -0.016375 42 157 143
0.002986 0.048575 0.003052 42 157 143
-0.033989 -0.006516 0.056486 42 157 143
-0.052610 -0.034259 0.083396 42 157 143
-0.068772 -0.058340 0.106752 42 157 143
-0.083746 -0.080652 0.128393 42 157 143
-0.097989 -0.101872 0.148974 42 157 143
-0.077815 -0.071815 0.119821 42 157 143
-0.095919 -0.098789 0.145984 42 157 143
-0.109846 -0.119540 0.166111 42 157 143
-0.121202 -0.136458 0.182521 42 157 143
-0.130803 -0.150764 0.196396 42 157 143
0.257869 0.428340 -0.365291 42 157 143
0.192058 0.330286 -0.270186 42 157 143
0.187908 0.324102 -0.264188 42 157 143
0.121575 0.225268 -0.168327 42 157 143
0.105926 0.201952 -0.145712 42 157 143
0.072981 0.152865 -0.098101 42 157 143
0.063564 0.138835 -0.084493 42 157 143
0.056318 0.128038 -0.074021 42 157 143
0.049455 0.117813 -0.064104 42 157 143
0.043568 0.109041 -0.055595 42 157 143
0.038446 0.101410 -0.048194 42 157 143
0.033962 0.094729 -0.041714 42 157 143
0.030022 0.088858 -0.036019 42 157 143
0.026359 0.083400 -0.030726 42 157 143
0.022987 0.078377 -0.025853 42 157 143
-0.007138 0.033491 0.017682 42 157 143
-0.019757 0.014689 0.035919 42 157 143
-0.029980 -0.000542 0.050692 42 157 143
-0.052892 -0.034681 0.083804 42 157 143
-0.067449 -0.056370 0.104841 42 157 143
-0.092669 -0.093946 0.141287 42 157 143
-0.115899 -0.128557 0.174857 42 157 143
-0.137489 -0.160725 0.206058 42 157 143
-0.149516 -0.178646 0.223440 42 157 143
-0.172247 -0.212514 0.256289 42 157 143
-0.200812 -0.255074 0.297569 42 157 143
0.205015 0.349590 -0.288910 42 157 143
0.150019 0.267648 -0.209433 42 157 143
0.129587 0.237206 -0.179906 42 157 143
0.118595 0.220829 -0.164021 42 157 143
0.083966 0.169233 -0.113977 42 157 143
0.069716 0.148001 -0.093384 42 157 143
0.061047 0.135084 -0.080855 42 157 143
0.054148 0.124805 -0.070885 42 157 143
0.048205 0.115950 -0.062296 42 157 143
0.042967 0.108146 -0.054727 42 157 143
0.038171 0.101000 -0.047796 42 157 143
0.034012 0.094804 -0.041786 42 157 143
0.029979 0.088794 -0.035957 42 157 143
0.026260 0.083254 -0.030584 42 157 143
0.016319 0.068442 -0.016217 42 157 143
0.003296 0.049039 0.002603 42 157 143
-0.008981 0.030745 0.020346 42 157 143
-0.021090 0.012704 0.037844 42 157 143
-0.032703 -0.004600 0.054628 42 157 143
-0.044489 -0.022159 0.071659 42 157 143
-0.051752 -0.032981 0.082156 42 157 143
-0.062380 -0.048817 0.097515 42 157 143
-0.077674 -0.071604 0.119617 42 157 143
-0.100643 -0.105827 0.152811 42 157 143
-0.177988 -0.221068 0.264586 42 157 143
-0.151563 -0.181696 0.226398 42 157 143
-0.152629 -0.183284 0.227938 42 157 143
0.152803 0.271796 -0.213456 42 157 143
0.141611 0.255121 -0.197282 42 157 143
0.165742 0.291076 -0.232156 42 157 143
0.129355 0.236860 -0.179571 42 157 143
0.111752 0.210632 -0.154131 42 157 143
0.067151 0.144180 -0.089677 42 157 143
0.058588 0.131421 -0.077302 42 157 143
0.052482 0.122324 -0.068478 42 157 143
0.046827 0.113897 -0.060305 42 157 143
0.042264 0.107098 -0.053711 42 157 143
0.038000 0.100746 -0.047549 42 157 143
0.033717 0.094364 -0.041359 42 157 143
0.029592 0.088218 -0.035399 42 157 143
0.012801 0.063199 -0.011132 42 157 143
-0.002639 0.040196 0.011180 42 157 143
-0.017064 0.018702 0.032027 42 157 143
-0.027782 0.002733 0.047515 42 157 143
-0.050002 -0.030373 0.079626 42 157 143
-0.041796 -0.018147 0.067767 42 157 143
-0.054423 -0.036960 0.086015 42 157 143
-0.068701 -0.058235 0.106650 42 157 143
-0.087848 -0.086764 0.134321 42 157 143
-0.106942 -0.115211 0.161913 42 157 143
-0.128509 -0.147347 0.193082 42 157 143
-0.139988 -0.164449 0.209670 42 157 143
-0.148717 -0.177455 0.222284 42 157 143
0.149486 0.266854 -0.208662 42 157 143
0.159614 0.281944 -0.223299 42 157 143
0.137581 0.249117 -0.191459 42 157 143
0.116526 0.217746 -0.161031 42 157 143
0.104581 0.199949 -0.143769 42 157 143
0.064020 0.139515 -0.085152 42 157 143
0.056949 0.128978 -0.074933 42 157 143
0.051549 0.120932 -0.067129 42 157 143
0.046997 0.114150 -0.060550 42 157 143
0.042298 0.107149 -0.053760 42 157 143
0.037147 0.099475 -0.046317 42 157 143
0.047123 0.114338 -0.060733 42 157 143
0.030040 0.088886 -0.036046 42 157 143
0.016731 0.069055 -0.016812 42 157 143
0.002971 0.048554 0.003072 42 157 143
-0.014599 0.022374 0.028465 42 157 143
-0.037926 -0.012381 0.062175 42 157 143
-0.055908 -0.039174 0.088162 42 157 143
-0.048714 -0.028454 0.077765 42 157 143
-0.062598 -0.049142 0.097831 42 157 143
-0.080654 -0.076044 0.123923 42 157 143
-0.101273 -0.106765 0.153721 42 157 143
-0.116547 -0.129522 0.175794 42 157 143
-0.127468 -0.145795 0.191576 42 157 143
-0.142075 -0.167559 0.212686 42 157 143
-0.109285 -0.118703 0.165300 42 157 143
0.160613 0.283433 -0.224743 42 157 143
0.145172 0.260427 -0.202428 42 157 143
0.121048 0.224483 -0.167566 42 157 143
0.107049 0.203626 -0.147335 42 157 143
0.098233 0.190489 -0.134594 42 157 143
0.062921 0.137877 -0.083564 42 157 143
0.056744 0.128673 -0.074637 42 157 143
0.051877 0.121421 -0.067603 42 157 143
0.046340 0.113171 -0.059601 42 157 143
0.082693 0.167335 -0.112136 42 157 143
0.066216 0.142786 -0.088325 42 157 143
0.039230 0.102577 -0.049326 42 157 143
0.028320 0.086323 -0.033561 42 157 143
0.016561 0.068803 -0.016567 42 157 143
0.003890 0.049923 0.001745 42 157 143
-0.010136 0.029025 0.022015 42 157 143
-0.027872 0.002598 0.047646 42 157 143
-0.048544 -0.028202 0.077520 42 157 143
-0.066636 -0.055158 0.103665 42 157 143
-0.095847 -0.098680 0.145879 42 157 143
-0.096049 -0.098981 0.146171 42 157 143
-0.111447 -0.121925 0.168424 42 157 143
-0.056397 -0.039902 0.088868 42 157 143
-0.061496 -0.047500 0.096238 42 157 143
-0.104503 -0.111578 0.158389 42 157 143
-0.117316 -0.130668 0.176905 42 157 143
0.156868 0.277854 -0.219331 42 157 143
0.128850 0.236109 -0.178841 42 157 143
0.113009 0.212505 -0.155947 42 157 143
0.100262 0.193514 -0.137527 42 157 143
0.089045 0.176801 -0.121317 42 157 143
0.062888 0.137827 -0.083516 42 157 143
0.057798 0.130243 -0.076160 42 157 143
0.062248 0.136874 -0.082591 42 157 143
0.101668 0.195609 -0.139559 42 157 143
0.085317 0.171245 -0.115929 42 157 143
0.050645 0.119586 -0.065824 42 157 143
0.039532 0.103028 -0.049764 42 157 143
0.028278 0.086260 -0.033499 42 157 143
0.016816 0.069182 -0.016935 42 157 143
0.004257 0.050470 0.001214 42 157 143
-0.010314 0.028760 0.022271 42 157 143
-0.027025 0.003861 0.046421 42 157 143
-0.045437 -0.023573 0.073030 42 157 143
-0.071929 -0.063044 0.111314 42 157 143
-0.079495 -0.074317 0.122249 42 157 143
-0.041228 -0.017301 0.066948 42 157 143
-0.046374 -0.024968 0.074384 42 157 143
-0.054507 -0.037087 0.086138 42 157 143
-0.086756 -0.085136 0.132742 42 157 143
-0.095110 -0.097583 0.144814 42 157 143
-0.094872 -0.097228 0.144470 42 157 143
0.138145 0.249956 -0.192273 42 157 143
0.118316 0.220412 -0.163617 42 157 143
0.104242 0.199443 -0.143279 42 157 143
0.093889 0.184018 -0.128317 42 157 143
0.080269 0.163724 -0.108634 42 157 143
0.068850 0.146711 -0.092132 42 157 143
0.136915 0.248125 -0.190496 42 157 143
0.121969 0.225855 -0.168896 42 157 143
0.073081 0.153015 -0.098247 42 157 143
0.062118 0.136680 -0.082403 42 157 143
0.051699 0.121156 -0.067346 42 157 143
0.040239 0.104081 -0.050785 42 157 143
0.028276 0.086257 -0.033496 42 157 143
0.016907 0.069317 -0.017066 42 157 143
0.004455 0.050765 0.000928 42 157 143
-0.009514 0.029951 0.021116 42 157 143
-0.026237 0.005034 0.045283 42 157 143
-0.055602 -0.038717 0.087719 42 157 143
-0.025498 0.006135 0.044216 42 157 143
-0.030985 -0.002040 0.052145 42 157 143
-0.041979 -0.018420 0.068033 42 157 143
-0.055559 -0.038654 0.087658 42 157 143
-0.065687 -0.053744 0.102294 42 157 143
-0.078510 -0.072850 0.120825 42 157 143
-0.085337 -0.083022 0.130691 42 157 143
-0.096725 -0.099989 0.147148 42 157 143
0.121454 0.225088 -0.168152 42 157 143
0.108424 0.205674 -0.149322 42 157 143
0.099519 0.192405 -0.136452 42 157 143
0.087268 0.174152 -0.118748 42 157 143
0.074854 0.155656 -0.100808 42 157 143
0.156618 0.277481 -0.218969 42 157 143
0.145091 0.260306 -0.202311 42 157 143
0.084324 0.169766 -0.114494 42 157 143
0.073528 0.153680 -0.098892 42 157 143
0.062958 0.137931 -0.083616 42 157 143
0.052063 0.121698 -0.067872 42 157 143
0.039724 0.103314 -0.050041 42 157 143
0.028308 0.086305 -0.033543 42 157 143
0.016816 0.069182 -0.016935 42 157 143
0.004173 0.050344 0.001337 42 157 143
-0.010491 0.028495 0.022528 42 157 143
-0.038531 -0.013283 0.063050 42 157 143
-0.049004 -0.028888 0.078185 42 157 143
-0.035156 -0.008254 0.058172 42 157 143
-0.037908 -0.012354 0.062149 42 157 143
-0.041353 -0.017488 0.067128 42 157 143
-0.048776 -0.028548 0.077855 42 157 143
-0.062774 -0.049404 0.098084 42 157 143
-0.072260 -0.063537 0.111793 42 157 143
-0.077367 -0.071147 0.119174 42 157 143
-0.066250 -0.054583 0.103108 42 157 143
0.112520 0.211777 -0.155241 42 157 143
0.103033 0.197642 -0.141531 42 157 143
0.089571 0.177584 -0.122077 42 157 143
0.072287 0.151832 -0.097099 42 157 143
0.186519 0.322032 -0.262181 42 157 143
0.178436 0.309989 -0.250500 42 157 143
0.105100 0.200722 -0.144519 42 157 143
0.096087 0.187292 -0.131493 42 157 143
0.086189 0.172545 -0.117189 42 157 143
0.075724 0.156952 -0.102066 42 157 143
0.064007 0.139495 -0.085133 42 157 143
0.051826 0.121346 -0.067530 42 157 143
0.040380 0.104292 -0.050989 42 157 143
0.028379 0.086410 -0.033645 42 157 143
0.016901 0.069308 -0.017057 42 157 143
0.004540 0.050891 0.000806 42 157 143
-0.010403 0.028628 0.022400 42 157 143
-0.012520 0.025472 0.025460 42 157 143
-0.021158 0.012602 0.037943 42 157 143
-0.025359 0.006343 0.044014 42 157 143
-0.029459 0.000234 0.049939 42 157 143
-0.034657 -0.007511 0.057452 42 157 143
-0.052592 -0.034232 0.083369 42 157 143
-0.059310 -0.044242 0.093078 42 157 143
-0.063059 -0.049828 0.098496 42 157 143
-0.065792 -0.053900 0.102446 42 157 143
-0.056418 -0.039934 0.088899 42 157 143
0.101660 0.195597 -0.139548 42 157 143
0.085920 0.172145 -0.116801 42 157 143
0.213198 0.361783 -0.300737 42 157 143
0.190403 0.327819 -0.267794 42 157 143
0.117947 0.219863 -0.163085 42 157 143
0.108437 0.205694 -0.149341 42 157 143
0.096995 0.188645 -0.132806 42 157 143
0.085723 0.171850 -0.116515 42 157 143
0.075518 0.156646 -0.101768 42 157 143
0.064217 0.139808 -0.085437 42 157 143
0.052335 0.122104 -0.068265 42 157 143
0.039098 0.102382 -0.049136 42 157 143
0.028419 0.086471 -0.033704 42 157 143
0.015853 0.067747 -0.015543 42 157 143
-0.000236 0.043775 0.007708 42 157 143
-0.000810 0.042921 0.008537 42 157 143
-0.025329 0.006388 0.043971 42 157 143
-0.011589 0.026861 0.024114 42 157 143
-0.017420 0.018172 0.032540 42 157 143
-0.023300 0.009411 0.041039 42 157 143
-0.039288 -0.014411 0.064144 42 157 143
-0.045597 -0.023810 0.073261 42 157 143
-0.050728 -0.031456 0.080677 42 157 143
-0.053554 -0.035666 0.084759 42 157 143
-0.055355 -0.038350 0.087363 42 157 143
-0.051476 -0.032571 0.081757 42 157 143
0.101125 0.194799 -0.138775 42 157 143
0.246774 0.411809 -0.349258 42 157 143
0.139867 0.252522 -0.194761 42 157 143
0.128408 0.235450 -0.178202 42 157 143
0.119679 0.222444 -0.165588 42 157 143
0.109725 0.207613 -0.151202 42 157 143
0.098762 0.191277 -0.135358 42 157 143
0.087630 0.174692 -0.119272 42 157 143
0.075930 0.157259 -0.102363 42 157 143
0.061987 0.136484 -0.082213 42 157 143
0.051863 0.121400 -0.067583 42 157 143
0.040703 0.104773 -0.051456 42 157 143
0.028389 0.086425 -0.033660 42 157 143
0.018403 0.071546 -0.019228 42 157 143
0.009938 0.058934 -0.006995 42 157 143
0.004142 0.050299 0.001380 42 157 143
-0.002088 0.041015 0.010385 42 157 143
-0.008367 0.031661 0.019458 42 157 143
-0.012660 0.025263 0.025663 42 157 143
-0.027933 0.002508 0.047734 42 157 143
-0.034063 -0.006625 0.056592 42 157 143
-0.039238 -0.014336 0.064071 42 157 143
-0.042698 -0.019491 0.069071 42 157 143
-0.043354 -0.020469 0.070019 42 157 143
-0.045915 -0.024284 0.073720 42 157 143
-0.037063 -0.011095 0.060928 42 157 143
0.262576 0.435354 -0.372095 42 157 143
0.166736 0.292556 -0.233591 42 157 143
0.149573 0.266984 -0.208788 42 157 143
0.141522 0.254988 -0.197153 42 157 143
0.134160 0.244019 -0.186514 42 157 143
0.124609 0.229789 -0.172712 42 157 143
0.111833 0.210753 -0.154248 42 157 143
0.102143 0.196315 -0.140245 42 157 143
0.087164 0.173998 -0.118598 42 157 143
0.073459 0.153578 -0.098792 42 157 143
0.063876 0.139300 -0.084944 42 157 143
0.051245 0.120480 -0.066690 42 157 143
0.038785 0.101916 -0.048684 42 157 143
0.027691 0.085385 -0.032650 42 157 143
0.018784 0.072114 -0.019779 42 157 143
0.005953 0.052997 -0.001237 42 157 143
0.005541 0.052383 -0.000641 42 157 143
0.000258 0.044512 0.006993 42 157 143
-0.005969 0.035233 0.015993 42 157 143
-0.018395 0.016720 0.033950 42 157 143
-0.024499 0.007624 0.042772 42 157 143
-0.029588 0.000041 0.050126 42 157 143
-0.031713 -0.003124 0.053197 42 157 143
-0.035573 -0.008875 0.058775 42 157 143
-0.040576 -0.016330 0.066005 42 157 143
-0.056114 -0.039481 0.088460 42 157 143
-0.085915 -0.083882 0.131526 42 157 143
0.172275 0.300809 -0.241596 42 157 143
0.161790 0.285187 -0.226444 42 157 143
0.154478 0.274293 -0.215877 42 157 143
0.147067 0.263251 -0.205167 42 157 143
0.138118 0.249917 -0.192235 42 157 143
0.131338 0.239814 -0.182435 42 157 143
0.112125 0.211189 -0.154671 42 157 143
0.093210 0.183006 -0.127336 42 157 143
0.081314 0.165281 -0.110144 42 157 143
0.071880 0.151225 -0.096511 42 157 143
0.061068 0.135116 -0.080886 42 157 143
0.048538 0.116446 -0.062778 42 157 143
0.039260 0.102622 -0.049370 42 157 143
0.027703 0.085403 -0.032668 42 157 143
0.017076 0.069570 -0.017311 42 157 143
0.013697 0.064535 -0.012427 42 157 143
0.006318 0.053541 -0.001765 42 157 143
-0.003527 0.038872 0.012463 42 157 143
-0.009747 0.029604 0.021453 42 157 143
-0.015330 0.021286 0.029521 42 157 143
-0.019076 0.015705 0.034934 42 157 143
-0.024019 0.008340 0.042077 42 157 143
-0.043124 -0.020126 0.069687 42 157 143
-0.045375 -0.023480 0.072940 42 157 143
-0.050168 -0.030622 0.079867 42 157 143
-0.193399 -0.244029 0.286857 42 157 143
0.171419 0.299534 -0.240359 42 157 143
0.166043 0.291524 -0.232590 42 157 143
0.160201 0.282820 -0.224148 42 157 143
0.151785 0.270280 -0.211985 42 157 143
0.144094 0.258820 -0.200870 42 157 143
0.120479 0.223635 -0.166743 42 157 143
0.101119 0.194790 -0.138766 42 157 143
0.090232 0.178569 -0.123033 42 157 143
0.079703 0.162881 -0.107816 42 157 143
0.069615 0.147851 -0.093238 42 157 143
0.056712 0.128625 -0.074590 42 157 143
0.050446 0.119289 -0.065535 42 157 143
0.036918 0.099133 -0.045986 42 157 143
0.028034 0.085896 -0.033146 42 157 143
0.018300 0.071392 -0.019079 42 157 143
0.013838 0.064745 -0.012632 42 157 143
0.005441 0.052234 -0.000497 42 157 143
-0.000620 0.043203 0.008262 42 157 143
-0.005605 0.035776 0.015467 42 157 143
-0.011128 0.027546 0.023449 42 157 143
-0.032893 -0.004882 0.054902 42 157 143
-0.043919 -0.021311 0.070836 42 157 143
-0.054075 -0.036443 0.085513 42 157 143
-0.065451 -0.053392 0.101953 42 157 143
-0.162949 -0.198660 0.242851 42 157 143
-0.113918 -0.125606 0.171995 42 157 143
0.187575 0.323605 -0.263707 42 157 143
0.181079 0.313926 -0.254319 42 157 143
0.172283 0.300821 -0.241608 42 157 143
0.154765 0.274720 -0.216291 42 157 143
0.125794 0.231555 -0.174424 42 157 143
0.107888 0.204876 -0.148548 42 157 143
0.097431 0.189295 -0.133436 42 157 143
0.085690 0.171802 -0.116469 42 157 143
0.075379 0.156438 -0.101567 42 157 143
0.068517 0.146214 -0.091651 42 157 143
0.060701 0.134568 -0.080355 42 157 143
0.043233 0.108542 -0.055111 42 157 143
0.034930 0.096171 -0.043112 42 157 143
0.027381 0.084923 -0.032203 42 157 143
0.020783 0.075092 -0.022667 42 157 143
0.013633 0.064440 -0.012336 42 157 143
0.007507 0.055311 -0.003481 42 157 143
-0.000832 0.042888 0.008569 42 157 143
-0.016440 0.019631 0.031126 42 157 143
-0.027495 0.003161 0.047101 42 157 143
-0.038507 -0.013247 0.063015 42 157 143
-0.047799 -0.027092 0.076443 42 157 143
-0.104895 -0.112161 0.158955 42 157 143
-0.093701 -0.095483 0.142778 42 157 143
-0.098620 -0.102813 0.149888 42 157 143
-0.117419 -0.130822 0.177054 42 157 143
0.150427 0.405465 -0.436403 244 162 97
0.139470 0.372824 -0.399945 244 162 97
0.128198 0.339243 -0.362437 244 162 97
0.117478 0.307307 -0.326767 244 162 97
0.106063 0.273302 -0.288785 244 162 97
0.071755 0.171096 -0.174628 244 162 97
0.083594 0.206365 -0.214021 244 162 97
0.049568 0.104996 -0.100799 244 162 97
0.071043 0.168973 -0.172257 244 162 97
0.038006 0.070552 -0.062327 244 162 97
0.035248 0.062336 -0.053150 244 162 97
0.036879 0.067196 -0.058579 244 162 97
0.034997 0.061590 -0.052317 244 162 97
0.030859 0.049261 -0.038547 244 162 97
0.026622 0.036639 -0.024449 244 162 97
0.022276 0.023693 -0.009988 244 162 97
0.017840 0.010478 0.004772 244 162 97
0.012921 -0.004177 0.021141 244 162 97
0.008191 -0.018268 0.036879 244 162 97
0.004048 -0.030610 0.050664 244 162 97
0.001091 -0.039419 0.060503 244 162 97
-0.002365 -0.049717 0.072005 244 162 97
-0.013056 -0.081566 0.107578 244 162 97
-0.062790 -0.229727 0.273065 244 162 97
-0.073654 -0.262093 0.309215 244 162 97
-0.086214 -0.299510 0.351007 244 162 97
0.149336 0.402216 -0.432774 244 162 97
0.138882 0.371072 -0.397988 244 162 97
0.126115 0.333037 -0.355505 244 162 97
0.109815 0.284479 -0.301269 244 162 97
0.103081 0.264419 -0.278864 244 162 97
0.093342 0.235405 -0.246457 244 162 97
0.082351 0.202661 -0.209885 244 162 97
0.072458 0.173190 -0.176967 244 162 97
0.038465 0.071920 -0.063855 244 162 97
0.036869 0.067165 -0.058545 244 162 97
0.035860 0.064162 -0.055190 244 162 97
0.034067 0.058817 -0.049220 244 162 97
0.032166 0.053155 -0.042896 244 162 97
0.030256 0.047465 -0.036540 244 162 97
0.028286 0.041597 -0.029986 244 162 97
0.021592 0.021654 -0.007712 244 162 97
0.015982 0.004943 0.010954 244 162 97
0.010760 -0.010614 0.028330 244 162 97
0.005145 -0.027343 0.047015 244 162 97
0.005506 -0.026268 0.045814 244 162 97
0.002128 -0.036331 0.057054 244 162 97
-0.006566 -0.062231 0.085983 244 162 97
-0.051708 -0.196714 0.236191 244 162 97
-0.065518 -0.237855 0.282142 244 162 97
-0.078006 -0.275057 0.323695 244 162 97
-0.087001 -0.301854 0.353626 244 162 97
0.146792 0.394636 -0.424307 244 162 97
0.134849 0.359057 -0.384568 244 162 97
0.123568 0.325451 -0.347032 244 162 97
0.070516 0.167405 -0.170506 244 162 97
0.065587 0.152719 -0.154102 244 162 97
0.061853 0.141596 -0.141679 244 162 97
0.049731 0.105484 -0.101344 244 162 97
0.040683 0.078530 -0.071238 244 162 97
0.044037 0.088520 -0.082396 244 162 97
0.046882 0.096994 -0.091862 244 162 97
0.043640 0.087337 -0.081075 244 162 97
0.038685 0.072575 -0.064587 244 162 97
0.035036 0.061705 -0.052445 244 162 97
0.030901 0.049387 -0.038687 244 162 97
0.026074 0.035007 -0.022626 244 162 97
0.022714 0.024998 -0.011446 244 162 97
0.022339 0.023879 -0.010196 244 162 97
0.013094 -0.003662 0.020564 244 162 97
0.009471 -0.014455 0.032620 244 162 97
0.005390 -0.026612 0.046199 244 162 97
-0.003958 -0.054462 0.077305 244 162 97
-0.045755 -0.178978 0.216381 244 162 97
-0.056523 -0.211057 0.252212 244 162 97
-0.069279 -0.249057 0.294655 244 162 97
-0.077926 -0.274817 0.323427 244 162 97
-0.086302 -0.299770 0.351298 244 162 97
0.145610 0.391116 -0.420376 244 162 97
0.079733 0.194861 -0.201172 244 162 97
0.073993 0.177762 -0.182073 244 162 97
0.068653 0.161855 -0.164307 244 162 97
0.054484 0.119644 -0.117160 244 162 97
0.044793 0.090773 -0.084912 244 162 97
0.043777 0.087745 -0.081530 244 162 97
0.055805 0.123577 -0.121553 244 162 97
0.051473 0.110671 -0.107138 244 162 97
0.048018 0.100381 -0.095644 244 162 97
0.043707 0.087537 -0.081298 244 162 97
0.040019 0.076552 -0.069028 244 162 97
0.035700 0.063684 -0.054656 244 162 97
0.030925 0.049458 -0.038767 244 162 97
0.026187 0.035344 -0.023002 244 162 97
0.020488 0.018365 -0.004037 244 162 97
0.016830 0.007469 0.008132 244 162 97
0.013469 -0.002545 0.019318 244 162 97
0.008643 -0.016922 0.035376 244 162 97
0.000274 -0.041853 0.063221 244 162 97
-0.035745 -0.149157 0.183073 244 162 97
-0.047435 -0.183984 0.221973 244 162 97
-0.063946 -0.233170 0.276911 244 162 97
-0.073334 -0.261137 0.308148 244 162 97
-0.080182 -0.281539 0.330936 244 162 97
-0.089188 -0.308367 0.360901 244 162 97
0.082950 0.204447 -0.211879 244 162 97
0.079481 0.194110 -0.200334 244 162 97
0.057635 0.129030 -0.127643 244 162 97
0.054171 0.118712 -0.116118 244 162 97
0.045777 0.093703 -0.088186 244 162 97
0.050649 0.108220 -0.104399 244 162 97
0.059925 0.135852 -0.135263 244 162 97
0.057348 0.128174 -0.126688 244 162 97
0.052949 0.115070 -0.112050 244 162 97
0.049272 0.104115 -0.099815 244 162 97
0.045434 0.092683 -0.087046 244 162 97
0.040853 0.079034 -0.071801 244 162 97
0.035940 0.064399 -0.055455 244 162 97
0.030979 0.049619 -0.038946 244 162 97
0.023992 0.028806 -0.015699 244 162 97
0.020410 0.018134 -0.003779 244 162 97
0.016920 0.007737 0.007833 244 162 97
0.011579 -0.008175 0.025605 244 162 97
-0.001867 -0.048233 0.070347 244 162 97
-0.016670 -0.092331 0.119603 244 162 97
-0.022669 -0.110202 0.139563 244 162 97
-0.029581 -0.130796 0.162565 244 162 97
-0.036294 -0.150794 0.184902 244 162 97
-0.044800 -0.176133 0.213203 244 162 97
-0.053023 -0.200631 0.240567 244 162 97
-0.062953 -0.230213 0.273607 244 162 97
0.085131 0.210944 -0.219136 244 162 97
0.057594 0.128908 -0.127506 244 162 97
0.050961 0.109147 -0.105435 244 162 97
0.048442 0.101643 -0.097053 244 162 97
0.069869 0.165477 -0.168352 244 162 97
0.064597 0.149772 -0.150810 244 162 97
0.062063 0.142222 -0.142378 244 162 97
0.058034 0.130218 -0.128970 244 162 97
0.054605 0.120004 -0.117562 244 162 97
0.050511 0.107806 -0.103937 244 162 97
0.045992 0.094343 -0.088900 244 162 97
0.041100 0.079770 -0.072623 244 162 97
0.036125 0.064948 -0.056068 244 162 97
0.027139 0.038179 -0.026169 244 162 97
0.023782 0.028180 -0.015000 244 162 97
0.019689 0.015984 -0.001379 244 162 97
0.012406 -0.005710 0.022852 244 162 97
-0.011112 -0.075773 0.101108 244 162 97
-0.023932 -0.113967 0.143768 244 162 97
-0.034471 -0.145361 0.178834 244 162 97
-0.049565 -0.190328 0.229059 244 162 97
-0.058418 -0.216702 0.258516 244 162 97
-0.067691 -0.244327 0.289371 244 162 97
-0.074440 -0.264432 0.311828 244 162 97
-0.086468 -0.300266 0.351852 244 162 97
-0.095921 -0.328427 0.383306 244 162 97
0.060844 0.138591 -0.138322 244 162 97
0.051839 0.111762 -0.108356 244 162 97
0.057288 0.127996 -0.126488 244 162 97
0.072977 0.174735 -0.178693 244 162 97
0.071677 0.170863 -0.174368 244 162 97
0.067427 0.158200 -0.160224 244 162 97
0.063058 0.145185 -0.145687 244 162 97
0.059834 0.135581 -0.134961 244 162 97
0.055775 0.123490 -0.121456 244 162 97
0.050700 0.108370 -0.104568 244 162 97
0.045936 0.094177 -0.088715 244 162 97
0.041702 0.081563 -0.074625 244 162 97
0.034003 0.058627 -0.049008 244 162 97
0.030632 0.048585 -0.037791 244 162 97
0.027005 0.037781 -0.025724 244 162 97
0.022504 0.024372 -0.010747 244 162 97
0.004562 -0.029080 0.048955 244 162 97
-0.004929 -0.057353 0.080535 244 162 97
-0.014435 -0.085673 0.112166 244 162 97
-0.024287 -0.115024 0.144949 244 162 97
-0.034239 -0.144672 0.178064 244 162 97
-0.043931 -0.173543 0.210311 244 162 97
-0.056257 -0.210265 0.251327 244 162 97
-0.062675 -0.229385 0.272683 244 162 97
-0.072891 -0.259820 0.306676 244 162 97
-0.020747 -0.104478 0.133170 244 162 97
-0.013589 -0.083152 0.109350 244 162 97
0.053120 0.115579 -0.112619 244 162 97
0.082337 0.202621 -0.209839 244 162 97
0.077619 0.188566 -0.194140 244 162 97
0.077406 0.187930 -0.193430 244 162 97
0.072407 0.173037 -0.176796 244 162 97
0.068898 0.162583 -0.165120 244 162 97
0.065246 0.151703 -0.152967 244 162 97
0.061292 0.139923 -0.139810 244 162 97
0.056604 0.125958 -0.124211 244 162 97
0.051881 0.111887 -0.108496 244 162 97
0.037921 0.070299 -0.062045 244 162 97
0.034444 0.059942 -0.050477 244 162 97
0.030749 0.048934 -0.038182 244 162 97
0.022792 0.025230 -0.011706 244 162 97
0.013310 -0.003018 0.019846 244 162 97
0.003807 -0.031327 0.051465 244 162 97
-0.005958 -0.060418 0.083958 244 162 97
-0.015901 -0.090040 0.117044 244 162 97
-0.024563 -0.115847 0.145868 244 162 97
-0.021554 -0.106882 0.135855 244 162 97
-0.025645 -0.119070 0.149468 244 162 97
-0.027661 -0.125074 0.156175 244 162 97
-0.030878 -0.134657 0.166878 244 162 97
-0.013833 -0.083880 0.110163 244 162 97
0.000548 -0.041037 0.062310 244 162 97
-0.001477 -0.047071 0.069049 244 162 97
0.084904 0.210267 -0.218380 244 162 97
0.083304 0.205499 -0.213054 244 162 97
0.082596 0.203392 -0.210700 244 162 97
0.077828 0.189186 -0.194834 244 162 97
0.074596 0.179557 -0.184079 244 162 97
0.071048 0.168989 -0.172274 244 162 97
0.067061 0.157110 -0.159006 244 162 97
0.062042 0.142158 -0.142306 244 162 97
0.059124 0.133467 -0.132598 244 162 97
0.043127 0.085810 -0.079369 244 162 97
0.039340 0.074529 -0.066769 244 162 97
0.041436 0.080771 -0.073741 244 162 97
0.032091 0.052932 -0.042646 244 162 97
0.022653 0.024816 -0.011243 244 162 97
0.012974 -0.004019 0.020964 244 162 97
0.003600 -0.031945 0.052156 244 162 97
-0.005598 -0.059345 0.082760 244 162 97
-0.014598 -0.086158 0.112708 244 162 97
-0.022710 -0.110325 0.139700 244 162 97
-0.012665 -0.080401 0.106278 244 162 97
-0.015812 -0.089775 0.116747 244 162 97
-0.017339 -0.094323 0.121828 244 162 97
-0.014260 -0.085152 0.111584 244 162 97
0.003807 -0.031329 0.051467 244 162 97
0.005484 -0.026331 0.045885 244 162 97
0.006787 -0.022452 0.041552 244 162 97
0.091266 0.229219 -0.239547 244 162 97
0.087252 0.217263 -0.226194 244 162 97
0.083368 0.205691 -0.213268 244 162 97
0.080780 0.197982 -0.204658 244 162 97
0.076784 0.186078 -0.191362 244 162 97
0.072576 0.173540 -0.177358 244 162 97
0.069124 0.163257 -0.165873 244 162 97
0.078316 0.190642 -0.196460 244 162 97
0.068539 0.161515 -0.163927 244 162 97
0.060035 0.136179 -0.135628 244 162 97
0.051316 0.110204 -0.106616 244 162 97
0.041830 0.081946 -0.075053 244 162 97
0.032163 0.053146 -0.042886 244 162 97
0.022571 0.024571 -0.010970 244 162 97
0.013010 -0.003912 0.020844 244 162 97
0.003902 -0.031046 0.051151 244 162 97
-0.005495 -0.059039 0.082417 244 162 97
-0.002641 -0.050539 0.072923 244 162 97
-0.006186 -0.061097 0.084717 244 162 97
-0.011462 -0.076815 0.102272 244 162 97
-0.007440 -0.064834 0.088890 244 162 97
-0.009987 -0.072422 0.097366 244 162 97
0.004414 -0.029520 0.049447 244 162 97
0.009171 -0.015349 0.033619 244 162 97
0.001757 -0.037435 0.058288 244 162 97
-0.026006 -0.120145 0.150669 244 162 97
0.089221 0.223127 -0.232743 244 162 97
0.085362 0.211631 -0.219903 244 162 97
0.082442 0.202932 -0.210187 244 162 97
0.079515 0.194213 -0.200448 244 162 97
0.077070 0.186928 -0.192312 244 162 97
0.074641 0.179693 -0.184230 244 162 97
0.090184 0.225995 -0.235947 244 162 97
0.080297 0.196542 -0.203049 244 162 97
0.070901 0.168549 -0.171784 244 162 97
0.061595 0.140827 -0.140820 244 162 97
0.051578 0.110986 -0.107489 244 162 97
0.041856 0.082022 -0.075139 244 162 97
0.032165 0.053151 -0.042892 244 162 97
0.022550 0.024510 -0.010901 244 162 97
0.013238 -0.003232 0.020085 244 162 97
0.004486 -0.029304 0.049206 244 162 97
0.005051 -0.027624 0.047329 244 162 97
0.000437 -0.041367 0.062679 244 162 97
0.000657 -0.040713 0.061949 244 162 97
-0.002133 -0.049024 0.071232 244 162 97
-0.002045 -0.048761 0.070938 244 162 97
0.009547 -0.014228 0.032366 244 162 97
0.011670 -0.007905 0.025304 244 162 97
0.002130 -0.036326 0.057048 244 162 97
-0.018894 -0.098956 0.127003 244 162 97
-0.023820 -0.113632 0.143394 244 162 97
0.088812 0.221909 -0.231383 244 162 97
0.086580 0.215261 -0.223957 244 162 97
0.083985 0.207529 -0.215322 244 162 97
0.080359 0.196726 -0.203255 244 162 97
0.108393 0.280244 -0.296539 244 162 97
0.101396 0.259398 -0.273255 244 162 97
0.090955 0.228294 -0.238515 244 162 97
0.081449 0.199975 -0.206883 244 162 97
0.071367 0.169939 -0.173335 244 162 97
0.061350 0.140097 -0.140004 244 162 97
0.051640 0.111169 -0.107694 244 162 97
0.041933 0.082252 -0.075396 244 162 97
0.032158 0.053131 -0.042869 244 162 97
0.022643 0.024786 -0.011209 244 162 97
0.017151 0.008424 0.007065 244 162 97
0.012182 -0.006379 0.023600 244 162 97
0.008548 -0.017203 0.035690 244 162 97
0.006204 -0.024189 0.043492 244 162 97
0.002589 -0.034957 0.055519 244 162 97
0.006837 -0.022302 0.041385 244 162 97
0.015403 0.003218 0.012881 244 162 97
0.012383 -0.005780 0.022931 244 162 97
-0.007941 -0.066326 0.090556 244 162 97
-0.011621 -0.077290 0.102803 244 162 97
-0.018048 -0.096436 0.124187 244 162 97
-0.025744 -0.119363 0.149796 244 162 97
0.091538 0.230031 -0.240454 244 162 97
0.087715 0.218640 -0.227731 244 162 97
0.084410 0.208794 -0.216734 244 162 97
0.119640 0.313748 -0.333961 244 162 97
0.111336 0.289009 -0.306330 244 162 97
0.101446 0.259546 -0.273421 244 162 97
0.092027 0.231487 -0.242080 244 162 97
0.082169 0.202120 -0.209280 244 162 97
0.071600 0.170633 -0.174111 244 162 97
0.061662 0.141027 -0.141043 244 162 97
0.051856 0.111813 -0.108413 244 162 97
0.041762 0.081741 -0.074825 244 162 97
0.032110 0.052988 -0.042709 244 162 97
0.024551 0.030471 -0.017559 244 162 97
0.018975 0.013859 0.000995 244 162 97
0.014860 0.001600 0.014688 244 162 97
0.012046 -0.006783 0.024051 244 162 97
0.006904 -0.022102 0.041161 244 162 97
0.012458 -0.005555 0.022680 244 162 97
0.019001 0.013936 0.000909 244 162 97
0.010247 -0.012142 0.030037 244 162 97
0.001085 -0.039436 0.060523 244 162 97
-0.004463 -0.055966 0.078985 244 162 97
-0.012027 -0.078498 0.104152 244 162 97
-0.018773 -0.098596 0.126600 244 162 97
-0.025263 -0.117931 0.148196 244 162 97
0.091266 0.229219 -0.239547 244 162 97
0.081413 0.199867 -0.206764 244 162 97
0.131901 0.350276 -0.374761 244 162 97
0.128585 0.340397 -0.363726 244 162 97
0.120147 0.315260 -0.335650 244 162 97
0.110996 0.287998 -0.305200 244 162 97
0.102639 0.263101 -0.277392 244 162 97
0.092327 0.232381 -0.243079 244 162 97
0.081305 0.199545 -0.206404 244 162 97
0.071484 0.170286 -0.173723 244 162 97
0.061394 0.140230 -0.140152 244 162 97
0.051470 0.110664 -0.107129 244 162 97
0.038169 0.071040 -0.062872 244 162 97
0.031318 0.050630 -0.040076 244 162 97
0.025663 0.033781 -0.021257 244 162 97
0.021688 0.021940 -0.008031 244 162 97
0.017623 0.009832 0.005494 244 162 97
0.016805 0.007392 0.008218 244 162 97
0.019422 0.015191 -0.000493 244 162 97
0.016727 0.007163 0.008475 244 162 97
0.021443 0.021211 -0.007217 244 162 97
0.020214 0.017549 -0.003126 244 162 97
0.001625 -0.037827 0.058725 244 162 97
-0.003527 -0.053177 0.075870 244 162 97
-0.011584 -0.077180 0.102680 244 162 97
-0.020747 -0.104478 0.133170 244 162 97
-0.027187 -0.123662 0.154597 244 162 97
0.145687 0.391346 -0.420633 244 162 97
0.141315 0.378320 -0.406084 244 162 97
0.132663 0.352545 -0.377294 244 162 97
0.123510 0.325277 -0.346838 244 162 97
0.114731 0.299124 -0.317626 244 162 97
0.102838 0.263693 -0.278053 244 162 97
0.091855 0.230976 -0.241510 244 162 97
0.082673 0.203622 -0.210957 244 162 97
0.072183 0.172370 -0.176051 244 162 97
0.050271 0.107093 -0.103141 244 162 97
0.043260 0.086206 -0.079812 244 162 97
0.036883 0.067209 -0.058593 244 162 97
0.030853 0.049243 -0.038527 244 162 97
0.026761 0.037053 -0.024911 244 162 97
0.022936 0.025659 -0.012185 244 162 97
0.021471 0.021294 -0.007310 244 162 97
0.022154 0.023330 -0.009583 244 162 97
0.017851 0.010508 0.004738 244 162 97
0.007046 -0.021681 0.040690 244 162 97
-0.002550 -0.050266 0.072618 244 162 97
-0.009540 -0.071089 0.095876 244 162 97
0.017709 0.010087 0.005208 244 162 97
0.017003 0.007982 0.007559 244 162 97
0.016258 0.005765 0.010036 244 162 97
0.013009 -0.003914 0.020846 244 162 97
0.011410 -0.008677 0.026167 244 162 97
0.139885 0.374060 -0.401325 244 162 97
0.132665 0.352550 -0.377300 244 162 97
0.129124 0.342001 -0.365518 244 162 97
0.121907 0.320501 -0.341504 244 162 97
0.112852 0.293525 -0.311373 244 162 97
0.102735 0.263387 -0.277711 244 162 97
0.093589 0.236140 -0.247278 244 162 97
0.083454 0.205946 -0.213553 244 162 97
0.074968 0.180666 -0.185317 244 162 97
0.064779 0.150313 -0.151415 244 162 97
0.057560 0.128808 -0.127395 244 162 97
0.047936 0.100136 -0.095370 244 162 97
0.040510 0.078013 -0.070660 244 162 97
0.031525 0.051246 -0.040763 244 162 97
0.027432 0.039053 -0.027145 244 162 97
0.025601 0.033597 -0.021051 244 162 97
0.018302 0.011854 0.003234 244 162 97
0.012278 -0.006093 0.023280 244 162 97
0.009168 -0.015357 0.033627 244 162 97
0.004600 -0.028965 0.048826 244 162 97
-0.000675 -0.044680 0.066379 244 162 97
-0.006005 -0.060559 0.084115 244 162 97
-0.011427 -0.076713 0.102158 244 162 97
-0.016868 -0.092921 0.120262 244 162 97
-0.021649 -0.107163 0.136168 244 162 97
-0.024052 -0.114322 0.144165 244 162 97
0.142793 0.382723 -0.411002 244 162 97
0.141150 0.377830 -0.405536 244 162 97
0.134293 0.357402 -0.382720 244 162 97
0.124367 0.327831 -0.349691 244 162 97
0.114311 0.297872 -0.316229 244 162 97
0.104093 0.267433 -0.282230 244 162 97
0.093887 0.237029 -0.248271 244 162 97
0.084482 0.209011 -0.216976 244 162 97
0.073815 0.177233 -0.181483 244 162 97
0.066499 0.155437 -0.157138 244 162 97
0.059121 0.133456 -0.132587 244 162 97
0.046130 0.094757 -0.089363 244 162 97
0.038075 0.070759 -0.062558 244 162 97
0.030367 0.047795 -0.036909 244 162 97
0.027937 0.040558 -0.028826 244 162 97
0.021082 0.020135 -0.006014 244 162 97
0.016822 0.007444 0.008161 244 162 97
0.012278 -0.006093 0.023280 244 162 97
0.007002 -0.021811 0.040836 244 162 97
0.001800 -0.037306 0.058143 244 162 97
-0.003823 -0.054058 0.076855 244 162 97
-0.009380 -0.070614 0.095346 244 162 97
-0.015028 -0.087440 0.114140 244 162 97
-0.020145 -0.102683 0.131165 244 162 97
-0.028505 -0.127590 0.158985 244 162 97
-0.077120 -0.272416 0.320746 244 162 97
-0.192861 -0.006789 -0.000097 230 57 70
-0.173931 -0.006123 -0.000088 230 57 70
-0.164683 -0.005798 -0.000083 230 57 70
-0.128580 -0.004527 -0.000065 230 57 70
-0.076126 -0.002680 -0.000038 230 57 70
-0.075551 -0.002660 -0.000038 230 57 70
-0.056068 -0.001974 -0.000028 230 57 70
-0.055027 -0.001937 -0.000028 230 57 70
-0.047152 -0.001660 -0.000024 230 57 70
-0.034845 -0.001227 -0.000018 230 57 70
-0.025771 -0.000907 -0.000013 230 57 70
-0.016751 -0.000590 -0.000008 230 57 70
-0.004749 -0.000167 -0.000002 230 57 70
0.008664 0.000305 0.000004 230 57 70
0.022762 0.000801 0.000011 230 57 70
0.036633 0.001290 0.000019 230 57 70
0.049595 0.001746 0.000025 230 57 70
0.061750 0.002174 0.000031 230 57 70
0.162348 0.005715 0.000082 230 57 70
0.192619 0.006781 0.000097 230 57 70
0.223167 0.007856 0.000113 230 57 70
0.251043 0.008838 0.000127 230 57 70
0.290081 0.010212 0.000147 230 57 70
0.192279 0.006769 0.000097 230 57 70
0.198795 0.006998 0.000100 230 57 70
0.206699 0.007277 0.000104 230 57 70
-0.162765 -0.005730 -0.000082 230 57 70
-0.116402 -0.004098 -0.000059 230 57 70
-0.106947 -0.003765 -0.000054 230 57 70
-0.106305 -0.003742 -0.000054 230 57 70
-0.076297 -0.002686 -0.000039 230 57 70
-0.073424 -0.002585 -0.000037 230 57 70
-0.068174 -0.002400 -0.000034 230 57 70
-0.054106 -0.001905 -0.000027 230 57 70
-0.048313 -0.001701 -0.000024 230 57 70
-0.041055 -0.001445 -0.000021 230 57 70
-0.030898 -0.001088 -0.000016 230 57 70
-0.018851 -0.000664 -0.000010 230 57 70
-0.006039 -0.000213 -0.000003 230 57 70
0.008624 0.000304 0.000004 230 57 70
0.022486 0.000792 0.000011 230 57 70
0.035945 0.001265 0.000018 230 57 70
0.110555 0.003892 0.000056 230 57 70
0.136921 0.004820 0.000069 230 57 70
0.167855 0.005909 0.000085 230 57 70
0.192288 0.006769 0.000097 230 57 70
0.220693 0.007769 0.000111 230 57 70
0.177776 0.006258 0.000090 230 57 70
0.162830 0.005732 0.000082 230 57 70
0.165221 0.005816 0.000083 230 57 70
0.177011 0.006231 0.000089 230 57 70
0.188384 0.006632 0.000095 230 57 70
-0.145358 -0.005117 -0.000073 230 57 70
-0.127307 -0.004482 -0.000064 230 57 70
-0.112334 -0.003955 -0.000057 230 57 70
-0.095420 -0.003359 -0.000048 230 57 70
-0.081578 -0.002872 -0.000041 230 57 70
-0.067194 -0.002366 -0.000034 230 57 70
-0.054109 -0.001905 -0.000027 230 57 70
-0.042289 -0.001489 -0.000021 230 57 70
-0.031779 -0.001119 -0.000016 230 57 70
-0.022661 -0.000798 -0.000011 230 57 70
-0.015057 -0.000530 -0.000008 230 57 70
-0.006502 -0.000229 -0.000003 230 57 70
0.002095 0.000074 0.000001 230 57 70
0.010202 0.000359 0.000005 230 57 70
0.017702 0.000623 0.000009 230 57 70
0.103685 0.003650 0.000052 230 57 70
0.137535 0.004842 0.000069 230 57 70
0.167481 0.005896 0.000085 230 57 70
0.201601 0.007097 0.000102 230 57 70
0.232897 0.008199 0.000118 230 57 70
0.264463 0.009310 0.000134 230 57 70
0.282843 0.009957 0.000143 230 57 70
0.314741 0.011080 0.000159 230 57 70
0.322813 0.011364 0.000163 230 57 70
0.261550 0.009208 0.000132 230 57 70
0.293893 0.010346 0.000148 230 57 70
-0.144626 -0.005091 -0.000073 230 57 70
-0.122343 -0.004307 -0.000062 230 57 70
-0.107776 -0.003794 -0.000054 230 57 70
-0.090763 -0.003195 -0.000046 230 57 70
-0.077376 -0.002724 -0.000039 230 57 70
-0.064308 -0.002264 -0.000032 230 57 70
-0.052151 -0.001836 -0.000026 230 57 70
-0.040601 -0.001429 -0.000021 230 57 70
-0.031231 -0.001099 -0.000016 230 57 70
-0.024357 -0.000857 -0.000012 230 57 70
-0.014777 -0.000520 -0.000007 230 57 70
-0.005811 -0.000205 -0.000003 230 57 70
0.002341 0.000082 0.000001 230 57 70
0.009392 0.000331 0.000005 230 57 70
0.038214 0.001345 0.000019 230 57 70
0.073482 0.002587 0.000037 230 57 70
0.107737 0.003793 0.000054 230 57 70
0.143060 0.005036 0.000072 230 57 70
0.179844 0.006331 0.000091 230 57 70
0.215438 0.007584 0.000109 230 57 70
0.249803 0.008794 0.000126 230 57 70
0.280639 0.009880 0.000142 230 57 70
0.308841 0.010872 0.000156 230 57 70
0.301573 0.010617 0.000152 230 57 70
0.330732 0.011643 0.000167 230 57 70
0.358351 0.012615 0.000181 230 57 70
0.402220 0.014160 0.000203 230 57 70
-0.244268 -0.008599 -0.000123 230 57 70
-0.123095 -0.004333 -0.000062 230 57 70
-0.102941 -0.003624 -0.000052 230 57 70
-0.088057 -0.003100 -0.000044 230 57 70
-0.073514 -0.002588 -0.000037 230 57 70
-0.060205 -0.002119 -0.000030 230 57 70
-0.050504 -0.001778 -0.000026 230 57 70
-0.043095 -0.001517 -0.000022 230 57 70
-0.032778 -0.001154 -0.000017 230 57 70
-0.023261 -0.000819 -0.000012 230 57 70
-0.014538 -0.000512 -0.000007 230 57 70
-0.011530 -0.000406 -0.000006 230 57 70
0.003130 0.000110 0.000002 230 57 70
0.039245 0.001382 0.000020 230 57 70
0.075587 0.002661 0.000038 230 57 70
0.113274 0.003988 0.000057 230 57 70
0.150979 0.005315 0.000076 230 57 70
0.189875 0.006684 0.000096 230 57 70
0.226027 0.007957 0.000114 230 57 70
0.257759 0.009074 0.000130 230 57 70
0.255899 0.009009 0.000129 230 57 70
0.283917 0.009995 0.000143 230 57 70
0.317614 0.011181 0.000160 230 57 70
0.362409 0.012758 0.000183 230 57 70
0.338731 0.011925 0.000171 230 57 70
0.250061 0.008803 0.000126 230 57 70
-0.205875 -0.007248 -0.000104 230 57 70
-0.166261 -0.005853 -0.000084 230 57 70
-0.099626 -0.003507 -0.000050 230 57 70
-0.082457 -0.002903 -0.000042 230 57 70
-0.071129 -0.002504 -0.000036 230 57 70
-0.062332 -0.002194 -0.000031 230 57 70
-0.051973 -0.001830 -0.000026 230 57 70
-0.041215 -0.001451 -0.000021 230 57 70
-0.031843 -0.001121 -0.000016 230 57 70
-0.036046 -0.001269 -0.000018 230 57 70
-0.028265 -0.000995 -0.000014 230 57 70
-0.034170 -0.001203 -0.000017 230 57 70
0.002878 0.000101 0.000001 230 57 70
0.040350 0.001420 0.000020 230 57 70
0.079670 0.002805 0.000040 230 57 70
0.118001 0.004154 0.000060 230 57 70
0.159267 0.005607 0.000080 230 57 70
0.195007 0.006865 0.000099 230 57 70
0.224192 0.007892 0.000113 230 57 70
0.235880 0.008304 0.000119 230 57 70
0.265985 0.009364 0.000134 230 57 70
0.303470 0.010683 0.000153 230 57 70
0.265181 0.009335 0.000134 230 57 70
0.229367 0.008075 0.000116 230 57 70
0.235727 0.008299 0.000119 230 57 70
0.264306 0.009305 0.000134 230 57 70
-0.170736 -0.006011 -0.000086 230 57 70
-0.138436 -0.004874 -0.000070 230 57 70
-0.113301 -0.003989 -0.000057 230 57 70
-0.089568 -0.003153 -0.000045 230 57 70
-0.074025 -0.002606 -0.000037 230 57 70
-0.060914 -0.002144 -0.000031 230 57 70
-0.050104 -0.001764 -0.000025 230 57 70
-0.055487 -0.001953 -0.000028 230 57 70
-0.060270 -0.002122 -0.000030 230 57 70
-0.104958 -0.003695 -0.000053 230 57 70
-0.071090 -0.002503 -0.000036 230 57 70
-0.032820 -0.001155 -0.000017 230 57 70
0.002651 0.000093 0.000001 230 57 70
0.040295 0.001419 0.000020 230 57 70
0.080228 0.002824 0.000041 230 57 70
0.122525 0.004313 0.000062 230 57 70
0.164331 0.005785 0.000083 230 57 70
0.183577 0.006463 0.000093 230 57 70
0.206966 0.007286 0.000105 230 57 70
0.235880 0.008304 0.000119 230 57 70
0.227734 0.008017 0.000115 230 57 70
0.237077 0.008346 0.000120 230 57 70
0.201496 0.007093 0.000102 230 57 70
0.241774 0.008511 0.000122 230 57 70
0.229956 0.008095 0.000116 230 57 70
0.221884 0.007811 0.000112 230 57 70
-0.145521 -0.005123 -0.000074 230 57 70
-0.119185 -0.004196 -0.000060 230 57 70
-0.098728 -0.003476 -0.000050 230 57 70
-0.082961 -0.002921 -0.000042 230 57 70
-0.069312 -0.002440 -0.000035 230 57 70
-0.064156 -0.002259 -0.000032 230 57 70
-0.066838 -0.002353 -0.000034 230 57 70
-0.053492 -0.001883 -0.000027 230 57 70
-0.115204 -0.004056 -0.000058 230 57 70
-0.084767 -0.002984 -0.000043 230 57 70
-0.055012 -0.001937 -0.000028 230 57 70
-0.025637 -0.000903 -0.000013 230 57 70
0.004585 0.000161 0.000002 230 57 70
0.033794 0.001190 0.000017 230 57 70
0.055304 0.001947 0.000028 230 57 70
0.074243 0.002614 0.000038 230 57 70
0.112672 0.003967 0.000057 230 57 70
0.152434 0.005366 0.000077 230 57 70
0.177033 0.006232 0.000089 230 57 70
0.204553 0.007201 0.000103 230 57 70
0.195382 0.006878 0.000099 230 57 70
0.209145 0.007363 0.000106 230 57 70
0.202813 0.007140 0.000102 230 57 70
0.199010 0.007006 0.000101 230 57 70
0.194611 0.006851 0.000098 230 57 70
0.188384 0.006632 0.000095 230 57 70
-0.125023 -0.004401 -0.000063 230 57 70
-0.106400 -0.003746 -0.000054 230 57 70
-0.090510 -0.003186 -0.000046 230 57 70
-0.082583 -0.002907 -0.000042 230 57 70
-0.104292 -0.003671 -0.000053 230 57 70
-0.080464 -0.002833 -0.000041 230 57 70
-0.211492 -0.007445 -0.000107 230 57 70
-0.187962 -0.006617 -0.000095 230 57 70
-0.149539 -0.005264 -0.000076 230 57 70
-0.113178 -0.003984 -0.000057 230 57 70
-0.071200 -0.002507 -0.000036 230 57 70
-0.034569 -0.001217 -0.000017 230 57 70
0.003296 0.000116 0.000002 230 57 70
0.039798 0.001401 0.000020 230 57 70
0.060160 0.002118 0.000030 230 57 70
0.094704 0.003334 0.000048 230 57 70
0.131826 0.004641 0.000067 230 57 70
0.086475 0.003044 0.000044 230 57 70
0.103894 0.003657 0.000052 230 57 70
0.126485 0.004453 0.000064 230 57 70
0.164933 0.005806 0.000083 230 57 70
0.167784 0.005907 0.000085 230 57 70
0.154092 0.005425 0.000078 230 57 70
0.168521 0.005933 0.000085 230 57 70
0.164172 0.005779 0.000083 230 57 70
0.159580 0.005618 0.000081 230 57 70
-0.111114 -0.003912 -0.000056 230 57 70
-0.102640 -0.003613 -0.000052 230 57 70
-0.132224 -0.004655 -0.000067 230 57 70
-0.113604 -0.003999 -0.000057 230 57 70
-0.095433 -0.003360 -0.000048 230 57 70
-0.273440 -0.009626 -0.000138 230 57 70
-0.233746 -0.008229 -0.000118 230 57 70
-0.191572 -0.006744 -0.000097 230 57 70
-0.152565 -0.005371 -0.000077 230 57 70
-0.066970 -0.002358 -0.000034 230 57 70
-0.045453 -0.001600 -0.000023 230 57 70
-0.020665 -0.000727 -0.000010 230 57 70
0.005051 0.000178 0.000003 230 57 70
0.035617 0.001254 0.000018 230 57 70
0.068368 0.002407 0.000035 230 57 70
0.102537 0.003610 0.000052 230 57 70
0.072616 0.002556 0.000037 230 57 70
0.091082 0.003206 0.000046 230 57 70
0.117448 0.004135 0.000059 230 57 70
0.132286 0.004657 0.000067 230 57 70
0.142477 0.005016 0.000072 230 57 70
0.145546 0.005124 0.000074 230 57 70
0.147029 0.005176 0.000074 230 57 70
0.145291 0.005115 0.000073 230 57 70
0.141089 0.004967 0.000071 230 57 70
0.143534 0.005053 0.000073 230 57 70
-0.140722 -0.004954 -0.000071 230 57 70
-0.129412 -0.004556 -0.000065 230 57 70
-0.108950 -0.003835 -0.000055 230 57 70
-0.097118 -0.003419 -0.000049 230 57 70
-0.349262 -0.012295 -0.000176 230 57 70
-0.317689 -0.011184 -0.000161 230 57 70
-0.276645 -0.009739 -0.000140 230 57 70
-0.236508 -0.008326 -0.000119 230 57 70
-0.112932 -0.003976 -0.000057 230 57 70
-0.090679 -0.003192 -0.000046 230 57 70
-0.070801 -0.002492 -0.000036 230 57 70
-0.047387 -0.001668 -0.000024 230 57 70
-0.022537 -0.000793 -0.000011 230 57 70
0.004965 0.000175 0.000003 230 57 70
0.034180 0.001203 0.000017 230 57 70
0.041467 0.001460 0.000021 230 57 70
0.059859 0.002107 0.000030 230 57 70
0.086659 0.003051 0.000044 230 57 70
0.093706 0.003299 0.000047 230 57 70
0.104106 0.003665 0.000053 230 57 70
0.117452 0.004135 0.000059 230 57 70
0.120877 0.004255 0.000061 230 57 70
0.124382 0.004379 0.000063 230 57 70
0.122967 0.004329 0.000062 230 57 70
0.120214 0.004232 0.000061 230 57 70
0.127889 0.004502 0.000065 230 57 70
0.130854 0.004607 0.000066 230 57 70
-0.132343 -0.004659 -0.000067 230 57 70
-0.115876 -0.004079 -0.000059 230 57 70
-0.394119 -0.013875 -0.000199 230 57 70
-0.364707 -0.012839 -0.000184 230 57 70
-0.319310 -0.011241 -0.000161 230 57 70
-0.282876 -0.009958 -0.000143 230 57 70
-0.141279 -0.004974 -0.000071 230 57 70
-0.117444 -0.004135 -0.000059 230 57 70
-0.097149 -0.003420 -0.000049 230 57 70
-0.072716 -0.002560 -0.000037 230 57 70
-0.046172 -0.001625 -0.000023 230 57 70
-0.019897 -0.000700 -0.000010 230 57 70
0.005702 0.000201 0.000003 230 57 70
0.031620 0.001113 0.000016 230 57 70
0.054445 0.001917 0.000028 230 57 70
0.063776 0.002245 0.000032 230 57 70
0.069117 0.002433 0.000035 230 57 70
0.079885 0.002812 0.000040 230 57 70
0.095210 0.003352 0.000048 230 57 70
0.101622 0.003578 0.000051 230 57 70
0.104987 0.003696 0.000053 230 57 70
0.107731 0.003793 0.000054 230 57 70
0.110099 0.003876 0.000056 230 57 70
0.112031 0.003944 0.000057 230 57 70
0.129115 0.004545 0.000065 230 57 70
0.123105 0.004334 0.000062 230 57 70
-0.142511 -0.005017 -0.000072 230 57 70
-0.437619 -0.015406 -0.000221 230 57 70
-0.401418 -0.014131 -0.000203 230 57 70
-0.359029 -0.012639 -0.000181 230 57 70
-0.197962 -0.006969 -0.000100 230 57 70
-0.168047 -0.005916 -0.000085 230 57 70
-0.142890 -0.005030 -0.000072 230 57 70
-0.121441 -0.004275 -0.000061 230 57 70
-0.096732 -0.003405 -0.000049 230 57 70
-0.074552 -0.002625 -0.000038 230 57 70
-0.040453 -0.001424 -0.000020 230 57 70
-0.016951 -0.000597 -0.000009 230 57 70
0.005849 0.000206 0.000003 230 57 70
0.026510 0.000933 0.000013 230 57 70
0.038395 0.001352 0.000019 230 57 70
0.049663 0.001748 0.000025 230 57 70
0.060185 0.002119 0.000030 230 57 70
0.077144 0.002716 0.000039 230 57 70
0.084268 0.002967 0.000043 230 57 70
0.089191 0.003140 0.000045 230 57 70
0.094234 0.003317 0.000048 230 57 70
0.096343 0.003392 0.000049 230 57 70
0.106148 0.003737 0.000054 230 57 70
0.156246 0.005500 0.000079 230 57 70
0.167634 0.005901 0.000085 230 57 70
0.169755 0.005976 0.000086 230 57 70
-0.504883 -0.017774 -0.000255 230 57 70
-0.475490 -0.016739 -0.000240 230 57 70
-0.429055 -0.015104 -0.000217 230 57 70
-0.393867 -0.013866 -0.000199 230 57 70
-0.227515 -0.008009 -0.000115 230 57 70
-0.197152 -0.006941 -0.000100 230 57 70
-0.173210 -0.006098 -0.000088 230 57 70
-0.147034 -0.005176 -0.000074 230 57 70
-0.124535 -0.004384 -0.000063 230 57 70
-0.088696 -0.003122 -0.000045 230 57 70
-0.062701 -0.002207 -0.000032 230 57 70
-0.040370 -0.001421 -0.000020 230 57 70
-0.016183 -0.000570 -0.000008 230 57 70
0.008219 0.000289 0.000004 230 57 70
0.022477 0.000791 0.000011 230 57 70
0.033990 0.001197 0.000017 230 57 70
0.045172 0.001590 0.000023 230 57 70
0.060415 0.002127 0.000031 230 57 70
0.068366 0.002407 0.000035 230 57 70
0.074949 0.002638 0.000038 230 57 70
0.079080 0.002784 0.000040 230 57 70
0.086622 0.003049 0.000044 230 57 70
0.123093 0.004333 0.000062 230 57 70
0.141043 0.004965 0.000071 230 57 70
0.154267 0.005431 0.000078 230 57 70
0.155804 0.005485 0.000079 230 57 70
0.163806 0.005767 0.000083 230 57 70
-0.507486 -0.017866 -0.000256 230 57 70
-0.463758 -0.016326 -0.000234 230 57 70
-0.439276 -0.015464 -0.000222 230 57 70
-0.257700 -0.009072 -0.000130 230 57 70
-0.224562 -0.007905 -0.000113 230 57 70
-0.200191 -0.007048 -0.000101 230 57 70
-0.173210 -0.006098 -0.000088 230 57 70
-0.148415 -0.005225 -0.000075 230 57 70
-0.111901 -0.003939 -0.000057 230 57 70
-0.087757 -0.003089 -0.000044 230 57 70
-0.057434 -0.002022 -0.000029 230 57 70
-0.027110 -0.000954 -0.000014 230 57 70
-0.010382 -0.000365 -0.000005 230 57 70
0.008910 0.000314 0.000005 230 57 70
0.020750 0.000730 0.000010 230 57 70
0.034355 0.001209 0.000017 230 57 70
0.045544 0.001603 0.000023 230 57 70
0.053417 0.001880 0.000027 230 57 70
0.059531 0.002096 0.000030 230 57 70
0.067077 0.002361 0.000034 230 57 70
0.092506 0.003257 0.000047 230 57 70
0.112408 0.003957 0.000057 230 57 70
0.132440 0.004662 0.000067 230 57 70
0.143557 0.005054 0.000073 230 57 70
0.151363 0.005329 0.000076 230 57 70
0.502720 0.017698 0.000254 230 57 70
-0.501955 -0.017671 -0.000254 230 57 70
-0.314258 -0.011063 -0.000159 230 57 70
-0.282366 -0.009940 -0.000143 230 57 70
-0.259462 -0.009134 -0.000131 230 57 70
-0.230241 -0.008105 -0.000116 230 57 70
-0.206066 -0.007254 -0.000104 230 57 70
-0.168403 -0.005928 -0.000085 230 57 70
-0.120023 -0.004225 -0.000061 230 57 70
-0.103908 -0.003658 -0.000052 230 57 70
-0.069911 -0.002461 -0.000035 230 57 70
-0.044066 -0.001551 -0.000022 230 57 70
-0.028547 -0.001005 -0.000014 230 57 70
-0.002670 -0.000094 -0.000001 230 57 70
0.008953 0.000315 0.000005 230 57 70
0.021722 0.000765 0.000011 230 57 70
0.032508 0.001144 0.000016 230 57 70
0.040175 0.001414 0.000020 230 57 70
0.048352 0.001702 0.000024 230 57 70
0.066588 0.002344 0.000034 230 57 70
0.082291 0.002897 0.000042 230 57 70
0.099965 0.003519 0.000051 230 57 70
0.119926 0.004222 0.000061 230 57 70
0.129002 0.004541 0.000065 230 57 70
0.142240 0.005007 0.000072 230 57 70
0.459625 0.016181 0.000232 230 57 70
0.502407 0.017687 0.000254 230 57 70
-0.331465 -0.011669 -0.000167 230 57 70
-0.310347 -0.010925 -0.000157 230 57 70
-0.290101 -0.010213 -0.000147 230 57 70
-0.267013 -0.009400 -0.000135 230 57 70
-0.240008 -0.008449 -0.000121 230 57 70
-0.160586 -0.005653 -0.000081 230 57 70
-0.125588 -0.004421 -0.000063 230 57 70
-0.108359 -0.003815 -0.000055 230 57 70
-0.082508 -0.002905 -0.000042 230 57 70
-0.062762 -0.002209 -0.000032 230 57 70
-0.043867 -0.001544 -0.000022 230 57 70
-0.019762 -0.000696 -0.000010 230 57 70
-0.006039 -0.000213 -0.000003 230 57 70
0.009177 0.000323 0.000005 230 57 70
0.019861 0.000699 0.000010 230 57 70
0.029091 0.001024 0.000015 230 57 70
0.042235 0.001487 0.000021 230 57 70
0.055880 0.001967 0.000028 230 57 70
0.070495 0.002482 0.000036 230 57 70
0.089068 0.003136 0.000045 230 57 70
0.102037 0.003592 0.000052 230 57 70
0.111362 0.003920 0.000056 230 57 70
0.370285 0.013036 0.000187 230 57 70
0.419955 0.014784 0.000212 230 57 70
0.463376 0.016313 0.000234 230 57 70
0.506790 0.017841 0.000256 230 57 70
-0.090795 0.005619 -0.081635 244 162 97
-0.078992 0.008797 -0.075971 244 162 97
-0.075720 0.009679 -0.074401 244 162 97
-0.063858 0.012873 -0.068709 244 162 97
-0.053165 0.015752 -0.063578 244 162 97
-0.042063 0.018742 -0.058250 244 162 97
-0.033065 0.021165 -0.053932 244 162 97
-0.098274 0.003605 -0.085224 244 162 97
-0.102715 0.002409 -0.087355 244 162 97
-0.097105 0.003920 -0.084664 244 162 97
-0.117907 -0.001682 -0.094646 244 162 97
-0.216538 -0.028242 -0.141977 244 162 97
-0.216772 -0.028305 -0.142089 244 162 97
-0.230094 -0.031893 -0.148482 244 162 97
-0.240846 -0.034788 -0.153641 244 162 97
-0.247156 -0.036487 -0.156669 244 162 97
-0.252298 -0.037872 -0.159137 244 162 97
-0.256038 -0.038879 -0.160931 244 162 97
-0.255804 -0.038816 -0.160819 244 162 97
-0.257908 -0.039383 -0.161829 244 162 97
-0.270061 -0.042655 -0.167661 244 162 97
-0.292265 -0.048635 -0.178316 244 162 97
-0.070695 0.011032 -0.071990 244 162 97
-0.249727 -0.037180 -0.157903 244 162 97
-0.115102 -0.000927 -0.093300 244 162 97
-0.115336 -0.000990 -0.093412 244 162 97
-0.056321 0.014903 -0.065092 244 162 97
-0.050752 0.016402 -0.062420 244 162 97
-0.021881 0.024177 -0.048565 244 162 97
-0.036832 0.020151 -0.055740 244 162 97
-0.027397 0.022691 -0.051212 244 162 97
-0.022499 0.024010 -0.048862 244 162 97
-0.089317 0.006017 -0.080926 244 162 97
-0.086739 0.006711 -0.079689 244 162 97
-0.085605 0.007017 -0.079145 244 162 97
-0.113549 -0.000508 -0.092554 244 162 97
-0.190059 -0.021112 -0.129270 244 162 97
-0.197071 -0.023000 -0.132634 244 162 97
-0.208413 -0.026054 -0.138077 244 162 97
-0.224293 -0.030330 -0.145698 244 162 97
-0.228830 -0.031552 -0.147875 244 162 97
-0.231923 -0.032385 -0.149359 244 162 97
-0.234810 -0.033163 -0.150745 244 162 97
-0.234810 -0.033163 -0.150745 244 162 97
-0.236254 -0.033551 -0.151437 244 162 97
-0.255227 -0.038661 -0.160542 244 162 97
-0.049309 0.016791 -0.061727 244 162 97
-0.049721 0.016680 -0.061925 244 162 97
-0.051216 0.016277 -0.062643 244 162 97
-0.052248 0.015999 -0.063138 244 162 97
-0.068179 0.011709 -0.070782 244 162 97
-0.072406 0.010571 -0.072811 244 162 97
-0.034509 0.020776 -0.054625 244 162 97
-0.027270 0.022726 -0.051151 244 162 97
-0.021774 0.024206 -0.048514 244 162 97
-0.015161 0.025986 -0.045341 244 162 97
-0.002136 0.029494 -0.039090 244 162 97
0.000389 0.030174 -0.037879 244 162 97
0.003248 0.030944 -0.036507 244 162 97
-0.133078 -0.005767 -0.101926 244 162 97
-0.097243 0.003883 -0.084730 244 162 97
-0.100817 0.002920 -0.086445 244 162 97
-0.099656 0.003233 -0.085888 244 162 97
-0.099745 0.003209 -0.085930 244 162 97
-0.106090 0.001500 -0.088975 244 162 97
-0.112256 -0.000160 -0.091934 244 162 97
-0.118869 -0.001941 -0.095108 244 162 97
-0.119942 -0.002230 -0.095622 244 162 97
-0.119763 -0.002182 -0.095536 244 162 97
-0.117886 -0.001676 -0.094636 244 162 97
-0.104392 0.001957 -0.088160 244 162 97
-0.041926 0.018779 -0.058184 244 162 97
-0.041568 0.018875 -0.058013 244 162 97
-0.041211 0.018971 -0.057841 244 162 97
-0.036519 0.020235 -0.055590 244 162 97
-0.034598 0.020752 -0.054668 244 162 97
-0.051220 0.016276 -0.062644 244 162 97
-0.042105 0.018731 -0.058270 244 162 97
-0.013456 0.026445 -0.044523 244 162 97
-0.007709 0.027993 -0.041765 244 162 97
-0.008579 0.027759 -0.042182 244 162 97
-0.055008 0.015256 -0.064462 244 162 97
-0.054100 0.015500 -0.064027 244 162 97
-0.054327 0.015439 -0.064135 244 162 97
-0.123365 -0.003152 -0.097265 244 162 97
-0.131683 -0.005392 -0.101256 244 162 97
-0.135766 -0.006491 -0.103216 244 162 97
-0.151797 -0.010808 -0.110909 244 162 97
-0.165862 -0.014596 -0.117658 244 162 97
-0.167525 -0.015044 -0.118456 244 162 97
-0.168432 -0.015288 -0.118892 244 162 97
-0.168130 -0.015206 -0.118747 244 162 97
-0.128356 -0.004496 -0.099660 244 162 97
-0.097504 0.003812 -0.084855 244 162 97
-0.094253 0.004688 -0.083295 244 162 97
-0.027634 0.022627 -0.051326 244 162 97
-0.029752 0.022057 -0.052342 244 162 97
-0.030924 0.021742 -0.052905 244 162 97
-0.030357 0.021894 -0.052633 244 162 97
-0.018485 0.025091 -0.046936 244 162 97
-0.013305 0.026486 -0.044450 244 162 97
-0.020186 0.024633 -0.047752 244 162 97
-0.025744 0.023136 -0.050419 244 162 97
-0.021585 0.024256 -0.048423 244 162 97
0.002795 0.030822 -0.036724 244 162 97
-0.038255 0.019767 -0.056423 244 162 97
-0.038317 0.019751 -0.056453 244 162 97
-0.036090 0.020351 -0.055384 244 162 97
-0.031759 0.021517 -0.053306 244 162 97
-0.101670 0.002691 -0.086854 244 162 97
-0.106372 0.001424 -0.089110 244 162 97
-0.111198 0.000125 -0.091426 244 162 97
-0.119364 -0.002074 -0.095345 244 162 97
-0.121839 -0.002741 -0.096533 244 162 97
-0.121591 -0.002674 -0.096414 244 162 97
-0.121468 -0.002641 -0.096355 244 162 97
-0.123200 -0.003107 -0.097186 244 162 97
-0.120973 -0.002508 -0.096117 244 162 97
-0.134584 -0.006173 -0.102649 244 162 97
-0.101299 0.002790 -0.086676 244 162 97
-0.107362 0.001158 -0.089585 244 162 97
-0.076737 0.009405 -0.074889 244 162 97
-0.045494 0.017818 -0.059896 244 162 97
-0.009796 0.027431 -0.042766 244 162 97
-0.002093 0.029505 -0.039070 244 162 97
0.000969 0.030330 -0.037600 244 162 97
-0.003856 0.029031 -0.039916 244 162 97
-0.008342 0.027823 -0.042068 244 162 97
-0.006640 0.028281 -0.041252 244 162 97
-0.002774 0.029322 -0.039396 244 162 97
-0.021221 0.024355 -0.048248 244 162 97
-0.021846 0.024186 -0.048549 244 162 97
-0.021028 0.024406 -0.048156 244 162 97
-0.029401 0.022152 -0.052174 244 162 97
-0.070062 0.011202 -0.071686 244 162 97
-0.075259 0.009803 -0.074180 244 162 97
-0.077473 0.009207 -0.075242 244 162 97
-0.083439 0.007600 -0.078106 244 162 97
-0.086808 0.006693 -0.079722 244 162 97
-0.090176 0.005786 -0.081338 244 162 97
-0.046387 0.017577 -0.060325 244 162 97
-0.045280 0.017876 -0.059794 244 162 97
-0.045810 0.017733 -0.060048 244 162 97
-0.050237 0.016541 -0.062173 244 162 97
-0.054664 0.015349 -0.064297 244 162 97
-0.057840 0.014493 -0.065821 244 162 97
-0.061112 0.013612 -0.067391 244 162 97
-0.037533 0.019962 -0.056076 244 162 97
0.003657 0.031054 -0.036310 244 162 97
0.006400 0.031792 -0.034994 244 162 97
0.009648 0.032667 -0.033435 244 162 97
0.010442 0.032881 -0.033054 244 162 97
0.004668 0.031326 -0.035825 244 162 97
0.004788 0.031358 -0.035768 244 162 97
0.006111 0.031715 -0.035133 244 162 97
0.010009 0.032764 -0.033262 244 162 97
0.011501 0.033166 -0.032546 244 162 97
-0.005382 0.028620 -0.040648 244 162 97
-0.008132 0.027879 -0.041968 244 162 97
-0.041300 0.018947 -0.057884 244 162 97
-0.043088 0.018466 -0.058742 244 162 97
-0.045081 0.017929 -0.059699 244 162 97
-0.047693 0.017226 -0.060952 244 162 97
-0.050031 0.016596 -0.062074 244 162 97
-0.054636 0.015356 -0.064284 244 162 97
-0.015797 0.025815 -0.045646 244 162 97
-0.014766 0.026093 -0.045151 244 162 97
-0.014285 0.026222 -0.044920 244 162 97
-0.014559 0.026148 -0.045052 244 162 97
-0.016244 0.025695 -0.045860 244 162 97
-0.017378 0.025389 -0.046404 244 162 97
-0.016072 0.025741 -0.045778 244 162 97
0.011374 0.033132 -0.032607 244 162 97
0.014347 0.033932 -0.031181 244 162 97
0.017887 0.034886 -0.029482 244 162 97
0.019485 0.035316 -0.028715 244 162 97
0.018557 0.035066 -0.029160 244 162 97
0.015309 0.034192 -0.030719 244 162 97
0.016203 0.034432 -0.030290 244 162 97
0.018471 0.035043 -0.029201 244 162 97
0.020774 0.035663 -0.028096 244 162 97
-0.000192 0.030017 -0.038158 244 162 97
-0.000502 0.029934 -0.038306 244 162 97
0.008579 0.032379 -0.033948 244 162 97
-0.008414 0.027803 -0.042103 244 162 97
-0.009363 0.027548 -0.042558 244 162 97
-0.011054 0.027092 -0.043370 244 162 97
-0.011837 0.026881 -0.043746 244 162 97
-0.013487 0.026437 -0.044537 244 162 97
0.007218 0.032013 -0.034601 244 162 97
0.008662 0.032402 -0.033909 244 162 97
0.009322 0.032579 -0.033592 244 162 97
0.009301 0.032574 -0.033602 244 162 97
0.009961 0.032751 -0.033285 244 162 97
0.010662 0.032940 -0.032949 244 162 97
0.011508 0.033168 -0.032543 244 162 97
0.013322 0.033657 -0.031672 244 162 97
0.023386 0.036367 -0.026843 244 162 97
0.024129 0.036567 -0.026486 244 162 97
0.028645 0.037783 -0.024319 244 162 97
0.029037 0.037888 -0.024131 244 162 97
0.025510 0.036939 -0.025823 244 162 97
0.027160 0.037383 -0.025032 244 162 97
0.027975 0.037602 -0.024641 244 162 97
0.029573 0.038033 -0.023874 244 162 97
0.029181 0.037927 -0.024062 244 162 97
0.016395 0.034484 -0.030198 244 162 97
0.016416 0.034490 -0.030188 244 162 97
0.015859 0.034340 -0.030455 244 162 97
0.026521 0.037211 -0.025339 244 162 97
0.026040 0.037081 -0.025569 244 162 97
0.025765 0.037007 -0.025701 244 162 97
0.025201 0.036855 -0.025972 244 162 97
0.024899 0.036774 -0.026117 244 162 97
0.024184 0.036581 -0.026460 244 162 97
0.031910 0.038662 -0.022752 244 162 97
0.031869 0.038651 -0.022772 244 162 97
0.032185 0.038736 -0.022620 244 162 97
0.032433 0.038803 -0.022502 244 162 97
0.033409 0.039066 -0.022033 244 162 97
0.033773 0.039164 -0.021858 244 162 97
0.034103 0.039253 -0.021700 244 162 97
0.034804 0.039441 -0.021363 244 162 97
0.036853 0.039993 -0.020380 244 162 97
0.036090 0.039788 -0.020747 244 162 97
0.038217 0.040361 -0.019726 244 162 97
0.036709 0.039954 -0.020450 244 162 97
0.037547 0.040180 -0.020047 244 162 97
0.038283 0.040378 -0.019694 244 162 97
0.038774 0.040510 -0.019458 244 162 97
0.039063 0.040588 -0.019320 244 162 97
0.034502 0.039360 -0.021509 244 162 97
0.034729 0.039421 -0.021400 244 162 97
0.034481 0.039354 -0.021519 244 162 97
0.034419 0.039338 -0.021548 244 162 97
0.033574 0.039110 -0.021954 244 162 97
0.060975 0.046489 -0.008805 244 162 97
0.061470 0.046622 -0.008568 244 162 97
0.062020 0.046770 -0.008304 244 162 97
0.062253 0.046833 -0.008191 244 162 97
0.055633 0.045050 -0.011368 244 162 97
0.055248 0.044947 -0.011553 244 162 97
0.054932 0.044862 -0.011705 244 162 97
0.054781 0.044821 -0.011777 244 162 97
0.054527 0.044752 -0.011899 244 162 97
0.053825 0.044564 -0.012236 244 162 97
0.053330 0.044430 -0.012473 244 162 97
0.053166 0.044386 -0.012552 244 162 97
0.051124 0.043836 -0.013532 244 162 97
0.050698 0.043721 -0.013737 244 162 97
0.052664 0.044251 -0.012793 244 162 97
0.051158 0.043845 -0.013516 244 162 97
0.051007 0.043805 -0.013588 244 162 97
0.049282 0.043340 -0.014416 244 162 97
0.048532 0.043138 -0.014776 244 162 97
0.048154 0.043036 -0.014957 244 162 97
0.052052 0.044086 -0.013087 244 162 97
0.052430 0.044188 -0.012905 244 162 97
0.052574 0.044227 -0.012836 244 162 97
0.052774 0.044280 -0.012741 244 162 97
0.052719 0.044266 -0.012767 244 162 97
0.060796 0.046441 -0.008891 244 162 97
0.097381 0.056293 0.008665 244 162 97
0.097917 0.056437 0.008923 244 162 97
0.099979 0.056992 0.009912 244 162 97
0.078820 0.051294 -0.000241 244 162 97
0.077913 0.051050 -0.000677 244 162 97
0.077377 0.050906 -0.000934 244 162 97
0.076469 0.050661 -0.001370 244 162 97
0.072798 0.049673 -0.003131 244 162 97
0.072736 0.049656 -0.003161 244 162 97
0.072448 0.049578 -0.003299 244 162 97
0.070076 0.048940 -0.004437 244 162 97
0.066137 0.047879 -0.006328 244 162 97
0.064755 0.047507 -0.006991 244 162 97
0.070468 0.049045 -0.004249 244 162 97
0.067024 0.048118 -0.005902 244 162 97
0.063023 0.047040 -0.007822 244 162 97
0.056414 0.045261 -0.010994 244 162 97
0.057424 0.045533 -0.010509 244 162 97
0.056816 0.045369 -0.010801 244 162 97
0.069169 0.048695 -0.004873 244 162 97
0.069684 0.048834 -0.004626 244 162 97
0.070489 0.049051 -0.004240 244 162 97
0.070860 0.049151 -0.004061 244 162 97
0.071767 0.049395 -0.003626 244 162 97
0.095401 0.055759 0.007715 244 162 97
0.095772 0.055859 0.007893 244 162 97
0.133993 0.066152 0.026235 244 162 97
0.137499 0.067096 0.027917 244 162 97
0.101753 0.057470 0.010763 244 162 97
0.100378 0.057100 0.010104 244 162 97
0.097697 0.056378 0.008817 244 162 97
0.098556 0.056609 0.009229 244 162 97
0.091063 0.054591 0.005634 244 162 97
0.088417 0.053879 0.004364 244 162 97
0.091579 0.054730 0.005881 244 162 97
0.086320 0.053314 0.003358 244 162 97
0.084051 0.052703 0.002269 244 162 97
0.077933 0.051056 -0.000667 244 162 97
0.087282 0.053573 0.003819 244 162 97
0.076146 0.050574 -0.001525 244 162 97
0.074135 0.050033 -0.002490 244 162 97
0.071695 0.049376 -0.003661 244 162 97
0.063223 0.047094 -0.007726 244 162 97
0.087007 0.053499 0.003687 244 162 97
0.082436 0.052268 0.001494 244 162 97
0.084945 0.052944 0.002698 244 162 97
0.086629 0.053397 0.003506 244 162 97
0.086286 0.053305 0.003341 244 162 97
0.126362 0.064097 0.022573 244 162 97
0.130006 0.065078 0.024321 244 162 97
0.130487 0.065208 0.024552 244 162 97
0.131862 0.065578 0.025212 244 162 97
0.124005 0.063462 0.021441 244 162 97
0.121887 0.062892 0.020425 244 162 97
0.120781 0.062594 0.019894 244 162 97
0.120877 0.062620 0.019940 244 162 97
0.105286 0.058421 0.012459 244 162 97
0.103746 0.058007 0.011720 244 162 97
0.104468 0.058201 0.012066 244 162 97
0.105767 0.058551 0.012690 244 162 97
0.097924 0.056439 0.008926 244 162 97
0.100811 0.057216 0.010311 244 162 97
0.095518 0.055791 0.007771 244 162 97
0.088155 0.053808 0.004238 244 162 97
0.087097 0.053523 0.003730 244 162 97
0.084161 0.052733 0.002322 244 162 97
0.081178 0.051929 0.000890 244 162 97
0.090056 0.054320 0.005150 244 162 97
0.064529 0.047446 -0.007100 244 162 97
0.064902 0.047546 -0.006921 244 162 97
0.098790 0.056672 0.009341 244 162 97
0.104468 0.058201 0.012066 244 162 97
0.103169 0.057851 0.011443 244 162 97
0.159373 0.072986 0.038414 244 162 97
0.164088 0.074256 0.040677 244 162 97
0.164473 0.074360 0.040861 244 162 97
0.167745 0.075241 0.042431 244 162 97
0.169670 0.075759 0.043355 244 162 97
0.197401 0.083227 0.056662 244 162 97
0.198762 0.083593 0.057316 244 162 97
0.201484 0.084326 0.058622 244 162 97
0.201855 0.084426 0.058800 244 162 97
0.198514 0.083527 0.057197 244 162 97
0.196287 0.082927 0.056128 244 162 97
0.196906 0.083094 0.056425 244 162 97
0.122664 0.063101 0.020798 244 162 97
0.158548 0.072764 0.038018 244 162 97
0.135161 0.066466 0.026795 244 162 97
0.123530 0.063334 0.021214 244 162 97
0.115054 0.061052 0.017146 244 162 97
0.111218 0.060019 0.015306 244 162 97
0.104815 0.058295 0.012233 244 162 97
0.095690 0.055837 0.007854 244 162 97
0.091792 0.054788 0.005983 244 162 97
0.089626 0.054204 0.004944 244 162 97
0.090988 0.054571 0.005597 244 162 97
0.113198 0.060552 0.016256 244 162 97
0.110600 0.059852 0.015009 244 162 97
0.109796 0.059636 0.014623 244 162 97
0.174881 0.077162 0.045856 244 162 97
0.178964 0.078262 0.047815 244 162 97
0.185151 0.079928 0.050784 244 162 97
0.189110 0.080994 0.052684 244 162 97
0.189853 0.081194 0.053040 244 162 97
0.193689 0.082227 0.054881 244 162 97
0.243527 0.095648 0.078797 244 162 97
0.245039 0.096055 0.079523 244 162 97
0.243376 0.095607 0.078725 244 162 97
0.238990 0.094426 0.076620 244 162 97
0.237629 0.094060 0.075967 244 162 97
0.233999 0.093082 0.074225 244 162 97
0.153468 0.071396 0.035580 244 162 97
0.152636 0.071172 0.035181 244 162 97
0.152863 0.071233 0.035290 244 162 97
0.138269 0.067303 0.028286 244 162 97
0.128817 0.064758 0.023751 244 162 97
0.122087 0.062946 0.020521 244 162 97
0.115962 0.061296 0.017582 244 162 97
0.108627 0.059321 0.014062 244 162 97
0.103485 0.057936 0.011595 244 162 97
0.101141 0.057305 0.010470 244 162 97
0.139478 0.067629 0.028867 244 162 97
0.131539 0.065491 0.025057 244 162 97
0.139857 0.067731 0.029048 244 162 97
0.212675 0.087340 0.063992 244 162 97
0.218725 0.088969 0.066895 244 162 97
0.224472 0.090517 0.069653 244 162 97
0.227496 0.091331 0.071104 244 162 97
0.232941 0.092797 0.073717 244 162 97
0.238083 0.094182 0.076185 244 162 97
0.240200 0.094752 0.077201 244 162 97
0.286670 0.107266 0.099500 244 162 97
0.283631 0.106448 0.098042 244 162 97
0.281487 0.105870 0.097013 244 162 97
0.279699 0.105389 0.096155 244 162 97
0.255213 0.098795 0.084405 244 162 97
0.176929 0.077714 0.046839 244 162 97
0.185151 0.079928 0.050784 244 162 97
0.167993 0.075308 0.042550 244 162 97
0.154052 0.071553 0.035860 244 162 97
0.142971 0.068569 0.030543 244 162 97
0.134838 0.066379 0.026640 244 162 97
0.127064 0.064286 0.022909 244 162 97
0.120004 0.062385 0.019522 244 162 97
0.114016 0.060772 0.016648 244 162 97
0.152354 0.071096 0.035046 244 162 97
0.165669 0.074682 0.041435 244 162 97
0.184972 0.079880 0.050698 244 162 97
0.165312 0.074586 0.041264 244 162 97
0.245562 0.096196 0.079774 244 162 97
0.256822 0.099228 0.085177 244 162 97
0.262899 0.100865 0.088093 244 162 97
0.268260 0.102308 0.090666 244 162 97
0.273980 0.103849 0.093411 244 162 97
0.280235 0.105533 0.096413 244 162 97
0.282559 0.106159 0.097528 244 162 97
0.284882 0.106785 0.098643 244 162 97
0.326953 0.118114 0.118831 244 162 97
0.336439 0.120668 0.123383 244 162 97
0.231882 0.092512 0.073209 244 162 97
0.212290 0.087236 0.063808 244 162 97
0.184862 0.079850 0.050645 244 162 97
0.199092 0.083682 0.057474 244 162 97
0.179088 0.078295 0.047874 244 162 97
0.167436 0.075158 0.042283 244 162 97
0.155165 0.071853 0.036395 244 162 97
0.145215 0.069174 0.031620 244 162 97
0.137017 0.066966 0.027686 244 162 97
0.129387 0.064911 0.024024 244 162 97
0.130573 0.065231 0.024593 244 162 97
0.190018 0.081239 0.053120 244 162 97
0.182491 0.079212 0.049507 244 162 97
0.176201 0.077518 0.046489 244 162 97
0.188162 0.080739 0.052229 244 162 97
0.286120 0.107118 0.099236 244 162 97
0.293750 0.109173 0.102898 244 162 97
0.302618 0.111561 0.107153 244 162 97
0.307980 0.113004 0.109726 244 162 97
0.314785 0.114837 0.112992 244 162 97
0.321591 0.116670 0.116258 244 162 97
0.325922 0.117836 0.118336 244 162 97
0.327571 0.118280 0.119128 244 162 97
0.327365 0.118225 0.119029 244 162 97
0.000375 -0.022987 -0.101668 230 57 70
0.000414 -0.025429 -0.112466 230 57 70
0.000407 -0.024991 -0.110531 230 57 70
0.000392 -0.024024 -0.106252 230 57 70
0.000348 -0.021375 -0.094538 230 57 70
0.000318 -0.019533 -0.086389 230 57 70
0.000288 -0.017667 -0.078138 230 57 70
0.000209 -0.012796 -0.056594 230 57 70
0.000200 -0.012255 -0.054200 230 57 70
0.000200 -0.012255 -0.054200 230 57 70
0.000197 -0.012059 -0.053334 230 57 70
0.001007 -0.061772 -0.273206 230 57 70
0.001014 -0.062233 -0.275243 230 57 70
0.001040 -0.063799 -0.282170 230 57 70
0.001046 -0.064167 -0.283800 230 57 70
0.000623 -0.038234 -0.169102 230 57 70
0.000617 -0.037843 -0.167370 230 57 70
0.000617 -0.037843 -0.167370 230 57 70
0.000618 -0.037912 -0.167676 230 57 70
0.000629 -0.038580 -0.170630 230 57 70
0.000654 -0.040123 -0.177455 230 57 70
0.000667 -0.040906 -0.180918 230 57 70
0.000670 -0.041113 -0.181835 230 57 70
0.000711 -0.043623 -0.192938 230 57 70
0.000362 -0.022181 -0.098103 230 57 70
0.000349 -0.021421 -0.094742 230 57 70
0.000349 -0.021433 -0.094796 230 57 70
0.000323 -0.019787 -0.087515 230 57 70
0.000324 -0.019889 -0.087965 230 57 70
0.000297 -0.018233 -0.080640 230 57 70
0.000275 -0.016861 -0.074573 230 57 70
0.000249 -0.015266 -0.067517 230 57 70
0.000222 -0.013630 -0.060282 230 57 70
0.000185 -0.011344 -0.050171 230 57 70
0.000180 -0.011069 -0.048957 230 57 70
0.000877 -0.053806 -0.237973 230 57 70
0.000903 -0.055391 -0.244984 230 57 70
0.000915 -0.056123 -0.248220 230 57 70
0.000930 -0.057058 -0.252354 230 57 70
0.000929 -0.057017 -0.252174 230 57 70
0.000568 -0.034866 -0.154206 230 57 70
0.000555 -0.034074 -0.150701 230 57 70
0.000558 -0.034216 -0.151330 230 57 70
0.000558 -0.034216 -0.151330 230 57 70
0.000567 -0.034785 -0.153846 230 57 70
0.000551 -0.033809 -0.149532 230 57 70
0.000552 -0.033850 -0.149712 230 57 70
0.000552 -0.033870 -0.149802 230 57 70
0.000360 -0.022063 -0.097582 230 57 70
0.000326 -0.019991 -0.088414 230 57 70
0.000327 -0.020082 -0.088819 230 57 70
0.000339 -0.020783 -0.091920 230 57 70
0.000277 -0.017023 -0.075289 230 57 70
0.000271 -0.016618 -0.073497 230 57 70
0.000249 -0.015270 -0.067538 230 57 70
0.000230 -0.014082 -0.062280 230 57 70
0.000212 -0.013025 -0.057607 230 57 70
0.000200 -0.012276 -0.054296 230 57 70
0.000171 -0.010489 -0.046390 230 57 70
0.000163 -0.010013 -0.044287 230 57 70
0.000787 -0.048276 -0.213514 230 57 70
0.000802 -0.049227 -0.217721 230 57 70
0.000810 -0.049720 -0.219902 230 57 70
0.000822 -0.050425 -0.223018 230 57 70
0.000832 -0.051059 -0.225822 230 57 70
0.000511 -0.031333 -0.138579 230 57 70
0.000500 -0.030664 -0.135619 230 57 70
0.000495 -0.030382 -0.134373 230 57 70
0.000499 -0.030628 -0.135463 230 57 70
0.000501 -0.030752 -0.136008 230 57 70
0.000454 -0.027881 -0.123311 230 57 70
0.000449 -0.027529 -0.121754 230 57 70
0.000429 -0.026296 -0.116301 230 57 70
0.000305 -0.018740 -0.082884 230 57 70
0.000302 -0.018511 -0.081871 230 57 70
0.000311 -0.019057 -0.084286 230 57 70
0.000315 -0.019304 -0.085376 230 57 70
0.000288 -0.017648 -0.078054 230 57 70
0.000222 -0.013622 -0.060246 230 57 70
0.000205 -0.012579 -0.055632 230 57 70
0.000191 -0.011699 -0.051744 230 57 70
0.000180 -0.011029 -0.048777 230 57 70
0.000171 -0.010500 -0.046438 230 57 70
0.000155 -0.009538 -0.042186 230 57 70
0.000654 -0.040134 -0.177503 230 57 70
0.000676 -0.041445 -0.183303 230 57 70
0.000673 -0.041296 -0.182644 230 57 70
0.000689 -0.042280 -0.186994 230 57 70
0.000697 -0.042756 -0.189103 230 57 70
0.000434 -0.026602 -0.117655 230 57 70
0.000431 -0.026453 -0.116996 230 57 70
0.000432 -0.026498 -0.117194 230 57 70
0.000425 -0.026065 -0.115282 230 57 70
0.000417 -0.025589 -0.113173 230 57 70
0.000413 -0.025350 -0.112118 230 57 70
0.000364 -0.022340 -0.098804 230 57 70
0.000368 -0.022548 -0.099727 230 57 70
0.000364 -0.022310 -0.098672 230 57 70
0.000377 -0.023100 -0.102166 230 57 70
0.000353 -0.021654 -0.095772 230 57 70
0.000286 -0.017571 -0.077713 230 57 70
0.000251 -0.015425 -0.068221 230 57 70
0.000237 -0.014531 -0.064267 230 57 70
0.000235 -0.014412 -0.063739 230 57 70
0.000166 -0.010200 -0.045110 230 57 70
0.000157 -0.009626 -0.042576 230 57 70
0.000149 -0.009127 -0.040365 230 57 70
0.000140 -0.008608 -0.038073 230 57 70
0.000132 -0.008078 -0.035727 230 57 70
0.000559 -0.034281 -0.151617 230 57 70
0.000563 -0.034549 -0.152804 230 57 70
0.000560 -0.034330 -0.151833 230 57 70
0.000572 -0.035110 -0.155284 230 57 70
0.000583 -0.035768 -0.158197 230 57 70
0.000350 -0.021503 -0.095101 230 57 70
0.000351 -0.021527 -0.095209 230 57 70
0.000353 -0.021649 -0.095748 230 57 70
0.000351 -0.021551 -0.095317 230 57 70
0.000352 -0.021588 -0.095479 230 57 70
0.000329 -0.020186 -0.089277 230 57 70
0.000316 -0.019405 -0.085826 230 57 70
0.000322 -0.019747 -0.087336 230 57 70
0.000323 -0.019844 -0.087767 230 57 70
0.000286 -0.017576 -0.077737 230 57 70
0.000261 -0.016040 -0.070942 230 57 70
0.000221 -0.013553 -0.059941 230 57 70
0.000197 -0.012089 -0.053469 230 57 70
0.000191 -0.011711 -0.051797 230 57 70
0.000186 -0.011407 -0.050449 230 57 70
0.000180 -0.011016 -0.048724 230 57 70
0.000122 -0.007461 -0.032998 230 57 70
0.000116 -0.007134 -0.031551 230 57 70
0.000111 -0.006787 -0.030020 230 57 70
0.000103 -0.006323 -0.027964 230 57 70
0.000436 -0.026746 -0.118290 230 57 70
0.000447 -0.027447 -0.121394 230 57 70
0.000449 -0.027523 -0.121730 230 57 70
0.000450 -0.027618 -0.122149 230 57 70
0.000460 -0.028206 -0.124749 230 57 70
0.000283 -0.017385 -0.076892 230 57 70
0.000281 -0.017234 -0.076221 230 57 70
0.000284 -0.017452 -0.077185 230 57 70
0.000287 -0.017622 -0.077940 230 57 70
0.000281 -0.017243 -0.076263 230 57 70
0.000279 -0.017091 -0.075591 230 57 70
0.000264 -0.016209 -0.071691 230 57 70
0.000257 -0.015745 -0.069635 230 57 70
0.000258 -0.015802 -0.069887 230 57 70
0.000231 -0.014161 -0.062631 230 57 70
0.000198 -0.012122 -0.053613 230 57 70
0.000201 -0.012340 -0.054578 230 57 70
0.000165 -0.010092 -0.044637 230 57 70
0.000148 -0.009087 -0.040191 230 57 70
0.000146 -0.008931 -0.039499 230 57 70
0.000139 -0.008542 -0.037779 230 57 70
0.000138 -0.008485 -0.037528 230 57 70
0.000131 -0.008035 -0.035535 230 57 70
0.000087 -0.005318 -0.023521 230 57 70
0.000081 -0.004990 -0.022068 230 57 70
0.000322 -0.019774 -0.087456 230 57 70
0.000323 -0.019787 -0.087515 230 57 70
0.000318 -0.019516 -0.086317 230 57 70
0.000328 -0.020112 -0.088954 230 57 70
0.000336 -0.020641 -0.091290 230 57 70
0.000204 -0.012526 -0.055399 230 57 70
0.000209 -0.012810 -0.056657 230 57 70
0.000212 -0.013000 -0.057496 230 57 70
0.000214 -0.013122 -0.058035 230 57 70
0.000212 -0.012986 -0.057436 230 57 70
0.000205 -0.012553 -0.055518 230 57 70
0.000177 -0.010846 -0.047969 230 57 70
0.000186 -0.011442 -0.050605 230 57 70
0.000172 -0.010561 -0.046710 230 57 70
0.000149 -0.009132 -0.040389 230 57 70
0.000144 -0.008841 -0.039100 230 57 70
0.000137 -0.008414 -0.037213 230 57 70
0.000108 -0.006656 -0.029438 230 57 70
0.000105 -0.006443 -0.028495 230 57 70
0.000107 -0.006544 -0.028944 230 57 70
0.000107 -0.006541 -0.028929 230 57 70
0.000100 -0.006138 -0.027147 230 57 70
0.000096 -0.005887 -0.026038 230 57 70
0.000093 -0.005731 -0.025349 230 57 70
0.000054 -0.003319 -0.014677 230 57 70
0.000196 -0.012000 -0.053074 230 57 70
0.000194 -0.011894 -0.052606 230 57 70
0.000193 -0.011870 -0.052499 230 57 70
0.000202 -0.012406 -0.054871 230 57 70
0.000132 -0.008114 -0.035889 230 57 70
0.000128 -0.007846 -0.034702 230 57 70
0.000134 -0.008245 -0.036464 230 57 70
0.000138 -0.008444 -0.037345 230 57 70
0.000139 -0.008545 -0.037794 230 57 70
0.000137 -0.008432 -0.037291 230 57 70
0.000115 -0.007062 -0.031233 230 57 70
0.000106 -0.006533 -0.028896 230 57 70
0.000111 -0.006814 -0.030137 230 57 70
0.000104 -0.006383 -0.028231 230 57 70
0.000092 -0.005639 -0.024942 230 57 70
0.000081 -0.004948 -0.021886 230 57 70
0.000071 -0.004381 -0.019378 230 57 70
0.000072 -0.004392 -0.019423 230 57 70
0.000068 -0.004144 -0.018326 230 57 70
0.000069 -0.004231 -0.018713 230 57 70
0.000068 -0.004150 -0.018353 230 57 70
0.000066 -0.004054 -0.017931 230 57 70
0.000063 -0.003873 -0.017131 230 57 70
0.000061 -0.003745 -0.016565 230 57 70
0.000059 -0.003609 -0.015963 230 57 70
0.000075 -0.004584 -0.020274 230 57 70
0.000076 -0.004633 -0.020489 230 57 70
0.000076 -0.004641 -0.020525 230 57 70
0.000077 -0.004703 -0.020801 230 57 70
0.000079 -0.004817 -0.021304 230 57 70
0.000057 -0.003506 -0.015504 230 57 70
0.000059 -0.003648 -0.016133 230 57 70
0.000061 -0.003744 -0.016559 230 57 70
0.000061 -0.003755 -0.016607 230 57 70
0.000060 -0.003663 -0.016199 230 57 70
0.000053 -0.003233 -0.014300 230 57 70
0.000047 -0.002854 -0.012622 230 57 70
0.000045 -0.002739 -0.012113 230 57 70
0.000045 -0.002789 -0.012334 230 57 70
0.000044 -0.002690 -0.011897 230 57 70
0.000042 -0.002587 -0.011442 230 57 70
0.000041 -0.002496 -0.011040 230 57 70
0.000035 -0.002153 -0.009524 230 57 70
0.000033 -0.002051 -0.009072 230 57 70
0.000032 -0.001984 -0.008775 230 57 70
0.000034 -0.002062 -0.009120 230 57 70
0.000033 -0.002016 -0.008916 230 57 70
0.000032 -0.001960 -0.008667 230 57 70
0.000031 -0.001920 -0.008491 230 57 70
0.000031 -0.001887 -0.008344 230 57 70
0.000030 -0.001820 -0.008050 230 57 70
0.000029 -0.001755 -0.007763 230 57 70
-0.000044 0.002678 0.011843 230 57 70
-0.000043 0.002667 0.011795 230 57 70
-0.000044 0.002713 0.011999 230 57 70
-0.000046 0.002846 0.012586 230 57 70
-0.000028 0.001738 0.007685 230 57 70
-0.000030 0.001835 0.008116 230 57 70
-0.000030 0.001854 0.008200 230 57 70
-0.000031 0.001889 0.008356 230 57 70
-0.000031 0.001906 0.008428 230 57 70
-0.000016 0.000963 0.004257 230 57 70
-0.000014 0.000862 0.003814 230 57 70
-0.000012 0.000728 0.003221 230 57 70
-0.000012 0.000740 0.003275 230 57 70
-0.000012 0.000749 0.003311 230 57 70
-0.000011 0.000675 0.002987 230 57 70
-0.000010 0.000589 0.002604 230 57 70
-0.000002 0.000127 0.000560 230 57 70
-0.000001 0.000071 0.000315 230 57 70
-0.000000 0.000030 0.000135 230 57 70
-0.000002 0.000102 0.000452 230 57 70
-0.000001 0.000072 0.000321 230 57 70
0.000000 -0.000002 -0.000009 230 57 70
0.000001 -0.000066 -0.000294 230 57 70
0.000002 -0.000101 -0.000446 230 57 70
0.000003 -0.000167 -0.000737 230 57 70
-0.000042 0.002588 0.011448 230 57 70
-0.000158 0.009679 0.042810 230 57 70
-0.000159 0.009777 0.043241 230 57 70
-0.000130 0.007964 0.035224 230 57 70
-0.000135 0.008257 0.036518 230 57 70
-0.000130 0.007989 0.035332 230 57 70
-0.000131 0.008013 0.035439 230 57 70
-0.000125 0.007647 0.033822 230 57 70
-0.000113 0.006948 0.030730 230 57 70
-0.000070 0.004286 0.018956 230 57 70
-0.000067 0.004087 0.018075 230 57 70
-0.000063 0.003835 0.016960 230 57 70
-0.000065 0.003961 0.017517 230 57 70
-0.000064 0.003936 0.017410 230 57 70
-0.000062 0.003774 0.016691 230 57 70
-0.000061 0.003749 0.016583 230 57 70
-0.000037 0.002274 0.010057 230 57 70
-0.000036 0.002197 0.009716 230 57 70
-0.000038 0.002339 0.010345 230 57 70
-0.000033 0.002046 0.009051 230 57 70
-0.000034 0.002075 0.009177 230 57 70
-0.000030 0.001823 0.008062 230 57 70
-0.000028 0.001697 0.007505 230 57 70
-0.000026 0.001569 0.006939 230 57 70
-0.000022 0.001364 0.006031 230 57 70
-0.000156 0.009549 0.042234 230 57 70
-0.000157 0.009639 0.042630 230 57 70
-0.000264 0.016182 0.071571 230 57 70
-0.000227 0.013947 0.061684 230 57 70
-0.000232 0.014204 0.062823 230 57 70
-0.000230 0.014123 0.062463 230 57 70
-0.000202 0.012416 0.054913 230 57 70
-0.000203 0.012443 0.055033 230 57 70
-0.000163 0.009998 0.044218 230 57 70
-0.000125 0.007661 0.033882 230 57 70
-0.000113 0.006943 0.030706 230 57 70
-0.000112 0.006855 0.030316 230 57 70
-0.000113 0.006956 0.030766 230 57 70
-0.000112 0.006895 0.030496 230 57 70
-0.000086 0.005290 0.023396 230 57 70
-0.000097 0.005954 0.026332 230 57 70
-0.000088 0.005425 0.023995 230 57 70
-0.000070 0.004274 0.018902 230 57 70
-0.000075 0.004619 0.020430 230 57 70
-0.000065 0.003986 0.017628 230 57 70
-0.000064 0.003949 0.017464 230 57 70
-0.000059 0.003630 0.016055 230 57 70
-0.000055 0.003356 0.014842 230 57 70
-0.000050 0.003092 0.013674 230 57 70
-0.000254 0.015600 0.068994 230 57 70
-0.000266 0.016318 0.072170 230 57 70
-0.000264 0.016196 0.071631 230 57 70
-0.000265 0.016236 0.071811 230 57 70
-0.000347 0.021279 0.094113 230 57 70
-0.000355 0.021772 0.096294 230 57 70
-0.000291 0.017846 0.078929 230 57 70
-0.000274 0.016812 0.074357 230 57 70
-0.000254 0.015589 0.068946 230 57 70
-0.000196 0.012014 0.053134 230 57 70
-0.000165 0.010145 0.044871 230 57 70
-0.000158 0.009719 0.042983 230 57 70
-0.000158 0.009709 0.042941 230 57 70
-0.000152 0.009349 0.041347 230 57 70
-0.000121 0.007424 0.032833 230 57 70
-0.000114 0.006968 0.030820 230 57 70
-0.000116 0.007111 0.031449 230 57 70
-0.000130 0.008002 0.035391 230 57 70
-0.000114 0.006968 0.030820 230 57 70
-0.000105 0.006428 0.028429 230 57 70
-0.000087 0.005309 0.023479 230 57 70
-0.000089 0.005479 0.024234 230 57 70
-0.000085 0.005200 0.022997 230 57 70
-0.000081 0.004982 0.022032 230 57 70
-0.000074 0.004536 0.020061 230 57 70
-0.000353 0.021658 0.095790 230 57 70
-0.000363 0.022265 0.098475 230 57 70
-0.000363 0.022265 0.098475 230 57 70
-0.000363 0.022265 0.098475 230 57 70
-0.000362 0.022208 0.098223 230 57 70
-0.000286 0.017540 0.077575 230 57 70
-0.000300 0.018405 0.081404 230 57 70
-0.000320 0.019625 0.086796 230 57 70
-0.000331 0.020332 0.089924 230 57 70
-0.000349 0.021429 0.094778 230 57 70
-0.000359 0.022039 0.097474 230 57 70
-0.000344 0.021076 0.093214 230 57 70
-0.000317 0.019442 0.085988 230 57 70
-0.000271 0.016613 0.073476 230 57 70
-0.000238 0.014613 0.064632 230 57 70
-0.000112 0.006871 0.030388 230 57 70
-0.000097 0.005950 0.026317 230 57 70
-0.000090 0.005493 0.024294 230 57 70
-0.000080 0.004914 0.021733 230 57 70
-0.000075 0.004591 0.020304 230 57 70
-0.000071 0.004365 0.019306 230 57 70
-0.000068 0.004173 0.018457 230 57 70
-0.000064 0.003926 0.017365 230 57 70
-0.000061 0.003768 0.016664 230 57 70
-0.000059 0.003621 0.016016 230 57 70
-0.000435 0.026709 0.118128 230 57 70
-0.000462 0.028367 0.125463 230 57 70
-0.000469 0.028782 0.127296 230 57 70
-0.000487 0.029855 0.132042 230 57 70
-0.000495 0.030391 0.134415 230 57 70
-0.000510 0.031318 0.138513 230 57 70
-0.000264 0.016186 0.071589 230 57 70
-0.000387 0.023739 0.104994 230 57 70
-0.000399 0.024484 0.108290 230 57 70
-0.000411 0.025200 0.111453 230 57 70
-0.000422 0.025885 0.114485 230 57 70
-0.000431 0.026437 0.116924 230 57 70
-0.000437 0.026839 0.118704 230 57 70
-0.000373 0.022890 0.101237 230 57 70
-0.000317 0.019432 0.085946 230 57 70
-0.000263 0.016109 0.071247 230 57 70
-0.000141 0.008658 0.038292 230 57 70
-0.000120 0.007376 0.032623 230 57 70
-0.000110 0.006743 0.029822 230 57 70
-0.000101 0.006206 0.027449 230 57 70
-0.000097 0.005975 0.026428 230 57 70
-0.000094 0.005744 0.025406 230 57 70
-0.000089 0.005476 0.024219 230 57 70
-0.000086 0.005279 0.023346 230 57 70
-0.000082 0.005007 0.022143 230 57 70
-0.000590 0.036198 0.160096 230 57 70
-0.000610 0.037420 0.165501 230 57 70
-0.000624 0.038314 0.169455 230 57 70
-0.000645 0.039596 0.175124 230 57 70
-0.000652 0.040013 0.176969 230 57 70
-0.000671 0.041146 0.181979 230 57 70
-0.000363 0.022264 0.098469 230 57 70
-0.000365 0.022368 0.098930 230 57 70
-0.000469 0.028778 0.127278 230 57 70
-0.000479 0.029359 0.129849 230 57 70
-0.000481 0.029482 0.130394 230 57 70
-0.000487 0.029905 0.132263 230 57 70
-0.000478 0.029324 0.129693 230 57 70
-0.000401 0.024604 0.108817 230 57 70
-0.000367 0.022525 0.099625 230 57 70
-0.000284 0.017435 0.077113 230 57 70
-0.000270 0.016590 0.073374 230 57 70
-0.000135 0.008312 0.036764 230 57 70
-0.000131 0.008044 0.035576 230 57 70
-0.000124 0.007595 0.033589 230 57 70
-0.000118 0.007251 0.032070 230 57 70
-0.000114 0.007013 0.031019 230 57 70
-0.000110 0.006723 0.029734 230 57 70
-0.000107 0.006542 0.028935 230 57 70
-0.000103 0.006344 0.028059 230 57 70
-0.000739 0.045316 0.200422 230 57 70
-0.000752 0.046161 0.204161 230 57 70
-0.000781 0.047887 0.211795 230 57 70
-0.000788 0.048345 0.213820 230 57 70
-0.000789 0.048415 0.214131 230 57 70
-0.000459 0.028161 0.124552 230 57 70
-0.000460 0.028249 0.124941 230 57 70
-0.000458 0.028126 0.124396 230 57 70
-0.000457 0.028056 0.124084 230 57 70
-0.000526 0.032297 0.142845 230 57 70
-0.000529 0.032480 0.143654 230 57 70
-0.000541 0.033212 0.146890 230 57 70
-0.000506 0.031058 0.137363 230 57 70
-0.000425 0.026099 0.115432 230 57 70
-0.000414 0.025429 0.112466 230 57 70
-0.000291 0.017849 0.078941 230 57 70
-0.000179 0.010960 0.048472 230 57 70
-0.000157 0.009608 0.042495 230 57 70
-0.000156 0.009588 0.042405 230 57 70
-0.000149 0.009166 0.040540 230 57 70
-0.000143 0.008795 0.038900 230 57 70
-0.000140 0.008572 0.037911 230 57 70
-0.000134 0.008242 0.036451 230 57 70
-0.000122 0.007469 0.033035 230 57 70
-0.000854 0.052396 0.231736 230 57 70
-0.000886 0.054387 0.240544 230 57 70
-0.000903 0.055403 0.245038 230 57 70
-0.000934 0.057273 0.253307 230 57 70
-0.000936 0.057436 0.254026 230 57 70
-0.000950 0.058289 0.257801 230 57 70
-0.000564 0.034614 0.153091 230 57 70
-0.000550 0.033761 0.149316 230 57 70
-0.000558 0.034208 0.151294 230 57 70
-0.000544 0.033375 0.147609 230 57 70
-0.000531 0.032602 0.144193 230 57 70
-0.030289 0.179277 -0.184730 29 53 87
-0.029150 0.173506 -0.176633 29 53 87
-0.025057 0.152772 -0.147537 29 53 87
-0.021552 0.135015 -0.122619 29 53 87
-0.014989 0.101773 -0.075971 29 53 87
-0.013233 0.092877 -0.063487 29 53 87
-0.012953 0.091456 -0.061493 29 53 87
-0.008618 0.069498 -0.030680 29 53 87
-0.007180 0.062213 -0.020457 29 53 87
-0.005929 0.055879 -0.011569 29 53 87
-0.004796 0.050137 -0.003511 29 53 87
-0.004058 0.046402 0.001730 29 53 87
-0.003089 0.041492 0.008620 29 53 87
-0.002031 0.036131 0.016143 29 53 87
-0.001105 0.031443 0.022722 29 53 87
-0.000280 0.027263 0.028588 29 53 87
0.000425 0.023690 0.033602 29 53 87
0.000794 0.021820 0.036225 29 53 87
0.010586 -0.027780 0.105828 29 53 87
0.012219 -0.036054 0.117439 29 53 87
0.014294 -0.046563 0.132186 29 53 87
0.016562 -0.058054 0.148310 29 53 87
0.018932 -0.070059 0.165158 29 53 87
0.021216 -0.081626 0.181389 29 53 87
0.022835 -0.089829 0.192900 29 53 87
0.025363 -0.102635 0.210870 29 53 87
-0.028784 0.171651 -0.174029 29 53 87
-0.025246 0.153729 -0.148880 29 53 87
-0.021820 0.136375 -0.124528 29 53 87
-0.015668 0.105212 -0.080798 29 53 87
-0.019159 0.122895 -0.105611 29 53 87
-0.014189 0.097717 -0.070280 29 53 87
-0.013209 0.092756 -0.063318 29 53 87
-0.007922 0.065971 -0.025731 29 53 87
-0.007036 0.061487 -0.019439 29 53 87
-0.006343 0.057976 -0.014512 29 53 87
-0.005165 0.052008 -0.006136 29 53 87
-0.003896 0.045578 0.002887 29 53 87
-0.002989 0.040983 0.009335 29 53 87
-0.002007 0.036009 0.016315 29 53 87
-0.001148 0.031658 0.022419 29 53 87
-0.000369 0.027714 0.027955 29 53 87
0.010920 -0.029473 0.108204 29 53 87
0.008077 -0.015072 0.087995 29 53 87
0.009602 -0.022795 0.098832 29 53 87
0.011721 -0.033532 0.113899 29 53 87
0.013997 -0.045057 0.130073 29 53 87
0.015852 -0.054456 0.143262 29 53 87
0.018558 -0.068165 0.162499 29 53 87
0.020803 -0.079537 0.178457 29 53 87
0.023182 -0.091586 0.195365 29 53 87
0.021882 -0.085004 0.186130 29 53 87
-0.054219 0.300497 -0.354836 29 53 87
-0.049539 0.276788 -0.321566 29 53 87
-0.044844 0.253005 -0.288191 29 53 87
-0.022111 0.137850 -0.126597 29 53 87
-0.023922 0.147024 -0.139471 29 53 87
-0.017974 0.116895 -0.097191 29 53 87
-0.014771 0.100668 -0.074420 29 53 87
-0.011919 0.086222 -0.054148 29 53 87
-0.009329 0.073102 -0.035738 29 53 87
-0.007503 0.063853 -0.022758 29 53 87
-0.005899 0.055724 -0.011352 29 53 87
-0.004434 0.048302 -0.000937 29 53 87
-0.003176 0.041931 0.008004 29 53 87
-0.002038 0.036169 0.016089 29 53 87
-0.001090 0.031364 0.022832 29 53 87
0.008352 -0.016464 0.089948 29 53 87
0.012547 -0.037714 0.119768 29 53 87
0.016382 -0.057143 0.147033 29 53 87
0.020920 -0.080127 0.179286 29 53 87
0.025107 -0.101340 0.209053 29 53 87
0.029320 -0.122679 0.238998 29 53 87
0.034160 -0.147196 0.273401 29 53 87
0.038642 -0.169899 0.305260 29 53 87
0.043137 -0.192670 0.337214 29 53 87
0.047489 -0.214716 0.368151 29 53 87
0.051043 -0.232718 0.393413 29 53 87
-0.053711 0.297922 -0.351223 29 53 87
-0.045418 0.255912 -0.292271 29 53 87
-0.030966 0.182707 -0.189545 29 53 87
-0.023608 0.145434 -0.137240 29 53 87
-0.019691 0.125592 -0.109395 29 53 87
-0.016197 0.107892 -0.084558 29 53 87
-0.013124 0.092323 -0.062710 29 53 87
-0.010720 0.080149 -0.045626 29 53 87
-0.008772 0.070277 -0.031773 29 53 87
-0.007127 0.061947 -0.020084 29 53 87
-0.005582 0.054121 -0.009102 29 53 87
-0.004236 0.047301 0.000468 29 53 87
-0.003012 0.041100 0.009171 29 53 87
-0.002001 0.035979 0.016357 29 53 87
0.001047 0.020542 0.038019 29 53 87
0.005028 0.000376 0.066317 29 53 87
0.009017 -0.019835 0.094679 29 53 87
0.013222 -0.041133 0.124566 29 53 87
0.017476 -0.062682 0.154805 29 53 87
0.021802 -0.084597 0.185558 29 53 87
0.026043 -0.106082 0.215708 29 53 87
0.031012 -0.131253 0.251029 29 53 87
0.035657 -0.154782 0.284047 29 53 87
0.040282 -0.178207 0.316919 29 53 87
0.044596 -0.200062 0.347588 29 53 87
0.046414 -0.209271 0.360510 29 53 87
0.050177 -0.228334 0.387261 29 53 87
-0.032283 0.189378 -0.198906 29 53 87
-0.022426 0.139445 -0.128836 29 53 87
-0.025489 0.154959 -0.150605 29 53 87
-0.020886 0.131644 -0.117888 29 53 87
-0.017248 0.113216 -0.092028 29 53 87
-0.014359 0.098581 -0.071491 29 53 87
-0.011893 0.086091 -0.053965 29 53 87
-0.009973 0.076365 -0.040316 29 53 87
-0.008148 0.067118 -0.027341 29 53 87
-0.006647 0.059517 -0.016674 29 53 87
-0.005247 0.052421 -0.006716 29 53 87
-0.003919 0.045695 0.002721 29 53 87
-0.002755 0.039800 0.010994 29 53 87
0.001184 0.019847 0.038994 29 53 87
0.005172 -0.000356 0.067345 29 53 87
0.009310 -0.021315 0.096755 29 53 87
0.013510 -0.042591 0.126611 29 53 87
0.017812 -0.064386 0.157197 29 53 87
0.022243 -0.086832 0.188694 29 53 87
0.026960 -0.110724 0.222221 29 53 87
0.031881 -0.135655 0.257206 29 53 87
0.036432 -0.158706 0.289554 29 53 87
0.040253 -0.178061 0.316714 29 53 87
0.043168 -0.192831 0.337440 29 53 87
0.046483 -0.209622 0.361003 29 53 87
0.049876 -0.226809 0.385122 29 53 87
-0.026535 0.160262 -0.158047 29 53 87
-0.026457 0.159864 -0.157488 29 53 87
-0.021754 0.136039 -0.124056 29 53 87
-0.018239 0.118237 -0.099074 29 53 87
-0.015460 0.104159 -0.079319 29 53 87
-0.012935 0.091366 -0.061367 29 53 87
-0.010952 0.081322 -0.047273 29 53 87
-0.009070 0.071787 -0.033892 29 53 87
-0.007540 0.064038 -0.023018 29 53 87
-0.006030 0.056388 -0.012283 29 53 87
-0.004815 0.050234 -0.003648 29 53 87
-0.006731 0.059940 -0.017267 29 53 87
-0.002786 0.039957 0.010774 29 53 87
0.001230 0.019611 0.039324 29 53 87
0.005384 -0.001429 0.068850 29 53 87
0.009569 -0.022630 0.098601 29 53 87
0.013764 -0.043880 0.128421 29 53 87
0.018289 -0.066800 0.160584 29 53 87
0.022854 -0.089926 0.193037 29 53 87
0.027498 -0.113448 0.226044 29 53 87
0.031859 -0.135539 0.257044 29 53 87
0.035192 -0.152428 0.280743 29 53 87
0.038900 -0.171211 0.307101 29 53 87
0.043010 -0.192027 0.336312 29 53 87
0.044125 -0.197678 0.344242 29 53 87
0.030179 -0.127031 0.245105 29 53 87
-0.025343 0.154220 -0.149569 29 53 87
-0.022806 0.141368 -0.131534 29 53 87
-0.019164 0.122921 -0.105648 29 53 87
-0.016356 0.108698 -0.085689 29 53 87
-0.013809 0.095793 -0.067579 29 53 87
-0.011657 0.084891 -0.052281 29 53 87
-0.009914 0.076066 -0.039897 29 53 87
-0.008341 0.068096 -0.028713 29 53 87
-0.006665 0.059603 -0.016795 29 53 87
-0.014521 0.099401 -0.072643 29 53 87
-0.010675 0.079919 -0.045304 29 53 87
-0.006768 0.060127 -0.017530 29 53 87
-0.002794 0.039998 0.010716 29 53 87
0.001283 0.019342 0.039702 29 53 87
0.005399 -0.001508 0.068960 29 53 87
0.009634 -0.022959 0.099063 29 53 87
0.014107 -0.045618 0.130859 29 53 87
0.018569 -0.068221 0.162577 29 53 87
0.023092 -0.091130 0.194725 29 53 87
0.027358 -0.112742 0.225053 29 53 87
0.031195 -0.132179 0.252329 29 53 87
0.035089 -0.151904 0.280009 29 53 87
0.038383 -0.168587 0.303420 29 53 87
0.026101 -0.106374 0.216117 29 53 87
0.020685 -0.078939 0.177618 29 53 87
0.020321 -0.077095 0.175030 29 53 87
-0.022977 0.142237 -0.132753 29 53 87
-0.020058 0.127451 -0.112004 29 53 87
-0.017006 0.111990 -0.090308 29 53 87
-0.014466 0.099122 -0.072251 29 53 87
-0.012328 0.088291 -0.057052 29 53 87
-0.010768 0.080390 -0.045965 29 53 87
-0.008984 0.071351 -0.033281 29 53 87
-0.007387 0.063261 -0.021928 29 53 87
-0.018377 0.118936 -0.100055 29 53 87
-0.014550 0.099547 -0.072847 29 53 87
-0.010688 0.079986 -0.045398 29 53 87
-0.006842 0.060500 -0.018054 29 53 87
-0.002809 0.040073 0.010612 29 53 87
0.001312 0.019197 0.039907 29 53 87
0.005616 -0.002606 0.070502 29 53 87
0.009967 -0.024645 0.101428 29 53 87
0.014373 -0.046963 0.132747 29 53 87
0.018555 -0.068150 0.162478 29 53 87
0.022311 -0.087176 0.189177 29 53 87
0.026621 -0.109009 0.219814 29 53 87
0.031744 -0.134960 0.256231 29 53 87
0.031552 -0.133984 0.254862 29 53 87
0.025981 -0.105768 0.215267 29 53 87
0.017440 -0.062503 0.154553 29 53 87
0.021673 -0.083945 0.184643 29 53 87
0.020791 -0.079477 0.178373 29 53 87
-0.020592 0.130155 -0.115798 29 53 87
-0.015386 0.103782 -0.078790 29 53 87
-0.015238 0.103035 -0.077741 29 53 87
-0.013241 0.092916 -0.063542 29 53 87
-0.011366 0.083417 -0.050212 29 53 87
-0.009478 0.073853 -0.036792 29 53 87
-0.024212 0.148493 -0.141532 29 53 87
-0.021615 0.135338 -0.123072 29 53 87
-0.018014 0.117093 -0.097469 29 53 87
-0.014435 0.098964 -0.072029 29 53 87
-0.010775 0.080424 -0.046012 29 53 87
-0.006845 0.060519 -0.018080 29 53 87
-0.002819 0.040125 0.010538 29 53 87
0.001372 0.018894 0.040331 29 53 87
0.005683 -0.002946 0.070979 29 53 87
0.010007 -0.024850 0.101717 29 53 87
0.014118 -0.045674 0.130938 29 53 87
0.018008 -0.065380 0.158592 29 53 87
0.022684 -0.089067 0.191830 29 53 87
0.008853 -0.019001 0.093509 29 53 87
0.010280 -0.026231 0.103654 29 53 87
0.012586 -0.037910 0.120043 29 53 87
0.017062 -0.060585 0.151863 29 53 87
0.018836 -0.069573 0.164476 29 53 87
0.018171 -0.066204 0.159748 29 53 87
0.018176 -0.066231 0.159785 29 53 87
-0.018344 0.118766 -0.099816 29 53 87
-0.015738 0.105568 -0.081296 29 53 87
-0.012209 0.087689 -0.056207 29 53 87
-0.011622 0.084719 -0.052039 29 53 87
-0.010096 0.076987 -0.041190 29 53 87
-0.025084 0.152907 -0.147726 29 53 87
-0.023401 0.144382 -0.135764 29 53 87
-0.020624 0.130315 -0.116024 29 53 87
-0.018126 0.117665 -0.098272 29 53 87
-0.014655 0.100081 -0.073597 29 53 87
-0.010934 0.081231 -0.047145 29 53 87
-0.006978 0.061192 -0.019024 29 53 87
-0.002835 0.040204 0.010428 29 53 87
0.001423 0.018636 0.040693 29 53 87
0.005936 -0.004228 0.072778 29 53 87
0.009099 -0.020246 0.095255 29 53 87
0.010654 -0.028128 0.106316 29 53 87
0.014812 -0.049191 0.135873 29 53 87
0.007184 -0.010546 0.081644 29 53 87
0.008923 -0.019355 0.094005 29 53 87
0.010840 -0.029070 0.107637 29 53 87
0.012250 -0.036209 0.117657 29 53 87
0.015379 -0.052059 0.139898 29 53 87
0.015838 -0.054387 0.143165 29 53 87
0.015727 -0.053821 0.142371 29 53 87
0.016182 -0.056129 0.145609 29 53 87
-0.016154 0.107673 -0.084251 29 53 87
-0.014265 0.098105 -0.070824 29 53 87
-0.012118 0.087226 -0.055558 29 53 87
-0.010337 0.078206 -0.042901 29 53 87
-0.028918 0.172329 -0.174981 29 53 87
-0.026301 0.159073 -0.156379 29 53 87
-0.023094 0.142828 -0.133582 29 53 87
-0.020247 0.128406 -0.113344 29 53 87
-0.017556 0.114776 -0.094218 29 53 87
-0.014652 0.100066 -0.073576 29 53 87
-0.011797 0.085603 -0.053280 29 53 87
-0.008749 0.070165 -0.031616 29 53 87
-0.005359 0.052989 -0.007513 29 53 87
-0.002463 0.038320 0.013071 29 53 87
0.000197 0.024847 0.031977 29 53 87
0.003148 0.009898 0.052955 29 53 87
0.006124 -0.005179 0.074113 29 53 87
0.004275 0.004190 0.060965 29 53 87
0.005876 -0.003924 0.072351 29 53 87
0.007565 -0.012480 0.084358 29 53 87
0.009381 -0.021675 0.097261 29 53 87
0.009674 -0.023161 0.099346 29 53 87
0.010120 -0.025418 0.102514 29 53 87
0.012314 -0.036536 0.118116 29 53 87
0.013530 -0.042696 0.126760 29 53 87
0.013611 -0.043107 0.127335 29 53 87
0.014009 -0.045122 0.130163 29 53 87
-0.014727 0.100444 -0.074106 29 53 87
-0.012512 0.089224 -0.058361 29 53 87
-0.040986 0.233463 -0.260768 29 53 87
-0.039154 0.224183 -0.247746 29 53 87
-0.035869 0.207541 -0.224393 29 53 87
-0.033385 0.194958 -0.206736 29 53 87
-0.028584 0.170636 -0.172605 29 53 87
-0.024683 0.150878 -0.144878 29 53 87
-0.020309 0.128720 -0.113785 29 53 87
-0.015825 0.106009 -0.081915 29 53 87
-0.011817 0.085704 -0.053422 29 53 87
-0.007450 0.063584 -0.022381 29 53 87
-0.002846 0.040260 0.010349 29 53 87
0.001022 0.020665 0.037846 29 53 87
0.004031 0.005425 0.059232 29 53 87
0.002582 0.012765 0.048932 29 53 87
0.004474 0.003181 0.062381 29 53 87
0.006367 -0.006409 0.075838 29 53 87
0.007218 -0.010718 0.081885 29 53 87
0.007145 -0.010349 0.081367 29 53 87
0.007284 -0.011054 0.082357 29 53 87
0.008377 -0.016589 0.090124 29 53 87
0.010919 -0.029468 0.108196 29 53 87
0.011429 -0.032050 0.111820 29 53 87
0.011670 -0.033270 0.113532 29 53 87
0.011723 -0.033543 0.113915 29 53 87
-0.013300 0.093214 -0.063961 29 53 87
-0.047931 0.268645 -0.310139 29 53 87
-0.044192 0.249705 -0.283560 29 53 87
-0.040246 0.229714 -0.255508 29 53 87
-0.037086 0.213708 -0.233046 29 53 87
-0.032850 0.192249 -0.202933 29 53 87
-0.028694 0.171197 -0.173392 29 53 87
-0.024745 0.151191 -0.145319 29 53 87
-0.020572 0.130054 -0.115657 29 53 87
-0.016132 0.107563 -0.084096 29 53 87
-0.011990 0.086579 -0.054649 29 53 87
-0.006727 0.059921 -0.017241 29 53 87
-0.002760 0.039822 0.010963 29 53 87
0.001226 0.019634 0.039293 29 53 87
0.003344 0.008904 0.054350 29 53 87
0.004749 0.001789 0.064335 29 53 87
0.006543 -0.007302 0.077092 29 53 87
0.004240 0.004366 0.060717 29 53 87
0.005228 -0.000640 0.067742 29 53 87
0.005626 -0.002655 0.070570 29 53 87
0.006386 -0.006507 0.075976 29 53 87
0.008770 -0.018584 0.092923 29 53 87
0.009667 -0.023127 0.099299 29 53 87
0.010033 -0.024979 0.101897 29 53 87
0.010257 -0.026112 0.103488 29 53 87
0.010360 -0.026634 0.104219 29 53 87
-0.056370 0.311391 -0.370123 29 53 87
-0.052720 0.292903 -0.344180 29 53 87
-0.048927 0.273690 -0.317218 29 53 87
-0.046128 0.259511 -0.297321 29 53 87
-0.041857 0.237873 -0.266956 29 53 87
-0.037817 0.217408 -0.238238 29 53 87
-0.022441 0.139522 -0.128943 29 53 87
-0.019657 0.125416 -0.109149 29 53 87
-0.016952 0.111715 -0.089923 29 53 87
-0.014370 0.098637 -0.071570 29 53 87
-0.011529 0.084243 -0.051371 29 53 87
-0.008683 0.069829 -0.031144 29 53 87
-0.005705 0.054745 -0.009978 29 53 87
-0.002566 0.038839 0.012342 29 53 87
0.000265 0.024500 0.032465 29 53 87
0.001250 0.019512 0.039463 29 53 87
0.001628 0.017595 0.042154 29 53 87
0.002659 0.012374 0.049480 29 53 87
0.003605 0.007580 0.056209 29 53 87
0.004155 0.004797 0.060113 29 53 87
0.005616 -0.002604 0.070500 29 53 87
0.007393 -0.011605 0.083129 29 53 87
0.008054 -0.014954 0.087829 29 53 87
0.008596 -0.017698 0.091680 29 53 87
0.008938 -0.019435 0.094117 29 53 87
0.008878 -0.019130 0.093690 29 53 87
0.009108 -0.020296 0.095326 29 53 87
-0.056683 0.312976 -0.372347 29 53 87
-0.053118 0.294917 -0.347006 29 53 87
-0.049824 0.278231 -0.323590 29 53 87
-0.046007 0.258898 -0.296461 29 53 87
-0.041092 0.234001 -0.261523 29 53 87
-0.023696 0.145877 -0.137861 29 53 87
-0.020484 0.129605 -0.115027 29 53 87
-0.017683 0.115419 -0.095120 29 53 87
-0.014884 0.101238 -0.075220 29 53 87
-0.012470 0.089012 -0.058063 29 53 87
-0.010013 0.076567 -0.040600 29 53 87
-0.007435 0.063505 -0.022271 29 53 87
-0.004994 0.051139 -0.004917 29 53 87
-0.002512 0.038569 0.012722 29 53 87
-0.000728 0.029534 0.025401 29 53 87
0.001090 0.020323 0.038325 29 53 87
0.001478 0.018356 0.041087 29 53 87
0.002227 0.014561 0.046412 29 53 87
0.003360 0.008822 0.054465 29 53 87
0.005410 -0.001564 0.069039 29 53 87
0.006084 -0.004976 0.073827 29 53 87
0.006598 -0.007579 0.077480 29 53 87
0.007202 -0.010638 0.081772 29 53 87
0.007538 -0.012342 0.084164 29 53 87
0.007804 -0.013690 0.086056 29 53 87
0.049688 -0.225856 0.383784 29 53 87
-0.057856 0.318918 -0.380686 29 53 87
-0.053624 0.297481 -0.350604 29 53 87
-0.049060 0.274363 -0.318162 29 53 87
-0.028524 0.170334 -0.172180 29 53 87
-0.024973 0.152348 -0.146942 29 53 87
-0.022040 0.137491 -0.126093 29 53 87
-0.019104 0.122615 -0.105218 29 53 87
-0.016410 0.108972 -0.086073 29 53 87
-0.014171 0.097628 -0.070154 29 53 87
-0.010488 0.078973 -0.043977 29 53 87
-0.008407 0.068429 -0.029180 29 53 87
-0.006512 0.058830 -0.015710 29 53 87
-0.003654 0.044356 0.004602 29 53 87
-0.002161 0.036791 0.015216 29 53 87
-0.000342 0.027577 0.028146 29 53 87
0.000217 0.024745 0.032121 29 53 87
0.001206 0.019733 0.039154 29 53 87
0.002305 0.014168 0.046963 29 53 87
0.004068 0.005236 0.059497 29 53 87
0.004749 0.001789 0.064335 29 53 87
0.005178 -0.000384 0.067384 29 53 87
0.005797 -0.003524 0.071790 29 53 87
0.006259 -0.005863 0.075073 29 53 87
0.013264 -0.041346 0.124865 29 53 87
0.045963 -0.206987 0.357305 29 53 87
0.050441 -0.229668 0.389133 29 53 87
-0.056526 0.312183 -0.371235 29 53 87
-0.051889 0.288691 -0.338269 29 53 87
-0.029390 0.174719 -0.178335 29 53 87
-0.026013 0.157616 -0.154334 29 53 87
-0.022967 0.142185 -0.132680 29 53 87
-0.020166 0.127995 -0.112767 29 53 87
-0.017777 0.115895 -0.095789 29 53 87
-0.013754 0.095518 -0.067194 29 53 87
-0.012126 0.087268 -0.055617 29 53 87
-0.010125 0.077131 -0.041391 29 53 87
-0.008330 0.068040 -0.028635 29 53 87
-0.005034 0.051346 -0.005208 29 53 87
-0.003640 0.044281 0.004706 29 53 87
-0.002234 0.037161 0.014697 29 53 87
-0.000575 0.028755 0.026494 29 53 87
0.000674 0.022429 0.035370 29 53 87
0.001758 0.016938 0.043077 29 53 87
0.001823 0.016607 0.043541 29 53 87
0.003444 0.008396 0.055063 29 53 87
0.004053 0.005313 0.059389 29 53 87
0.004361 0.003753 0.061579 29 53 87
0.005151 -0.000251 0.067197 29 53 87
0.036167 -0.157364 0.287671 29 53 87
0.041773 -0.185760 0.327518 29 53 87
0.046206 -0.208217 0.359031 29 53 87
0.051569 -0.235386 0.397157 29 53 87
-0.130024 0.051566 -0.101469 42 157 143
-0.128637 0.051562 -0.100419 42 157 143
-0.122839 0.051544 -0.096030 42 157 143
-0.110361 0.051506 -0.086582 42 157 143
-0.094227 0.051458 -0.074367 42 157 143
-0.080110 0.051415 -0.063679 42 157 143
-0.072296 0.051391 -0.057762 42 157 143
-0.064355 0.051367 -0.051750 42 157 143
-0.060006 0.051354 -0.048458 42 157 143
-0.051057 0.051327 -0.041682 42 157 143
-0.039398 0.051292 -0.032855 42 157 143
-0.251655 0.051934 -0.193559 42 157 143
-0.255689 0.051946 -0.196613 42 157 143
-0.261739 0.051965 -0.201193 42 157 143
-0.270562 0.051991 -0.207873 42 157 143
-0.272831 0.051998 -0.209591 42 157 143
-0.274847 0.052004 -0.211118 42 157 143
-0.285939 0.052038 -0.219516 42 157 143
-0.299552 0.052079 -0.229822 42 157 143
-0.304594 0.052095 -0.233639 42 157 143
-0.312156 0.052117 -0.239365 42 157 143
-0.307871 0.052104 -0.236121 42 157 143
-0.316694 0.052131 -0.242801 42 157 143
-0.151325 0.051630 -0.117597 42 157 143
-0.285687 0.052037 -0.219325 42 157 143
-0.137964 0.051590 -0.107481 42 157 143
-0.100826 0.051478 -0.079363 42 157 143
-0.088926 0.051442 -0.070353 42 157 143
-0.085367 0.051431 -0.067659 42 157 143
-0.058676 0.051350 -0.047450 42 157 143
-0.063402 0.051364 -0.051029 42 157 143
-0.054449 0.051337 -0.044251 42 157 143
-0.049333 0.051322 -0.040377 42 157 143
-0.040992 0.051296 -0.034062 42 157 143
-0.032318 0.051270 -0.027494 42 157 143
-0.211040 0.051811 -0.162808 42 157 143
-0.217045 0.051829 -0.167355 42 157 143
-0.222161 0.051845 -0.171228 42 157 143
-0.227722 0.051862 -0.175438 42 157 143
-0.235730 0.051886 -0.181501 42 157 143
-0.237509 0.051891 -0.182848 42 157 143
-0.246406 0.051918 -0.189584 42 157 143
-0.255748 0.051947 -0.196658 42 157 143
-0.261754 0.051965 -0.201204 42 157 143
-0.269094 0.051987 -0.206762 42 157 143
-0.268649 0.051986 -0.206425 42 157 143
-0.273320 0.052000 -0.209962 42 157 143
-0.294229 0.052063 -0.225792 42 157 143
-0.281105 0.052023 -0.215856 42 157 143
-0.145201 0.051612 -0.112960 42 157 143
-0.105608 0.051492 -0.082984 42 157 143
-0.125738 0.051553 -0.098225 42 157 143
-0.066075 0.051372 -0.053053 42 157 143
-0.058942 0.051351 -0.047652 42 157 143
-0.052774 0.051332 -0.042982 42 157 143
-0.045400 0.051310 -0.037399 42 157 143
-0.035569 0.051280 -0.029956 42 157 143
-0.033882 0.051275 -0.028679 42 157 143
-0.026653 0.051253 -0.023205 42 157 143
-0.019279 0.051231 -0.017623 42 157 143
-0.178461 0.051713 -0.138142 42 157 143
-0.180967 0.051720 -0.140040 42 157 143
-0.184437 0.051731 -0.142667 42 157 143
-0.194847 0.051762 -0.150548 42 157 143
-0.199281 0.051776 -0.153905 42 157 143
-0.204678 0.051792 -0.157992 42 157 143
-0.214317 0.051821 -0.165289 42 157 143
-0.221835 0.051844 -0.170981 42 157 143
-0.230317 0.051870 -0.177403 42 157 143
-0.242076 0.051905 -0.186306 42 157 143
-0.236871 0.051889 -0.182365 42 157 143
-0.254414 0.051943 -0.195647 42 157 143
-0.130172 0.051566 -0.101581 42 157 143
-0.052195 0.051330 -0.042544 42 157 143
-0.051810 0.051329 -0.042252 42 157 143
-0.056436 0.051343 -0.045755 42 157 143
-0.074943 0.051399 -0.059766 42 157 143
-0.079569 0.051413 -0.063269 42 157 143
-0.037611 0.051286 -0.031502 42 157 143
-0.032065 0.051269 -0.027303 42 157 143
-0.026927 0.051254 -0.023413 42 157 143
-0.024195 0.051246 -0.021345 42 157 143
-0.018772 0.051229 -0.017238 42 157 143
-0.000462 0.051174 -0.003376 42 157 143
-0.079124 0.051412 -0.062932 42 157 143
-0.089727 0.051444 -0.070960 42 157 143
-0.093071 0.051454 -0.073491 42 157 143
-0.098372 0.051470 -0.077505 42 157 143
-0.103102 0.051484 -0.081086 42 157 143
-0.104978 0.051490 -0.082507 42 157 143
-0.105304 0.051491 -0.082754 42 157 143
-0.106364 0.051494 -0.083556 42 157 143
-0.116967 0.051526 -0.091584 42 157 143
-0.116233 0.051524 -0.091028 42 157 143
-0.116722 0.051526 -0.091398 42 157 143
-0.114765 0.051520 -0.089917 42 157 143
-0.113378 0.051516 -0.088867 42 157 143
-0.040547 0.051295 -0.033725 42 157 143
-0.041689 0.051299 -0.034590 42 157 143
-0.042260 0.051300 -0.035022 42 157 143
-0.041445 0.051298 -0.034404 42 157 143
-0.034227 0.051276 -0.028940 42 157 143
-0.050824 0.051326 -0.041506 42 157 143
-0.045441 0.051310 -0.037430 42 157 143
-0.014746 0.051217 -0.014190 42 157 143
-0.011876 0.051208 -0.012018 42 157 143
-0.009341 0.051201 -0.010098 42 157 143
-0.002634 0.051180 -0.005021 42 157 143
0.002437 0.051165 -0.001181 42 157 143
-0.064592 0.051368 -0.051930 42 157 143
-0.067261 0.051376 -0.053951 42 157 143
-0.068729 0.051380 -0.055062 42 157 143
-0.074335 0.051397 -0.059306 42 157 143
-0.078071 0.051409 -0.062135 42 157 143
-0.081274 0.051418 -0.064560 42 157 143
-0.085412 0.051431 -0.067693 42 157 143
-0.089949 0.051445 -0.071128 42 157 143
-0.092485 0.051452 -0.073048 42 157 143
-0.089282 0.051443 -0.070623 42 157 143
-0.088881 0.051441 -0.070320 42 157 143
-0.086613 0.051435 -0.068602 42 157 143
-0.026023 0.051251 -0.022728 42 157 143
-0.027024 0.051254 -0.023486 42 157 143
-0.028892 0.051260 -0.024901 42 157 143
-0.030627 0.051265 -0.026214 42 157 143
-0.022353 0.051240 -0.019950 42 157 143
-0.014012 0.051215 -0.013634 42 157 143
-0.010709 0.051205 -0.011134 42 157 143
-0.014979 0.051218 -0.014367 42 157 143
-0.018182 0.051227 -0.016792 42 157 143
0.003026 0.051163 -0.000735 42 157 143
0.005673 0.051155 0.001269 42 157 143
0.010656 0.051140 0.005042 42 157 143
0.012888 0.051133 0.006731 42 157 143
-0.072955 0.051393 -0.058262 42 157 143
-0.076796 0.051405 -0.061170 42 157 143
-0.078249 0.051409 -0.062270 42 157 143
-0.084789 0.051429 -0.067221 42 157 143
-0.093197 0.051455 -0.073587 42 157 143
-0.096933 0.051466 -0.076416 42 157 143
-0.100878 0.051478 -0.079402 42 157 143
-0.104718 0.051489 -0.082310 42 157 143
-0.113853 0.051517 -0.089226 42 157 143
-0.121742 0.051541 -0.095199 42 157 143
-0.128800 0.051562 -0.100543 42 157 143
-0.106275 0.051494 -0.083489 42 157 143
-0.101604 0.051480 -0.079953 42 157 143
-0.083439 0.051425 -0.066199 42 157 143
-0.058423 0.051349 -0.047259 42 157 143
-0.043684 0.051305 -0.036100 42 157 143
-0.010623 0.051205 -0.011069 42 157 143
-0.002683 0.051180 -0.005057 42 157 143
0.002793 0.051164 -0.000911 42 157 143
0.007308 0.051150 0.002507 42 157 143
0.006348 0.051153 0.001780 42 157 143
0.000146 0.051172 -0.002915 42 157 143
0.000224 0.051172 -0.002856 42 157 143
0.019193 0.051114 0.011506 42 157 143
0.022252 0.051105 0.013821 42 157 143
-0.045775 0.051311 -0.037683 42 157 143
-0.047257 0.051315 -0.038805 42 157 143
-0.050001 0.051324 -0.040882 42 157 143
-0.055710 0.051341 -0.045205 42 157 143
-0.056896 0.051345 -0.046103 42 157 143
-0.058676 0.051350 -0.047450 42 157 143
-0.062679 0.051362 -0.050482 42 157 143
-0.065423 0.051370 -0.052559 42 157 143
-0.070464 0.051386 -0.056376 42 157 143
-0.074394 0.051398 -0.059351 42 157 143
-0.069056 0.051381 -0.055309 42 157 143
-0.049482 0.051322 -0.040490 42 157 143
-0.049778 0.051323 -0.040714 42 157 143
-0.034431 0.051277 -0.029094 42 157 143
-0.020603 0.051235 -0.018625 42 157 143
-0.000139 0.051173 -0.003132 42 157 143
0.014319 0.051129 0.007815 42 157 143
0.014448 0.051129 0.007913 42 157 143
0.017173 0.051120 0.009976 42 157 143
0.019898 0.051112 0.012039 42 157 143
0.017173 0.051120 0.009976 42 157 143
0.013911 0.051130 0.007506 42 157 143
0.014634 0.051128 0.008053 42 157 143
0.015709 0.051125 0.008867 42 157 143
0.008098 0.051148 0.003105 42 157 143
-0.010987 0.051206 -0.011344 42 157 143
-0.011387 0.051207 -0.011647 42 157 143
-0.013834 0.051214 -0.013500 42 157 143
-0.016280 0.051222 -0.015352 42 157 143
-0.017259 0.051225 -0.016093 42 157 143
-0.018282 0.051228 -0.016868 42 157 143
0.006363 0.051153 0.001791 42 157 143
0.006185 0.051154 0.001657 42 157 143
0.006318 0.051153 0.001758 42 157 143
0.005829 0.051155 0.001387 42 157 143
0.004027 0.051160 0.000023 42 157 143
0.001114 0.051169 -0.002183 42 157 143
0.001536 0.051168 -0.001863 42 157 143
0.001025 0.051169 -0.002250 42 157 143
0.014771 0.051128 0.008157 42 157 143
0.025737 0.051094 0.016460 42 157 143
0.027049 0.051090 0.017453 42 157 143
0.027961 0.051088 0.018144 42 157 143
0.029751 0.051082 0.019499 42 157 143
0.029529 0.051083 0.019331 42 157 143
0.028206 0.051087 0.018329 42 157 143
0.027305 0.051090 0.017647 42 157 143
0.027427 0.051089 0.017739 42 157 143
0.028317 0.051087 0.018413 42 157 143
0.030463 0.051080 0.020038 42 157 143
0.027642 0.051089 0.017902 42 157 143
0.026945 0.051091 0.017375 42 157 143
0.026693 0.051092 0.017184 42 157 143
0.025892 0.051094 0.016577 42 157 143
0.025670 0.051095 0.016409 42 157 143
0.025551 0.051095 0.016319 42 157 143
0.033166 0.051072 0.022084 42 157 143
0.033566 0.051071 0.022387 42 157 143
0.033781 0.051070 0.022550 42 157 143
0.034033 0.051069 0.022741 42 157 143
0.033870 0.051070 0.022618 42 157 143
0.033915 0.051070 0.022651 42 157 143
0.033477 0.051071 0.022320 42 157 143
0.033410 0.051071 0.022270 42 157 143
0.033499 0.051071 0.022337 42 157 143
0.038170 0.051057 0.025873 42 157 143
0.037726 0.051058 0.025537 42 157 143
0.035042 0.051066 0.023505 42 157 143
0.040439 0.051050 0.027591 42 157 143
0.040565 0.051050 0.027687 42 157 143
0.040825 0.051049 0.027883 42 157 143
0.040143 0.051051 0.027367 42 157 143
0.040106 0.051051 0.027339 42 157 143
0.040276 0.051050 0.027468 42 157 143
0.040791 0.051049 0.027858 42 157 143
0.041232 0.051048 0.028192 42 157 143
0.033366 0.051071 0.022236 42 157 143
0.065440 0.050974 0.046520 42 157 143
0.066182 0.050972 0.047081 42 157 143
0.066834 0.050970 0.047575 42 157 143
0.067249 0.050969 0.047890 42 157 143
0.068347 0.050965 0.048720 42 157 143
0.058708 0.050995 0.041423 42 157 143
0.058530 0.050995 0.041288 42 157 143
0.058441 0.050995 0.041221 42 157 143
0.058411 0.050996 0.041198 42 157 143
0.058411 0.050996 0.041198 42 157 143
0.057566 0.050998 0.040558 42 157 143
0.057692 0.050998 0.040654 42 157 143
0.057952 0.050997 0.040850 42 157 143
0.058041 0.050997 0.040918 42 157 143
0.054104 0.051009 0.037937 42 157 143
0.054830 0.051006 0.038487 42 157 143
0.056647 0.051001 0.039862 42 157 143
0.052072 0.051015 0.036399 42 157 143
0.052599 0.051013 0.036797 42 157 143
0.051865 0.051015 0.036242 42 157 143
0.052695 0.051013 0.036870 42 157 143
0.052287 0.051014 0.036562 42 157 143
0.051917 0.051015 0.036281 42 157 143
0.051516 0.051016 0.035978 42 157 143
0.051145 0.051018 0.035697 42 157 143
0.064714 0.050976 0.045970 42 157 143
0.106990 0.050848 0.077978 42 157 143
0.107568 0.050847 0.078416 42 157 143
0.108903 0.050843 0.079426 42 157 143
0.082434 0.050923 0.059386 42 157 143
0.081655 0.050925 0.058797 42 157 143
0.081211 0.050926 0.058460 42 157 143
0.081366 0.050926 0.058578 42 157 143
0.082211 0.050923 0.059218 42 157 143
0.082078 0.050924 0.059117 42 157 143
0.079542 0.050932 0.057197 42 157 143
0.080343 0.050929 0.057803 42 157 143
0.081589 0.050925 0.058746 42 157 143
0.073581 0.050950 0.052684 42 157 143
0.070712 0.050958 0.050511 42 157 143
0.070979 0.050957 0.050713 42 157 143
0.074760 0.050946 0.053576 42 157 143
0.071424 0.050956 0.051050 42 157 143
0.069778 0.050961 0.049804 42 157 143
0.066441 0.050971 0.047278 42 157 143
0.062771 0.050982 0.044499 42 157 143
0.063483 0.050980 0.045038 42 157 143
0.062171 0.050984 0.044044 42 157 143
0.060869 0.050988 0.043059 42 157 143
0.075361 0.050944 0.054031 42 157 143
0.103031 0.050860 0.074981 42 157 143
0.103520 0.050859 0.075351 42 157 143
0.146924 0.050728 0.108213 42 157 143
0.149964 0.050718 0.110514 42 157 143
0.105700 0.050852 0.077001 42 157 143
0.103846 0.050858 0.075598 42 157 143
0.103995 0.050858 0.075710 42 157 143
0.105218 0.050854 0.076636 42 157 143
0.103290 0.050860 0.075177 42 157 143
0.104959 0.050855 0.076440 42 157 143
0.102067 0.050863 0.074251 42 157 143
0.103439 0.050859 0.075289 42 157 143
0.101511 0.050865 0.073830 42 157 143
0.087869 0.050906 0.063501 42 157 143
0.087832 0.050906 0.063473 42 157 143
0.084643 0.050916 0.061059 42 157 143
0.092280 0.050893 0.066841 42 157 143
0.089463 0.050902 0.064708 42 157 143
0.081140 0.050927 0.058407 42 157 143
0.081455 0.050926 0.058645 42 157 143
0.079898 0.050930 0.057466 42 157 143
0.071242 0.050957 0.050913 42 157 143
0.071335 0.050956 0.050983 42 157 143
0.089129 0.050903 0.064455 42 157 143
0.133578 0.050768 0.098108 42 157 143
0.139435 0.050750 0.102543 42 157 143
0.141066 0.050745 0.103778 42 157 143
0.144403 0.050735 0.106304 42 157 143
0.127639 0.050786 0.093612 42 157 143
0.125563 0.050792 0.092040 42 157 143
0.126082 0.050791 0.092433 42 157 143
0.126290 0.050790 0.092590 42 157 143
0.126861 0.050788 0.093022 42 157 143
0.127431 0.050787 0.093455 42 157 143
0.123020 0.050800 0.090115 42 157 143
0.123954 0.050797 0.090822 42 157 143
0.127172 0.050787 0.093258 42 157 143
0.119387 0.050811 0.087364 42 157 143
0.107346 0.050847 0.078248 42 157 143
0.121203 0.050805 0.088739 42 157 143
0.100339 0.050869 0.072943 42 157 143
0.110149 0.050839 0.080369 42 157 143
0.104180 0.050857 0.075851 42 157 143
0.093437 0.050889 0.067717 42 157 143
0.092295 0.050893 0.066852 42 157 143
0.090530 0.050898 0.065516 42 157 143
0.083109 0.050921 0.059897 42 157 143
0.073066 0.050951 0.052293 42 157 143
0.100858 0.050867 0.073336 42 157 143
0.169523 0.050659 0.125323 42 157 143
0.176166 0.050639 0.130352 42 157 143
0.179072 0.050630 0.132553 42 157 143
0.182809 0.050619 0.135382 42 157 143
0.184885 0.050613 0.136954 42 157 143
0.206194 0.050548 0.153087 42 157 143
0.209130 0.050539 0.155310 42 157 143
0.205927 0.050549 0.152885 42 157 143
0.203124 0.050557 0.150763 42 157 143
0.204192 0.050554 0.151571 42 157 143
0.155213 0.050702 0.114488 42 157 143
0.162286 0.050681 0.119844 42 157 143
0.134861 0.050764 0.099079 42 157 143
0.126586 0.050789 0.092815 42 157 143
0.117845 0.050816 0.086196 42 157 143
0.111439 0.050835 0.081346 42 157 143
0.106434 0.050850 0.077557 42 157 143
0.102831 0.050861 0.074829 42 157 143
0.098693 0.050874 0.071697 42 157 143
0.094590 0.050886 0.068590 42 157 143
0.091487 0.050895 0.066240 42 157 143
0.088751 0.050904 0.064169 42 157 143
0.090152 0.050899 0.065230 42 157 143
0.098693 0.050874 0.071697 42 157 143
0.095791 0.050882 0.069499 42 157 143
0.174564 0.050644 0.129140 42 157 143
0.182305 0.050620 0.135000 42 157 143
0.184040 0.050615 0.136314 42 157 143
0.186842 0.050607 0.138436 42 157 143
0.191647 0.050592 0.142073 42 157 143
0.194716 0.050583 0.144397 42 157 143
0.200188 0.050566 0.148540 42 157 143
0.251347 0.050411 0.187273 42 157 143
0.248900 0.050419 0.185421 42 157 143
0.241397 0.050442 0.179740 42 157 143
0.240745 0.050444 0.179246 42 157 143
0.154457 0.050705 0.113916 42 157 143
0.152255 0.050711 0.112249 42 157 143
0.148503 0.050723 0.109408 42 157 143
0.143528 0.050738 0.105642 42 157 143
0.133904 0.050767 0.098355 42 157 143
0.126401 0.050790 0.092674 42 157 143
0.120202 0.050808 0.087981 42 157 143
0.114697 0.050825 0.083813 42 157 143
0.109926 0.050840 0.080201 42 157 143
0.105767 0.050852 0.077052 42 157 143
0.101648 0.050865 0.073934 42 157 143
0.100099 0.050869 0.072760 42 157 143
0.115187 0.050824 0.084184 42 157 143
0.110008 0.050839 0.080263 42 157 143
0.217908 0.050513 0.161956 42 157 143
0.221823 0.050501 0.164920 42 157 143
0.222639 0.050498 0.165538 42 157 143
0.228674 0.050480 0.170107 42 157 143
0.232263 0.050469 0.172824 42 157 143
0.236667 0.050456 0.176159 42 157 143
0.244170 0.050433 0.181839 42 157 143
0.249063 0.050418 0.185544 42 157 143
0.288433 0.050299 0.215352 42 157 143
0.295180 0.050279 0.220460 42 157 143
0.266843 0.050365 0.199006 42 157 143
0.181156 0.050624 0.134130 42 157 143
0.185107 0.050612 0.137122 42 157 143
0.171999 0.050652 0.127197 42 157 143
0.158216 0.050693 0.116762 42 157 143
0.146842 0.050728 0.108151 42 157 143
0.138649 0.050753 0.101948 42 157 143
0.132481 0.050771 0.097277 42 157 143
0.125637 0.050792 0.092096 42 157 143
0.120240 0.050808 0.088009 42 157 143
0.114986 0.050824 0.084032 42 157 143
0.112721 0.050831 0.082317 42 157 143
0.130071 0.050779 0.095453 42 157 143
0.129975 0.050779 0.095380 42 157 143
0.134938 0.050764 0.099138 42 157 143
0.256048 0.050397 0.190832 42 157 143
0.256240 0.050397 0.190978 42 157 143
0.261253 0.050381 0.194773 42 157 143
0.266650 0.050365 0.198860 42 157 143
0.270313 0.050354 0.201633 42 157 143
0.279180 0.050327 0.208346 42 157 143
0.284000 0.050313 0.211995 42 157 143
0.292289 0.050287 0.218271 42 157 143
0.296915 0.050273 0.221774 42 157 143
0.327018 0.050182 0.244565 42 157 143
0.275859 0.050337 0.205832 42 157 143
0.181215 0.050624 0.134175 42 157 143
0.151187 0.050715 0.111440 42 157 143
0.187332 0.050605 0.138806 42 157 143
0.173541 0.050647 0.128365 42 157 143
0.159528 0.050689 0.117755 42 157 143
0.149741 0.050719 0.110346 42 157 143
0.142957 0.050740 0.105209 42 157 143
0.136618 0.050759 0.100410 42 157 143
0.127943 0.050785 0.093842 42 157 143
0.123050 0.050800 0.090137 42 157 143
0.132558 0.050771 0.097336 42 157 143
0.146071 0.050730 0.107567 42 157 143
0.146405 0.050729 0.107820 42 157 143
0.286980 0.050304 0.214252 42 157 143
0.292319 0.050287 0.218294 42 157 143
0.294765 0.050280 0.220146 42 157 143
0.300326 0.050263 0.224356 42 157 143
0.303662 0.050253 0.226882 42 157 143
0.312782 0.050225 0.233787 42 157 143
0.321679 0.050198 0.240523 42 157 143
0.330132 0.050173 0.246922 42 157 143
0.339918 0.050143 0.254332 42 157 143
0.339251 0.050145 0.253827 42 157 143
0.343700 0.050132 0.257195 42 157 143
-0.092369 0.100612 -0.084578 131 56 236
-0.095879 0.102110 -0.085469 131 56 236
-0.095619 0.101999 -0.085403 131 56 236
-0.091329 0.100169 -0.084314 131 56 236
-0.091719 0.100335 -0.084413 131 56 236
-0.091069 0.100058 -0.084248 131 56 236
-0.091199 0.100113 -0.084281 131 56 236
-0.091199 0.100113 -0.084281 131 56 236
-0.092759 0.100779 -0.084677 131 56 236
-0.089769 0.099503 -0.083918 131 56 236
-0.093539 0.101112 -0.084875 131 56 236
-0.174150 0.135501 -0.105330 131 56 236
-0.169209 0.133393 -0.104077 131 56 236
-0.165308 0.131729 -0.103087 131 56 236
-0.170249 0.133837 -0.104341 131 56 236
-0.172329 0.134724 -0.104868 131 56 236
-0.057589 0.085775 -0.075753 131 56 236
-0.056094 0.085137 -0.075373 131 56 236
-0.057914 0.085914 -0.075835 131 56 236
-0.056939 0.085498 -0.075588 131 56 236
-0.054209 0.084333 -0.074895 131 56 236
-0.050634 0.082808 -0.073988 131 56 236
-0.052974 0.083806 -0.074581 131 56 236
-0.046668 0.081116 -0.072981 131 56 236
-0.041857 0.079064 -0.071761 131 56 236
-0.084308 0.097174 -0.082533 131 56 236
-0.076928 0.094025 -0.080660 131 56 236
-0.078075 0.094514 -0.080951 131 56 236
-0.075780 0.093536 -0.080369 131 56 236
-0.075321 0.093340 -0.080252 131 56 236
-0.074863 0.093144 -0.080136 131 56 236
-0.073027 0.092361 -0.079670 131 56 236
-0.075551 0.093438 -0.080310 131 56 236
-0.075666 0.093487 -0.080340 131 56 236
-0.066603 0.089620 -0.078040 131 56 236
-0.142892 0.122166 -0.097399 131 56 236
-0.146219 0.123585 -0.098243 131 56 236
-0.139565 0.120747 -0.096554 131 56 236
-0.143007 0.122215 -0.097428 131 56 236
-0.143695 0.122509 -0.097602 131 56 236
-0.146219 0.123585 -0.098243 131 56 236
-0.044806 0.080322 -0.072509 131 56 236
-0.045207 0.080493 -0.072611 131 56 236
-0.053524 0.084041 -0.074721 131 56 236
-0.046297 0.080958 -0.072887 131 56 236
-0.066832 0.089718 -0.078098 131 56 236
-0.055475 0.084873 -0.075216 131 56 236
-0.035857 0.076504 -0.070238 131 56 236
-0.028573 0.073396 -0.068390 131 56 236
-0.027884 0.073103 -0.068215 131 56 236
-0.069815 0.090991 -0.078855 131 56 236
-0.076813 0.093976 -0.080631 131 56 236
-0.054228 0.084341 -0.074900 131 56 236
-0.054924 0.084638 -0.075076 131 56 236
-0.059001 0.086377 -0.076111 131 56 236
-0.055322 0.084808 -0.075177 131 56 236
-0.056018 0.085105 -0.075354 131 56 236
-0.057310 0.085656 -0.075682 131 56 236
-0.061884 0.087607 -0.076842 131 56 236
-0.066159 0.089431 -0.077927 131 56 236
-0.116866 0.111063 -0.090794 131 56 236
-0.113883 0.109791 -0.090037 131 56 236
-0.112889 0.109366 -0.089785 131 56 236
-0.116070 0.110724 -0.090592 131 56 236
-0.121439 0.113014 -0.091955 131 56 236
-0.135359 0.118952 -0.095487 131 56 236
-0.064071 0.088540 -0.077397 131 56 236
-0.058404 0.086123 -0.075959 131 56 236
-0.042198 0.079209 -0.071847 131 56 236
-0.036232 0.076664 -0.070333 131 56 236
-0.051544 0.083196 -0.074219 131 56 236
-0.036630 0.076834 -0.070434 131 56 236
-0.019827 0.069665 -0.066170 131 56 236
-0.016248 0.068138 -0.065262 131 56 236
-0.016496 0.068244 -0.065325 131 56 236
-0.050748 0.082857 -0.074017 131 56 236
-0.049754 0.082432 -0.073764 131 56 236
-0.055024 0.084681 -0.075102 131 56 236
-0.034672 0.075998 -0.069937 131 56 236
-0.034924 0.076106 -0.070001 131 56 236
-0.034083 0.075747 -0.069788 131 56 236
-0.036607 0.076824 -0.070428 131 56 236
-0.038710 0.077721 -0.070962 131 56 236
-0.043926 0.079946 -0.072286 131 56 236
-0.083214 0.096707 -0.082255 131 56 236
-0.090449 0.099793 -0.084091 131 56 236
-0.087084 0.098358 -0.083237 131 56 236
-0.092468 0.100655 -0.084603 131 56 236
-0.041318 0.078834 -0.071624 131 56 236
-0.046029 0.080844 -0.072819 131 56 236
-0.047460 0.081454 -0.073182 131 56 236
-0.046114 0.080879 -0.072841 131 56 236
-0.039131 0.077901 -0.071069 131 56 236
-0.023651 0.071297 -0.067141 131 56 236
-0.021632 0.070435 -0.066628 131 56 236
-0.023904 0.071404 -0.067205 131 56 236
-0.010401 0.065644 -0.063778 131 56 236
-0.005900 0.063724 -0.062636 131 56 236
-0.005984 0.063760 -0.062658 131 56 236
-0.004428 0.063096 -0.062263 131 56 236
-0.023315 0.071153 -0.067055 131 56 236
-0.029204 0.073666 -0.068550 131 56 236
-0.032485 0.075065 -0.069382 131 56 236
-0.032148 0.074922 -0.069297 131 56 236
-0.015208 0.067695 -0.064998 131 56 236
-0.016929 0.068429 -0.065435 131 56 236
-0.019613 0.069574 -0.066116 131 56 236
-0.022573 0.070837 -0.066867 131 56 236
-0.041777 0.079029 -0.071740 131 56 236
-0.068759 0.090540 -0.078587 131 56 236
-0.066144 0.089425 -0.077923 131 56 236
-0.020714 0.070044 -0.066395 131 56 236
-0.020714 0.070044 -0.066395 131 56 236
-0.024156 0.071512 -0.067269 131 56 236
-0.028974 0.073568 -0.068491 131 56 236
-0.031452 0.074625 -0.069120 131 56 236
-0.030282 0.074126 -0.068823 131 56 236
-0.025877 0.072246 -0.067705 131 56 236
-0.011560 0.066138 -0.064072 131 56 236
-0.008428 0.064802 -0.063278 131 56 236
-0.009185 0.065125 -0.063470 131 56 236
-0.002715 0.062365 -0.061828 131 56 236
0.005442 0.058885 -0.059758 131 56 236
0.010949 0.056536 -0.058361 131 56 236
0.013564 0.055420 -0.057697 131 56 236
0.014356 0.055083 -0.057496 131 56 236
-0.003403 0.062659 -0.062003 131 56 236
-0.009082 0.065081 -0.063444 131 56 236
-0.010562 0.065713 -0.063819 131 56 236
-0.011904 0.066285 -0.064160 131 56 236
-0.001495 0.061845 -0.061518 131 56 236
-0.003850 0.062850 -0.062116 131 56 236
-0.005938 0.063740 -0.062646 131 56 236
-0.037632 0.077261 -0.070688 131 56 236
-0.004761 0.063238 -0.062347 131 56 236
-0.007116 0.064243 -0.062945 131 56 236
-0.004439 0.063101 -0.062266 131 56 236
-0.006474 0.063969 -0.062782 131 56 236
-0.042182 0.079202 -0.071843 131 56 236
-0.023552 0.071254 -0.067115 131 56 236
-0.028477 0.073356 -0.068365 131 56 236
-0.019055 0.069336 -0.065974 131 56 236
-0.014236 0.067280 -0.064752 131 56 236
-0.005992 0.063763 -0.062660 131 56 236
0.002413 0.060177 -0.060527 131 56 236
0.006616 0.058385 -0.059460 131 56 236
0.008383 0.057631 -0.059012 131 56 236
0.017832 0.053600 -0.056614 131 56 236
0.019813 0.052755 -0.056112 131 56 236
0.021526 0.052024 -0.055677 131 56 236
0.023025 0.051384 -0.055296 131 56 236
0.023507 0.051179 -0.055174 131 56 236
0.015128 0.054753 -0.057300 131 56 236
0.007446 0.058031 -0.059250 131 56 236
0.005465 0.058876 -0.059752 131 56 236
0.003618 0.059663 -0.060221 131 56 236
0.001905 0.060394 -0.060656 131 56 236
0.010604 0.056683 -0.058448 131 56 236
0.010299 0.056814 -0.058526 131 56 236
-0.012913 0.066716 -0.064416 131 56 236
-0.014443 0.067368 -0.064804 131 56 236
-0.012913 0.066716 -0.064416 131 56 236
-0.012760 0.066651 -0.064377 131 56 236
-0.014137 0.067238 -0.064726 131 56 236
-0.013105 0.066797 -0.064464 131 56 236
0.015384 0.054644 -0.057235 131 56 236
0.015499 0.054595 -0.057206 131 56 236
0.015308 0.054676 -0.057255 131 56 236
0.016264 0.054269 -0.057012 131 56 236
0.017755 0.053632 -0.056634 131 56 236
0.022363 0.051667 -0.055464 131 56 236
0.025977 0.050125 -0.054547 131 56 236
0.029017 0.048828 -0.053776 131 56 236
0.030145 0.048347 -0.053490 131 56 236
0.031178 0.047906 -0.053228 131 56 236
0.032038 0.047539 -0.053009 131 56 236
0.031962 0.047572 -0.053029 131 56 236
0.024103 0.050924 -0.055023 131 56 236
0.020968 0.052262 -0.055818 131 56 236
0.018635 0.053257 -0.056410 131 56 236
0.016761 0.054056 -0.056886 131 56 236
0.015843 0.054448 -0.057119 131 56 236
0.013396 0.055492 -0.057740 131 56 236
0.020723 0.052366 -0.055881 131 56 236
0.010581 0.056693 -0.058454 131 56 236
0.011086 0.056477 -0.058326 131 56 236
0.012325 0.055949 -0.058012 131 56 236
0.011545 0.056282 -0.058209 131 56 236
0.029074 0.048803 -0.053761 131 56 236
0.029258 0.048725 -0.053715 131 56 236
0.030256 0.048299 -0.053461 131 56 236
0.030199 0.048324 -0.053476 131 56 236
0.030543 0.048177 -0.053389 131 56 236
0.031438 0.047795 -0.053162 131 56 236
0.035361 0.046122 -0.052166 131 56 236
0.038401 0.044825 -0.051395 131 56 236
0.039331 0.044428 -0.051159 131 56 236
0.039181 0.044492 -0.051197 131 56 236
0.039732 0.044257 -0.051057 131 56 236
0.039893 0.044188 -0.051016 131 56 236
0.040070 0.044112 -0.050971 131 56 236
0.040225 0.044046 -0.050932 131 56 236
0.034352 0.046552 -0.052422 131 56 236
0.032493 0.047345 -0.052894 131 56 236
0.031805 0.047639 -0.053068 131 56 236
0.030910 0.048020 -0.053296 131 56 236
0.029809 0.048490 -0.053575 131 56 236
0.028111 0.049215 -0.054006 131 56 236
0.026711 0.049812 -0.054361 131 56 236
0.037747 0.045104 -0.051561 131 56 236
0.037656 0.045143 -0.051584 131 56 236
0.043613 0.042601 -0.050072 131 56 236
0.043552 0.042627 -0.050088 131 56 236
0.043705 0.042562 -0.050049 131 56 236
0.043873 0.042490 -0.050006 131 56 236
0.043828 0.042510 -0.050018 131 56 236
0.044309 0.042304 -0.049895 131 56 236
0.045372 0.041851 -0.049626 131 56 236
0.046099 0.041541 -0.049441 131 56 236
0.046650 0.041306 -0.049302 131 56 236
0.047384 0.040993 -0.049115 131 56 236
0.047602 0.040900 -0.049060 131 56 236
0.047499 0.040944 -0.049086 131 56 236
0.047537 0.040927 -0.049076 131 56 236
0.047579 0.040909 -0.049066 131 56 236
0.047833 0.040801 -0.049001 131 56 236
0.047797 0.040816 -0.049010 131 56 236
0.046971 0.041169 -0.049220 131 56 236
0.045686 0.041717 -0.049546 131 56 236
0.045151 0.041945 -0.049682 131 56 236
0.045005 0.042007 -0.049719 131 56 236
0.044730 0.042125 -0.049789 131 56 236
0.044394 0.042268 -0.049874 131 56 236
0.043743 0.042546 -0.050039 131 56 236
0.043116 0.042813 -0.050198 131 56 236
0.040256 0.044033 -0.050924 131 56 236
0.059070 0.036007 -0.046150 131 56 236
0.059323 0.035899 -0.046086 131 56 236
0.059307 0.035906 -0.046090 131 56 236
0.059376 0.035877 -0.046072 131 56 236
0.059231 0.035939 -0.046109 131 56 236
0.059139 0.035978 -0.046132 131 56 236
0.057747 0.036571 -0.046486 131 56 236
0.056554 0.037080 -0.046788 131 56 236
0.056045 0.037297 -0.046917 131 56 236
0.055774 0.037413 -0.046986 131 56 236
0.055518 0.037523 -0.047051 131 56 236
0.055338 0.037599 -0.047097 131 56 236
0.055353 0.037593 -0.047093 131 56 236
0.055411 0.037568 -0.047078 131 56 236
0.055330 0.037603 -0.047099 131 56 236
0.055221 0.037649 -0.047126 131 56 236
0.055353 0.037593 -0.047093 131 56 236
0.056275 0.037200 -0.046859 131 56 236
0.057388 0.036725 -0.046577 131 56 236
0.057778 0.036558 -0.046478 131 56 236
0.058045 0.036444 -0.046410 131 56 236
0.058474 0.036262 -0.046301 131 56 236
0.058757 0.036141 -0.046229 131 56 236
0.059139 0.035978 -0.046132 131 56 236
0.060179 0.035534 -0.045868 131 56 236
0.065862 0.033110 -0.044426 131 56 236
0.075261 0.029100 -0.042041 131 56 236
0.075445 0.029022 -0.041995 131 56 236
0.075743 0.028894 -0.041919 131 56 236
0.075307 0.029080 -0.042030 131 56 236
0.073345 0.029917 -0.042527 131 56 236
0.067747 0.032305 -0.043948 131 56 236
0.065464 0.033279 -0.044527 131 56 236
0.064225 0.033808 -0.044842 131 56 236
0.063301 0.034202 -0.045076 131 56 236
0.062481 0.034552 -0.045284 131 56 236
0.062395 0.034589 -0.045306 131 56 236
0.062378 0.034596 -0.045310 131 56 236
0.063049 0.034310 -0.045140 131 56 236
0.062716 0.034452 -0.045225 131 56 236
0.062940 0.034356 -0.045168 131 56 236
0.063273 0.034214 -0.045083 131 56 236
0.065785 0.033142 -0.044446 131 56 236
0.068974 0.031782 -0.043637 131 56 236
0.070489 0.031136 -0.043252 131 56 236
0.071131 0.030862 -0.043089 131 56 236
0.072531 0.030265 -0.042734 131 56 236
0.073632 0.029795 -0.042455 131 56 236
0.075032 0.029198 -0.042099 131 56 236
0.079185 0.027426 -0.041046 131 56 236
0.094718 0.020799 -0.037104 131 56 236
0.073540 0.029834 -0.042478 131 56 236
0.092056 0.021935 -0.037779 131 56 236
0.087066 0.024064 -0.039046 131 56 236
0.086511 0.024300 -0.039186 131 56 236
0.086205 0.024431 -0.039264 131 56 236
0.077028 0.028346 -0.041593 131 56 236
0.073414 0.029888 -0.042510 131 56 236
0.071273 0.030801 -0.043053 131 56 236
0.069619 0.031507 -0.043473 131 56 236
0.069036 0.031756 -0.043621 131 56 236
0.069552 0.031535 -0.043490 131 56 236
0.069265 0.031658 -0.043563 131 56 236
0.070336 0.031201 -0.043291 131 56 236
0.070087 0.031307 -0.043354 131 56 236
0.070087 0.031307 -0.043354 131 56 236
0.070527 0.031119 -0.043243 131 56 236
0.075670 0.028925 -0.041937 131 56 236
0.080355 0.026927 -0.040749 131 56 236
0.083108 0.025752 -0.040050 131 56 236
0.083796 0.025459 -0.039875 131 56 236
0.087161 0.024023 -0.039021 131 56 236
0.089035 0.023224 -0.038546 131 56 236
0.091444 0.022196 -0.037935 131 56 236
0.118251 0.010760 -0.031132 131 56 236
0.104178 0.016763 -0.034703 131 56 236
0.088882 0.023289 -0.038585 131 56 236
0.091444 0.022196 -0.037935 131 56 236
0.108041 0.015116 -0.033723 131 56 236
0.108094 0.015093 -0.033710 131 56 236
0.110985 0.013860 -0.032976 131 56 236
0.084404 0.025199 -0.039721 131 56 236
0.080657 0.026798 -0.040672 131 56 236
0.078007 0.027929 -0.041345 131 56 236
0.075263 0.029099 -0.042041 131 56 236
0.075116 0.029162 -0.042078 131 56 236
0.076401 0.028614 -0.041752 131 56 236
0.075785 0.028876 -0.041908 131 56 236
0.077445 0.028168 -0.041487 131 56 236
0.077097 0.028317 -0.041575 131 56 236
0.077043 0.028340 -0.041589 131 56 236
0.078729 0.027620 -0.041161 131 56 236
0.087563 0.023852 -0.038920 131 56 236
0.093425 0.021351 -0.037432 131 56 236
0.096370 0.020095 -0.036685 131 56 236
0.098832 0.019044 -0.036060 131 56 236
0.101268 0.018005 -0.035442 131 56 236
0.105150 0.016349 -0.034457 131 56 236
0.108576 0.014887 -0.033587 131 56 236
0.148728 -0.002242 -0.023399 131 56 236
0.102259 0.017582 -0.035190 131 56 236
0.104936 0.016440 -0.034511 131 56 236
0.106649 0.015710 -0.034076 131 56 236
0.108148 0.015070 -0.033696 131 56 236
0.106970 0.015573 -0.033995 131 56 236
0.105043 0.016395 -0.034484 131 56 236
0.100982 0.018127 -0.035515 131 56 236
0.099949 0.018568 -0.035777 131 56 236
0.104423 0.016659 -0.034641 131 56 236
0.113440 0.012812 -0.032353 131 56 236
0.117777 0.010962 -0.031253 131 56 236
0.104492 0.016630 -0.034624 131 56 236
0.104767 0.016512 -0.034554 131 56 236
0.108622 0.014868 -0.033576 131 56 236
0.112408 0.013253 -0.032615 131 56 236
0.116090 0.011682 -0.031681 131 56 236
0.124040 0.008290 -0.029663 131 56 236
0.122320 0.009024 -0.030100 131 56 236
0.121562 0.009347 -0.030292 131 56 236
0.119910 0.010052 -0.030711 131 56 236
0.119842 0.010081 -0.030729 131 56 236
0.121149 0.009523 -0.030397 131 56 236
0.121769 0.009259 -0.030240 131 56 236
0.117226 0.011197 -0.031392 131 56 236
0.085632 0.024676 -0.039410 131 56 236
0.086492 0.024309 -0.039191 131 56 236
0.088626 0.023398 -0.038650 131 56 236
0.089762 0.022914 -0.038362 131 56 236
0.091586 0.022136 -0.037899 131 56 236
0.096852 0.019889 -0.036563 131 56 236
0.112890 0.013047 -0.032493 131 56 236
0.118442 0.010678 -0.031084 131 56 236
0.112805 0.013083 -0.032514 131 56 236
0.108809 0.014788 -0.033528 131 56 236
0.118358 0.010714 -0.031105 131 56 236
0.129799 0.005833 -0.028202 131 56 236
0.135268 0.003500 -0.026814 131 56 236
0.121008 0.009584 -0.030433 131 56 236
0.123069 0.008704 -0.029910 131 56 236
0.128790 0.006264 -0.028458 131 56 236
0.133249 0.004362 -0.027327 131 56 236
0.139811 0.001562 -0.025661 131 56 236
0.136950 0.002783 -0.026387 131 56 236
0.136361 0.003034 -0.026537 131 56 236
0.135604 0.003357 -0.026729 131 56 236
0.134931 0.003644 -0.026900 131 56 236
0.137034 0.002747 -0.026366 131 56 236
0.139390 0.001742 -0.025768 131 56 236
0.132491 0.004685 -0.027519 131 56 236
0.095980 0.020261 -0.036784 131 56 236
0.098966 0.018987 -0.036026 131 56 236
0.099639 0.018700 -0.035855 131 56 236
0.103383 0.017103 -0.034905 131 56 236
0.129210 0.006085 -0.028351 131 56 236
0.138969 0.001921 -0.025875 131 56 236
0.129757 0.005851 -0.028213 131 56 236
0.123826 0.008381 -0.029718 131 56 236
0.121754 0.009266 -0.030244 131 56 236
0.120163 0.009944 -0.030647 131 56 236
0.133734 0.004155 -0.027203 131 56 236
0.146908 -0.001465 -0.023860 131 56 236
0.139153 0.001843 -0.025828 131 56 236
0.141837 0.000698 -0.025147 131 56 236
0.145914 -0.001041 -0.024113 131 56 236
0.150885 -0.003162 -0.022851 131 56 236
0.153868 -0.004435 -0.022094 131 56 236
0.150090 -0.002823 -0.023053 131 56 236
0.144522 -0.000447 -0.024466 131 56 236
0.151581 -0.003459 -0.022675 131 56 236
0.148698 -0.002229 -0.023406 131 56 236
0.102813 0.017346 -0.035050 131 56 236
0.100477 0.018343 -0.035643 131 56 236
0.096003 0.020251 -0.036778 131 56 236
0.112706 0.013125 -0.032539 131 56 236
0.109226 0.014610 -0.033422 131 56 236
0.112607 0.013168 -0.032565 131 56 236
0.116385 0.011556 -0.031606 131 56 236
0.220582 -0.032895 -0.005165 131 56 236
0.171267 -0.011857 -0.017679 131 56 236
0.149443 -0.002547 -0.023217 131 56 236
0.141837 0.000698 -0.025147 131 56 236
0.135425 0.003434 -0.026774 131 56 236
0.129658 0.005894 -0.028238 131 56 236
0.132553 0.004659 -0.027503 131 56 236
0.150449 -0.002976 -0.022962 131 56 236
0.164216 -0.008849 -0.019469 131 56 236
0.161462 -0.007674 -0.020167 131 56 236
0.164732 -0.009069 -0.019338 131 56 236
0.168804 -0.010807 -0.018304 131 56 236
0.169837 -0.011247 -0.018042 131 56 236
0.164273 -0.008873 -0.019454 131 56 236
0.157677 -0.006059 -0.021128 131 56 236
0.167772 -0.010366 -0.018566 131 56 236
0.173049 -0.012617 -0.017227 131 56 236
0.165822 -0.009534 -0.019061 131 56 236
0.166051 -0.009632 -0.019003 131 56 236
0.165592 -0.009436 -0.019119 131 56 236
0.160774 -0.007381 -0.020342 131 56 236
0.126645 0.007179 -0.029002 131 56 236
0.133241 0.004365 -0.027329 131 56 236
0.194617 -0.021818 -0.011754 131 56 236
0.251633 -0.046142 0.002714 131 56 236
0.139551 0.001673 -0.025727 131 56 236
0.188078 -0.019029 -0.013414 131 56 236
0.173737 -0.012911 -0.017052 131 56 236
0.159512 -0.006842 -0.020662 131 56 236
0.148040 -0.001948 -0.023573 131 56 236
0.139321 0.001771 -0.025786 131 56 236
0.133757 0.004145 -0.027198 131 56 236
-0.128485 0.055958 0.054179 29 53 87
-0.104162 0.054654 0.043074 29 53 87
-0.095153 0.054171 0.038962 29 53 87
-0.088397 0.053809 0.035877 29 53 87
-0.080389 0.053380 0.032221 29 53 87
-0.087446 0.053758 0.035443 29 53 87
-0.090949 0.053946 0.037042 29 53 87
-0.086445 0.053705 0.034986 29 53 87
-0.083743 0.053560 0.033752 29 53 87
-0.077837 0.053243 0.031056 29 53 87
-0.069128 0.052776 0.027080 29 53 87
-0.134892 0.056301 0.057104 29 53 87
-0.136193 0.056371 0.057698 29 53 87
-0.137995 0.056468 0.058520 29 53 87
-0.141598 0.056661 0.060165 29 53 87
-0.142599 0.056714 0.060622 29 53 87
-0.145302 0.056859 0.061856 29 53 87
-0.146102 0.056902 0.062222 29 53 87
-0.149406 0.057079 0.063730 29 53 87
-0.151307 0.057181 0.064598 29 53 87
-0.154010 0.057326 0.065832 29 53 87
-0.161517 0.057729 0.069259 29 53 87
-0.197752 0.059671 0.085802 29 53 87
-0.165621 0.057948 0.071133 29 53 87
-0.153009 0.057272 0.065375 29 53 87
-0.148505 0.057031 0.063319 29 53 87
-0.086430 0.053704 0.034979 29 53 87
-0.079586 0.053337 0.031854 29 53 87
-0.073315 0.053001 0.028991 29 53 87
-0.065543 0.052584 0.025443 29 53 87
-0.063865 0.052494 0.024677 29 53 87
-0.075523 0.053119 0.029999 29 53 87
-0.072741 0.052970 0.028729 29 53 87
-0.071107 0.052882 0.027983 29 53 87
-0.062937 0.052445 0.024254 29 53 87
-0.113059 0.055131 0.047136 29 53 87
-0.116238 0.055302 0.048588 29 53 87
-0.118711 0.055434 0.049717 29 53 87
-0.120213 0.055515 0.050402 29 53 87
-0.124276 0.055732 0.052257 29 53 87
-0.125424 0.055794 0.052781 29 53 87
-0.126572 0.055855 0.053305 29 53 87
-0.128250 0.055945 0.054072 29 53 87
-0.132489 0.056173 0.056007 29 53 87
-0.123304 0.055680 0.051813 29 53 87
-0.128868 0.055978 0.054354 29 53 87
-0.132489 0.056173 0.056007 29 53 87
-0.139908 0.056570 0.059394 29 53 87
-0.162960 0.057806 0.069918 29 53 87
-0.098486 0.054350 0.040483 29 53 87
-0.096366 0.054236 0.039515 29 53 87
-0.099988 0.054430 0.041169 29 53 87
-0.066973 0.052661 0.026096 29 53 87
-0.058554 0.052210 0.022252 29 53 87
-0.053693 0.051949 0.020033 29 53 87
-0.050938 0.051801 0.018775 29 53 87
-0.058822 0.052224 0.022375 29 53 87
-0.059893 0.052281 0.022864 29 53 87
-0.056678 0.052109 0.021396 29 53 87
-0.050517 0.051779 0.018583 29 53 87
-0.097974 0.054323 0.040249 29 53 87
-0.098892 0.054372 0.040669 29 53 87
-0.100270 0.054446 0.041298 29 53 87
-0.101954 0.054536 0.042066 29 53 87
-0.103791 0.054634 0.042905 29 53 87
-0.106929 0.054803 0.044338 29 53 87
-0.106700 0.054790 0.044233 29 53 87
-0.107925 0.054856 0.044792 29 53 87
-0.108231 0.054872 0.044932 29 53 87
-0.099734 0.054417 0.041053 29 53 87
-0.101724 0.054524 0.041962 29 53 87
-0.103179 0.054602 0.042626 29 53 87
-0.117569 0.055373 0.049195 29 53 87
-0.109379 0.054934 0.045456 29 53 87
-0.083354 0.053539 0.033575 29 53 87
-0.079297 0.053321 0.031723 29 53 87
-0.094606 0.054142 0.038712 29 53 87
-0.071911 0.052925 0.028350 29 53 87
-0.044687 0.051466 0.015922 29 53 87
-0.043003 0.051376 0.015153 29 53 87
-0.040413 0.051237 0.013970 29 53 87
-0.044979 0.051482 0.016055 29 53 87
-0.047311 0.051607 0.017119 29 53 87
-0.042647 0.051357 0.014990 29 53 87
-0.081022 0.053414 0.032510 29 53 87
-0.082901 0.053515 0.033368 29 53 87
-0.083160 0.053528 0.033486 29 53 87
-0.084261 0.053587 0.033989 29 53 87
-0.085621 0.053660 0.034610 29 53 87
-0.086463 0.053706 0.034994 29 53 87
-0.087693 0.053771 0.035556 29 53 87
-0.089895 0.053890 0.036561 29 53 87
-0.090155 0.053903 0.036679 29 53 87
-0.084779 0.053615 0.034225 29 53 87
-0.085297 0.053643 0.034462 29 53 87
-0.087175 0.053744 0.035319 29 53 87
-0.094883 0.054157 0.038838 29 53 87
-0.119494 0.055476 0.050074 29 53 87
-0.105246 0.054712 0.043569 29 53 87
-0.066028 0.052610 0.025665 29 53 87
-0.066190 0.052619 0.025739 29 53 87
-0.076748 0.053185 0.030559 29 53 87
-0.077071 0.053202 0.030706 29 53 87
-0.045659 0.051518 0.016365 29 53 87
-0.034127 0.050900 0.011101 29 53 87
-0.032299 0.050802 0.010266 29 53 87
-0.033120 0.050846 0.010641 29 53 87
-0.037174 0.051064 0.012492 29 53 87
-0.033889 0.050887 0.010992 29 53 87
-0.066956 0.052660 0.026088 29 53 87
-0.068334 0.052734 0.026717 29 53 87
-0.068599 0.052748 0.026838 29 53 87
-0.068970 0.052768 0.027008 29 53 87
-0.069817 0.052813 0.027395 29 53 87
-0.070612 0.052856 0.027758 29 53 87
-0.072679 0.052967 0.028701 29 53 87
-0.070718 0.052862 0.027806 29 53 87
-0.074534 0.053066 0.029548 29 53 87
-0.071619 0.052910 0.028217 29 53 87
-0.072573 0.052961 0.028653 29 53 87
-0.074852 0.053083 0.029693 29 53 87
-0.088683 0.053824 0.036007 29 53 87
-0.071089 0.052881 0.027975 29 53 87
-0.053496 0.051938 0.019943 29 53 87
-0.049892 0.051745 0.018298 29 53 87
-0.054582 0.051997 0.020439 29 53 87
-0.065896 0.052603 0.025604 29 53 87
-0.038420 0.051130 0.013060 29 53 87
-0.038022 0.051109 0.012879 29 53 87
-0.037651 0.051089 0.012710 29 53 87
-0.025210 0.050422 0.007030 29 53 87
-0.026962 0.050516 0.007829 29 53 87
-0.028713 0.050610 0.008629 29 53 87
-0.024695 0.050395 0.006794 29 53 87
-0.052000 0.051858 0.019260 29 53 87
-0.053278 0.051927 0.019844 29 53 87
-0.053567 0.051942 0.019975 29 53 87
-0.054102 0.051971 0.020220 29 53 87
-0.055091 0.052024 0.020672 29 53 87
-0.053649 0.051947 0.020013 29 53 87
-0.055710 0.052057 0.020954 29 53 87
-0.056699 0.052110 0.021406 29 53 87
-0.058059 0.052183 0.022027 29 53 87
-0.056699 0.052110 0.021406 29 53 87
-0.055875 0.052066 0.021029 29 53 87
-0.060285 0.052302 0.023043 29 53 87
-0.057441 0.052150 0.021744 29 53 87
-0.053484 0.051938 0.019938 29 53 87
-0.051753 0.051845 0.019148 29 53 87
-0.040213 0.051226 0.013879 29 53 87
-0.040316 0.051232 0.013926 29 53 87
-0.053113 0.051918 0.019768 29 53 87
-0.051011 0.051805 0.018809 29 53 87
-0.045777 0.051525 0.016419 29 53 87
-0.030815 0.050723 0.009589 29 53 87
-0.028837 0.050617 0.008685 29 53 87
-0.027126 0.050525 0.007905 29 53 87
-0.021927 0.050246 0.005531 29 53 87
-0.019557 0.050119 0.004449 29 53 87
-0.038782 0.051150 0.013226 29 53 87
-0.038487 0.051134 0.013091 29 53 87
-0.039047 0.051164 0.013347 29 53 87
-0.039606 0.051194 0.013602 29 53 87
-0.040283 0.051230 0.013911 29 53 87
-0.040430 0.051238 0.013978 29 53 87
-0.040843 0.051260 0.014166 29 53 87
-0.041461 0.051293 0.014449 29 53 87
-0.040843 0.051260 0.014166 29 53 87
-0.040077 0.051219 0.013817 29 53 87
-0.037074 0.051058 0.012446 29 53 87
-0.042403 0.051344 0.014879 29 53 87
-0.039518 0.051189 0.013562 29 53 87
-0.037457 0.051079 0.012621 29 53 87
-0.035955 0.050998 0.011935 29 53 87
-0.029273 0.050640 0.008884 29 53 87
-0.032923 0.050836 0.010551 29 53 87
-0.030450 0.050703 0.009422 29 53 87
-0.036014 0.051001 0.011962 29 53 87
-0.031952 0.050784 0.010107 29 53 87
-0.021942 0.050247 0.005538 29 53 87
-0.021044 0.050199 0.005128 29 53 87
-0.019793 0.050132 0.004556 29 53 87
-0.022796 0.050293 0.005927 29 53 87
-0.013443 0.049792 0.001657 29 53 87
-0.024651 0.050392 0.006774 29 53 87
-0.024898 0.050406 0.006887 29 53 87
-0.024968 0.050409 0.006919 29 53 87
-0.025375 0.050431 0.007105 29 53 87
-0.025763 0.050452 0.007282 29 53 87
-0.026258 0.050478 0.007508 29 53 87
-0.026382 0.050485 0.007564 29 53 87
-0.026488 0.050491 0.007613 29 53 87
-0.024156 0.050366 0.006548 29 53 87
-0.024403 0.050379 0.006661 29 53 87
-0.022707 0.050288 0.005887 29 53 87
-0.024315 0.050374 0.006621 29 53 87
-0.024280 0.050372 0.006605 29 53 87
-0.023167 0.050313 0.006097 29 53 87
-0.021913 0.050246 0.005524 29 53 87
-0.021736 0.050236 0.005444 29 53 87
-0.022919 0.050300 0.005984 29 53 87
-0.020658 0.050178 0.004952 29 53 87
-0.023025 0.050305 0.006032 29 53 87
-0.021277 0.050211 0.005234 29 53 87
-0.014070 0.049825 0.001944 29 53 87
-0.017611 0.050015 0.003561 29 53 87
-0.015598 0.049907 0.002641 29 53 87
-0.014900 0.049870 0.002323 29 53 87
-0.014503 0.049848 0.002141 29 53 87
-0.010478 0.049633 0.000304 29 53 87
-0.010331 0.049625 0.000237 29 53 87
-0.010508 0.049634 0.000317 29 53 87
-0.010543 0.049636 0.000333 29 53 87
-0.010614 0.049640 0.000366 29 53 87
-0.010737 0.049647 0.000422 29 53 87
-0.011179 0.049670 0.000624 29 53 87
-0.011479 0.049686 0.000761 29 53 87
-0.010873 0.049654 0.000484 29 53 87
-0.009901 0.049602 0.000040 29 53 87
-0.009618 0.049587 -0.000089 29 53 87
-0.009548 0.049583 -0.000121 29 53 87
-0.009595 0.049585 -0.000099 29 53 87
-0.009772 0.049595 -0.000019 29 53 87
-0.009642 0.049588 -0.000078 29 53 87
-0.009289 0.049569 -0.000239 29 53 87
-0.009548 0.049583 -0.000121 29 53 87
-0.010066 0.049611 0.000116 29 53 87
-0.009192 0.049564 -0.000283 29 53 87
-0.009000 0.049553 -0.000371 29 53 87
-0.008400 0.049521 -0.000645 29 53 87
-0.007310 0.049463 -0.001142 29 53 87
-0.007646 0.049481 -0.000989 29 53 87
-0.007216 0.049458 -0.001185 29 53 87
-0.006987 0.049445 -0.001290 29 53 87
-0.006898 0.049441 -0.001331 29 53 87
-0.006657 0.049428 -0.001441 29 53 87
0.003559 0.048880 -0.006105 29 53 87
0.003535 0.048881 -0.006094 29 53 87
0.003565 0.048880 -0.006107 29 53 87
0.003830 0.048866 -0.006228 29 53 87
0.004077 0.048852 -0.006341 29 53 87
0.004248 0.048843 -0.006419 29 53 87
0.004371 0.048837 -0.006476 29 53 87
0.003647 0.048876 -0.006145 29 53 87
0.002870 0.048917 -0.005790 29 53 87
0.002729 0.048925 -0.005726 29 53 87
0.002605 0.048931 -0.005669 29 53 87
0.002499 0.048937 -0.005621 29 53 87
0.002581 0.048933 -0.005658 29 53 87
0.002558 0.048934 -0.005648 29 53 87
0.002523 0.048936 -0.005631 29 53 87
0.002735 0.048924 -0.005728 29 53 87
0.003023 0.048909 -0.005860 29 53 87
0.002187 0.048954 -0.005478 29 53 87
0.001401 0.048996 -0.005119 29 53 87
0.001321 0.049000 -0.005083 29 53 87
0.000574 0.049040 -0.004742 29 53 87
0.000362 0.049052 -0.004645 29 53 87
0.000279 0.049056 -0.004607 29 53 87
-0.000274 0.049086 -0.004355 29 53 87
-0.000301 0.049087 -0.004343 29 53 87
0.003600 0.048878 -0.006123 29 53 87
0.018273 0.048092 -0.012822 29 53 87
0.019315 0.048036 -0.013298 29 53 87
0.020216 0.047987 -0.013709 29 53 87
0.020357 0.047980 -0.013774 29 53 87
0.020905 0.047950 -0.014024 29 53 87
0.019315 0.048036 -0.013298 29 53 87
0.016348 0.048195 -0.011943 29 53 87
0.014493 0.048294 -0.011096 29 53 87
0.014334 0.048303 -0.011024 29 53 87
0.013733 0.048335 -0.010750 29 53 87
0.013062 0.048371 -0.010443 29 53 87
0.013062 0.048371 -0.010443 29 53 87
0.012576 0.048397 -0.010221 29 53 87
0.013442 0.048350 -0.010617 29 53 87
0.013248 0.048361 -0.010528 29 53 87
0.010457 0.048511 -0.009254 29 53 87
0.008063 0.048639 -0.008161 29 53 87
0.007454 0.048671 -0.007883 29 53 87
0.007304 0.048680 -0.007814 29 53 87
0.007039 0.048694 -0.007693 29 53 87
0.007251 0.048682 -0.007790 29 53 87
0.007313 0.048679 -0.007818 29 53 87
0.005445 0.048779 -0.006965 29 53 87
0.004769 0.048815 -0.006657 29 53 87
0.018061 0.048103 -0.012725 29 53 87
0.018291 0.048091 -0.012830 29 53 87
0.033670 0.047266 -0.019852 29 53 87
0.034877 0.047202 -0.020403 29 53 87
0.036614 0.047108 -0.021196 29 53 87
0.038999 0.046981 -0.022284 29 53 87
0.031197 0.047399 -0.018723 29 53 87
0.027399 0.047602 -0.016989 29 53 87
0.025059 0.047728 -0.015920 29 53 87
0.025118 0.047725 -0.015947 29 53 87
0.023867 0.047792 -0.015376 29 53 87
0.021953 0.047894 -0.014502 29 53 87
0.021982 0.047893 -0.014516 29 53 87
0.021217 0.047934 -0.014166 29 53 87
0.021158 0.047937 -0.014139 29 53 87
0.021011 0.047945 -0.014072 29 53 87
0.016094 0.048208 -0.011828 29 53 87
0.014696 0.048283 -0.011189 29 53 87
0.013680 0.048338 -0.010725 29 53 87
0.012915 0.048379 -0.010376 29 53 87
0.012797 0.048385 -0.010322 29 53 87
0.014564 0.048290 -0.011129 29 53 87
0.014416 0.048298 -0.011061 29 53 87
0.012091 0.048423 -0.010000 29 53 87
0.032964 0.047304 -0.019529 29 53 87
0.032787 0.047314 -0.019448 29 53 87
0.032905 0.047307 -0.019502 29 53 87
0.032964 0.047304 -0.019529 29 53 87
0.054007 0.046176 -0.029136 29 53 87
0.055903 0.046075 -0.030002 29 53 87
0.055780 0.046081 -0.029945 29 53 87
0.042055 0.046817 -0.023679 29 53 87
0.036284 0.047126 -0.021045 29 53 87
0.033605 0.047270 -0.019822 29 53 87
0.033358 0.047283 -0.019709 29 53 87
0.032328 0.047338 -0.019239 29 53 87
0.029154 0.047508 -0.017790 29 53 87
0.029443 0.047493 -0.017922 29 53 87
0.027670 0.047588 -0.017112 29 53 87
0.026784 0.047635 -0.016708 29 53 87
0.028000 0.047570 -0.017263 29 53 87
0.021921 0.047896 -0.014487 29 53 87
0.020272 0.047984 -0.013735 29 53 87
0.019139 0.048045 -0.013217 29 53 87
0.017923 0.048110 -0.012662 29 53 87
0.018438 0.048083 -0.012897 29 53 87
0.020457 0.047974 -0.013819 29 53 87
0.020354 0.047980 -0.013772 29 53 87
0.018046 0.048104 -0.012719 29 53 87
0.045187 0.046649 -0.025110 29 53 87
0.047001 0.046552 -0.025937 29 53 87
0.045063 0.046656 -0.025053 29 53 87
0.046300 0.046589 -0.025618 29 53 87
0.047990 0.046499 -0.026389 29 53 87
0.115655 0.042872 -0.057281 29 53 87
0.120742 0.042599 -0.059603 29 53 87
0.115761 0.042866 -0.057329 29 53 87
0.088576 0.044323 -0.044918 29 53 87
0.081793 0.044687 -0.041822 29 53 87
0.060172 0.045846 -0.031951 29 53 87
0.055986 0.046070 -0.030040 29 53 87
0.063352 0.045675 -0.033402 29 53 87
0.060384 0.045834 -0.032048 29 53 87
0.056675 0.046033 -0.030354 29 53 87
0.053071 0.046226 -0.028709 29 53 87
0.050422 0.046368 -0.027499 29 53 87
0.047189 0.046542 -0.026024 29 53 87
0.044963 0.046661 -0.025007 29 53 87
0.033014 0.047301 -0.019552 29 53 87
0.037571 0.047057 -0.021632 29 53 87
0.034974 0.047196 -0.020447 29 53 87
0.033915 0.047253 -0.019963 29 53 87
0.029993 0.047463 -0.018173 29 53 87
0.027105 0.047618 -0.016854 29 53 87
0.108342 0.043264 -0.053942 29 53 87
0.113323 0.042997 -0.056216 29 53 87
0.114383 0.042940 -0.056700 29 53 87
0.117668 0.042764 -0.058200 29 53 87
0.119364 0.042673 -0.058974 29 53 87
0.117774 0.042758 -0.058249 29 53 87
0.115867 0.042860 -0.057378 29 53 87
0.157518 0.040628 -0.076393 29 53 87
0.115290 0.042891 -0.057114 29 53 87
0.108165 0.043273 -0.053862 29 53 87
0.081934 0.044679 -0.041886 29 53 87
0.072737 0.045172 -0.037687 29 53 87
0.082323 0.044658 -0.042063 29 53 87
0.080963 0.044731 -0.041443 29 53 87
0.076040 0.044995 -0.039195 29 53 87
0.070017 0.045318 -0.036445 29 53 87
0.065742 0.045547 -0.034494 29 53 87
0.061662 0.045766 -0.032631 29 53 87
0.059006 0.045908 -0.031419 29 53 87
0.055897 0.046075 -0.029999 29 53 87
0.052691 0.046247 -0.028536 29 53 87
0.049226 0.046432 -0.026954 29 53 87
0.043915 0.046717 -0.024529 29 53 87
0.040353 0.046908 -0.022903 29 53 87
0.039738 0.046941 -0.022622 29 53 87
0.142104 0.041454 -0.069356 29 53 87
0.142492 0.041433 -0.069533 29 53 87
0.146119 0.041239 -0.071189 29 53 87
0.152467 0.040899 -0.074087 29 53 87
0.153632 0.040836 -0.074619 29 53 87
0.146637 0.041211 -0.071426 29 53 87
0.146767 0.041204 -0.071485 29 53 87
0.146508 0.041218 -0.071367 29 53 87
0.122932 0.042482 -0.060603 29 53 87
0.074939 0.045054 -0.038693 29 53 87
0.065792 0.045544 -0.034517 29 53 87
0.068739 0.045386 -0.035862 29 53 87
0.078077 0.044886 -0.040125 29 53 87
0.091167 0.044184 -0.046101 29 53 87
0.088794 0.044312 -0.045018 29 53 87
0.081981 0.044677 -0.041908 29 53 87
0.076317 0.044980 -0.039322 29 53 87
0.072145 0.045204 -0.037417 29 53 87
0.069313 0.045356 -0.036124 29 53 87
0.064529 0.045612 -0.033940 29 53 87
0.061774 0.045760 -0.032682 29 53 87
0.058406 0.045940 -0.031144 29 53 87
0.055191 0.046113 -0.029677 29 53 87
0.050062 0.046388 -0.027335 29 53 87
0.045891 0.046611 -0.025431 29 53 87
0.172380 0.039831 -0.083178 29 53 87
0.172839 0.039807 -0.083388 29 53 87
0.174217 0.039733 -0.084017 29 53 87
0.179116 0.039470 -0.086253 29 53 87
0.178809 0.039487 -0.086114 29 53 87
0.172227 0.039839 -0.083108 29 53 87
0.169930 0.039963 -0.082060 29 53 87
0.174064 0.039741 -0.083947 29 53 87
0.164725 0.040242 -0.079684 29 53 87
0.077006 0.044943 -0.039636 29 53 87
0.079391 0.044816 -0.040725 29 53 87
0.079435 0.044813 -0.040745 29 53 87
0.092109 0.044134 -0.046531 29 53 87
0.088929 0.044304 -0.045080 29 53 87
0.085485 0.044489 -0.043507 29 53 87
0.091137 0.044186 -0.046088 29 53 87
0.085043 0.044513 -0.043305 29 53 87
0.081334 0.044711 -0.041612 29 53 87
0.076123 0.044991 -0.039233 29 53 87
0.073738 0.045119 -0.038144 29 53 87
0.070338 0.045301 -0.036592 29 53 87
0.066584 0.045502 -0.034878 29 53 87
0.063140 0.045687 -0.033306 29 53 87
0.056736 0.046030 -0.030382 29 53 87
0.198534 0.038429 -0.095119 29 53 87
0.202067 0.038240 -0.096732 29 53 87
0.202420 0.038221 -0.096893 29 53 87
0.210369 0.037795 -0.100522 29 53 87
0.213019 0.037653 -0.101732 29 53 87
0.213019 0.037653 -0.101732 29 53 87
0.203833 0.038145 -0.097538 29 53 87
0.205776 0.038041 -0.098425 29 53 87
0.214079 0.037596 -0.102215 29 53 87
0.162765 0.040347 -0.078788 29 53 87
0.164796 0.040238 -0.079716 29 53 87
-0.068253 0.034896 -0.055915 244 162 97
-0.071108 0.034824 -0.056837 244 162 97
-0.076500 0.034688 -0.058580 244 162 97
-0.054868 0.035234 -0.051589 244 162 97
-0.058738 0.035136 -0.052840 244 162 97
-0.093120 0.034268 -0.063951 244 162 97
-0.094770 0.034226 -0.064484 244 162 97
-0.087918 0.034399 -0.062270 244 162 97
-0.230524 0.030798 -0.108354 244 162 97
-0.246510 0.030394 -0.113520 244 162 97
-0.248794 0.030337 -0.114258 244 162 97
-0.243719 0.030465 -0.112618 244 162 97
-0.245495 0.030420 -0.113192 244 162 97
-0.252600 0.030241 -0.115488 244 162 97
-0.267825 0.029856 -0.120408 244 162 97
-0.182439 0.032012 -0.092815 244 162 97
-0.107076 0.033916 -0.068461 244 162 97
-0.058611 0.035140 -0.052799 244 162 97
-0.061021 0.035079 -0.053578 244 162 97
-0.065716 0.034960 -0.055095 244 162 97
-0.073074 0.034774 -0.057473 244 162 97
-0.068887 0.034880 -0.056120 244 162 97
-0.057976 0.035156 -0.052594 244 162 97
-0.089885 0.034350 -0.062905 244 162 97
-0.080940 0.034576 -0.060015 244 162 97
-0.076880 0.034678 -0.058703 244 162 97
-0.049700 0.035365 -0.049919 244 162 97
-0.049420 0.035372 -0.049829 244 162 97
-0.047237 0.035427 -0.049123 244 162 97
-0.080821 0.034579 -0.059976 244 162 97
-0.079590 0.034610 -0.059578 244 162 97
-0.081381 0.034564 -0.060157 244 162 97
-0.070970 0.034827 -0.056793 244 162 97
-0.214598 0.031200 -0.103207 244 162 97
-0.217732 0.031121 -0.104220 244 162 97
-0.215046 0.031189 -0.103352 244 162 97
-0.217732 0.031121 -0.104220 244 162 97
-0.225569 0.030923 -0.106752 244 162 97
-0.234301 0.030703 -0.109574 244 162 97
-0.163886 0.032481 -0.086819 244 162 97
-0.152803 0.032761 -0.083238 244 162 97
-0.052946 0.035283 -0.050968 244 162 97
-0.051491 0.035319 -0.050498 244 162 97
-0.053282 0.035274 -0.051077 244 162 97
-0.064477 0.034991 -0.054694 244 162 97
-0.060223 0.035099 -0.053320 244 162 97
-0.052163 0.035302 -0.050715 244 162 97
-0.042423 0.035548 -0.047568 244 162 97
-0.036042 0.035709 -0.045506 244 162 97
-0.032516 0.035798 -0.044366 244 162 97
-0.028542 0.035899 -0.043082 244 162 97
-0.048020 0.035407 -0.049377 244 162 97
-0.032214 0.035806 -0.044268 244 162 97
-0.025665 0.035972 -0.042152 244 162 97
-0.067820 0.034907 -0.055775 244 162 97
-0.067529 0.034914 -0.055681 244 162 97
-0.063454 0.035017 -0.054364 244 162 97
-0.061223 0.035074 -0.053643 244 162 97
-0.174834 0.032204 -0.090357 244 162 97
-0.184342 0.031964 -0.093430 244 162 97
-0.191328 0.031788 -0.095687 244 162 97
-0.190940 0.031798 -0.095562 244 162 97
-0.192492 0.031759 -0.096063 244 162 97
-0.209956 0.031318 -0.101707 244 162 97
-0.148057 0.032881 -0.081704 244 162 97
-0.135444 0.033199 -0.077628 244 162 97
-0.144564 0.032969 -0.080575 244 162 97
-0.043371 0.035524 -0.047874 244 162 97
-0.045311 0.035475 -0.048501 244 162 97
-0.050647 0.035341 -0.050225 244 162 97
-0.051909 0.035309 -0.050633 244 162 97
-0.044729 0.035490 -0.048313 244 162 97
-0.036676 0.035693 -0.045711 244 162 97
-0.031195 0.035832 -0.043939 244 162 97
-0.026635 0.035947 -0.042466 244 162 97
-0.023288 0.036032 -0.041384 244 162 97
-0.027411 0.035927 -0.042716 244 162 97
-0.036385 0.035701 -0.045617 244 162 97
-0.039733 0.035616 -0.046698 244 162 97
-0.043028 0.035533 -0.047763 244 162 97
-0.017250 0.036184 -0.039433 244 162 97
-0.061499 0.035067 -0.053732 244 162 97
-0.064947 0.034979 -0.054846 244 162 97
-0.148683 0.032865 -0.081906 244 162 97
-0.123727 0.033495 -0.073841 244 162 97
-0.075209 0.034720 -0.058163 244 162 97
-0.082269 0.034542 -0.060444 244 162 97
-0.087112 0.034420 -0.062009 244 162 97
-0.095814 0.034200 -0.064821 244 162 97
-0.101725 0.034051 -0.066732 244 162 97
-0.108703 0.033874 -0.068987 244 162 97
-0.114204 0.033736 -0.070764 244 162 97
-0.036871 0.035689 -0.045773 244 162 97
-0.062812 0.035033 -0.054157 244 162 97
-0.075865 0.034704 -0.058375 244 162 97
-0.036871 0.035689 -0.045773 244 162 97
-0.026034 0.035962 -0.042271 244 162 97
-0.022750 0.036045 -0.041210 244 162 97
-0.020123 0.036111 -0.040361 244 162 97
-0.016224 0.036210 -0.039101 244 162 97
-0.015772 0.036221 -0.038955 244 162 97
-0.019877 0.036118 -0.040282 244 162 97
-0.029892 0.035865 -0.043518 244 162 97
-0.021560 0.036075 -0.040826 244 162 97
-0.018810 0.036145 -0.039937 244 162 97
-0.034184 0.035756 -0.044905 244 162 97
-0.041304 0.035577 -0.047206 244 162 97
-0.048423 0.035397 -0.049507 244 162 97
-0.064342 0.034995 -0.054651 244 162 97
-0.056215 0.035200 -0.052025 244 162 97
-0.056484 0.035193 -0.052111 244 162 97
-0.062327 0.035046 -0.054000 244 162 97
-0.068171 0.034898 -0.055888 244 162 97
-0.074619 0.034735 -0.057972 244 162 97
-0.080127 0.034596 -0.059752 244 162 97
-0.081605 0.034559 -0.060229 244 162 97
-0.074350 0.034742 -0.057885 244 162 97
-0.061723 0.035061 -0.053805 244 162 97
-0.076365 0.034691 -0.058536 244 162 97
-0.050842 0.035336 -0.050288 244 162 97
-0.052991 0.035281 -0.050983 244 162 97
-0.013227 0.036286 -0.038133 244 162 97
-0.014638 0.036250 -0.038589 244 162 97
-0.010003 0.036367 -0.037091 244 162 97
-0.005637 0.036477 -0.035680 244 162 97
-0.013664 0.036275 -0.038274 244 162 97
-0.020078 0.036113 -0.040347 244 162 97
-0.004025 0.036518 -0.035159 244 162 97
-0.004898 0.036496 -0.035441 244 162 97
-0.009399 0.036382 -0.036896 244 162 97
-0.029751 0.035868 -0.043473 244 162 97
-0.021780 0.036070 -0.040897 244 162 97
-0.040692 0.035592 -0.047008 244 162 97
-0.044244 0.035502 -0.048156 244 162 97
-0.094710 0.034228 -0.064464 244 162 97
-0.086769 0.034428 -0.061898 244 162 97
-0.084888 0.034476 -0.061291 244 162 97
-0.084366 0.034489 -0.061122 244 162 97
-0.088545 0.034384 -0.062472 244 162 97
-0.060073 0.035103 -0.053272 244 162 97
-0.057305 0.035172 -0.052377 244 162 97
-0.050983 0.035332 -0.050334 244 162 97
-0.050461 0.035345 -0.050165 244 162 97
-0.018280 0.036158 -0.039766 244 162 97
-0.015668 0.036224 -0.038922 244 162 97
-0.006578 0.036454 -0.035984 244 162 97
-0.025280 0.035981 -0.042028 244 162 97
-0.022250 0.036058 -0.041049 244 162 97
-0.018854 0.036143 -0.039951 244 162 97
-0.008066 0.036416 -0.036465 244 162 97
-0.005376 0.036484 -0.035596 244 162 97
0.000318 0.036628 -0.033756 244 162 97
-0.003652 0.036527 -0.035039 244 162 97
-0.002738 0.036550 -0.034743 244 162 97
0.000553 0.036634 -0.033680 244 162 97
-0.017862 0.036169 -0.039631 244 162 97
-0.023870 0.036017 -0.041572 244 162 97
-0.055633 0.035215 -0.051837 244 162 97
-0.056155 0.035202 -0.052005 244 162 97
-0.056379 0.035196 -0.052078 244 162 97
-0.056603 0.035190 -0.052150 244 162 97
-0.053245 0.035275 -0.051065 244 162 97
-0.053469 0.035269 -0.051137 244 162 97
-0.057797 0.035160 -0.052536 244 162 97
-0.050110 0.035354 -0.050052 244 162 97
-0.029960 0.035863 -0.043540 244 162 97
-0.026937 0.035939 -0.042563 244 162 97
-0.029698 0.035870 -0.043456 244 162 97
0.000415 0.036630 -0.033724 244 162 97
0.002356 0.036679 -0.033097 244 162 97
-0.000406 0.036609 -0.033990 244 162 97
-0.008503 0.036405 -0.036606 244 162 97
-0.005518 0.036480 -0.035642 244 162 97
-0.001040 0.036593 -0.034195 244 162 97
0.004072 0.036722 -0.032542 244 162 97
0.004222 0.036726 -0.032494 244 162 97
0.012692 0.036940 -0.029757 244 162 97
0.010155 0.036876 -0.030577 244 162 97
0.011032 0.036898 -0.030294 244 162 97
-0.001898 0.036572 -0.034472 244 162 97
-0.004995 0.036493 -0.035473 244 162 97
-0.007122 0.036440 -0.036160 244 162 97
-0.008242 0.036411 -0.036522 244 162 97
-0.018063 0.036163 -0.039696 244 162 97
-0.018063 0.036163 -0.039696 244 162 97
-0.019944 0.036116 -0.040304 244 162 97
-0.021377 0.036080 -0.040767 244 162 97
-0.003757 0.036525 -0.035072 244 162 97
-0.002906 0.036546 -0.034797 244 162 97
-0.003510 0.036531 -0.034993 244 162 97
-0.003354 0.036535 -0.034942 244 162 97
-0.007675 0.036426 -0.036339 244 162 97
-0.008033 0.036417 -0.036454 244 162 97
-0.002212 0.036564 -0.034573 244 162 97
0.016775 0.037043 -0.028438 244 162 97
0.017715 0.037067 -0.028134 244 162 97
0.008804 0.036842 -0.031013 244 162 97
0.010438 0.036883 -0.030485 244 162 97
0.015207 0.037004 -0.028944 244 162 97
0.017155 0.037053 -0.028315 244 162 97
0.023301 0.037208 -0.026329 244 162 97
0.024656 0.037242 -0.025891 244 162 97
0.024812 0.037246 -0.025840 244 162 97
0.022976 0.037200 -0.026433 244 162 97
0.022014 0.037176 -0.026745 244 162 97
0.013036 0.036949 -0.029646 244 162 97
0.011424 0.036908 -0.030167 244 162 97
0.010461 0.036884 -0.030478 244 162 97
0.009408 0.036857 -0.030818 244 162 97
0.027439 0.037313 -0.024991 244 162 97
0.027499 0.037314 -0.024972 244 162 97
0.027745 0.037320 -0.024892 244 162 97
0.028223 0.037332 -0.024738 244 162 97
0.028574 0.037341 -0.024625 244 162 97
0.028447 0.037338 -0.024666 244 162 97
0.028805 0.037347 -0.024550 244 162 97
0.028648 0.037343 -0.024601 244 162 97
0.027999 0.037327 -0.024810 244 162 97
0.026439 0.037287 -0.025314 244 162 97
0.032440 0.037439 -0.023375 244 162 97
0.032798 0.037448 -0.023260 244 162 97
0.031246 0.037409 -0.023761 244 162 97
0.031626 0.037418 -0.023638 244 162 97
0.031970 0.037427 -0.023527 244 162 97
0.034432 0.037489 -0.022731 244 162 97
0.034742 0.037497 -0.022631 244 162 97
0.035052 0.037505 -0.022531 244 162 97
0.035268 0.037510 -0.022461 244 162 97
0.034563 0.037492 -0.022689 244 162 97
0.031395 0.037412 -0.023713 244 162 97
0.030693 0.037395 -0.023940 244 162 97
0.030164 0.037381 -0.024111 244 162 97
0.029977 0.037377 -0.024171 244 162 97
0.021566 0.037164 -0.026889 244 162 97
0.026716 0.037294 -0.025225 244 162 97
0.050926 0.037906 -0.017401 244 162 97
0.050851 0.037904 -0.017426 244 162 97
0.051030 0.037908 -0.017368 244 162 97
0.050851 0.037904 -0.017426 244 162 97
0.050717 0.037900 -0.017469 244 162 97
0.050583 0.037897 -0.017512 244 162 97
0.051195 0.037912 -0.017315 244 162 97
0.054777 0.038003 -0.016157 244 162 97
0.048523 0.037845 -0.018178 244 162 97
0.047403 0.037817 -0.018540 244 162 97
0.048396 0.037842 -0.018219 244 162 97
0.048508 0.037845 -0.018183 244 162 97
0.048187 0.037837 -0.018287 244 162 97
0.045679 0.037773 -0.019097 244 162 97
0.045235 0.037762 -0.019240 244 162 97
0.044993 0.037756 -0.019319 244 162 97
0.044769 0.037750 -0.019391 244 162 97
0.044922 0.037754 -0.019342 244 162 97
0.048769 0.037851 -0.018098 244 162 97
0.049202 0.037862 -0.017959 244 162 97
0.049836 0.037878 -0.017754 244 162 97
0.050277 0.037889 -0.017611 244 162 97
0.050911 0.037905 -0.017406 244 162 97
0.051702 0.037925 -0.017151 244 162 97
0.051866 0.037929 -0.017098 244 162 97
0.051008 0.037908 -0.017375 244 162 97
0.075636 0.038530 -0.009416 244 162 97
0.075166 0.038518 -0.009568 244 162 97
0.073353 0.038472 -0.010154 244 162 97
0.070196 0.038392 -0.011174 244 162 97
0.071024 0.038413 -0.010907 244 162 97
0.067554 0.038326 -0.012028 244 162 97
0.064464 0.038248 -0.013027 244 162 97
0.063345 0.038219 -0.013388 244 162 97
0.062539 0.038199 -0.013649 244 162 97
0.062404 0.038196 -0.013692 244 162 97
0.060792 0.038155 -0.014213 244 162 97
0.057747 0.038078 -0.015197 244 162 97
0.056281 0.038041 -0.015671 244 162 97
0.055486 0.038021 -0.015928 244 162 97
0.055038 0.038010 -0.016073 244 162 97
0.055687 0.038026 -0.015863 244 162 97
0.057837 0.038080 -0.015168 244 162 97
0.067531 0.038325 -0.012035 244 162 97
0.069479 0.038374 -0.011406 244 162 97
0.070509 0.038400 -0.011073 244 162 97
0.072009 0.038438 -0.010588 244 162 97
0.073577 0.038478 -0.010082 244 162 97
0.075211 0.038519 -0.009554 244 162 97
0.076017 0.038539 -0.009293 244 162 97
0.075659 0.038530 -0.009409 244 162 97
0.074942 0.038512 -0.009640 244 162 97
0.076554 0.038553 -0.009119 244 162 97
0.097212 0.039075 -0.002444 244 162 97
0.092063 0.038945 -0.004108 244 162 97
0.091317 0.038926 -0.004349 244 162 97
0.089824 0.038888 -0.004831 244 162 97
0.084115 0.038744 -0.006676 244 162 97
0.079786 0.038634 -0.008075 244 162 97
0.078032 0.038590 -0.008642 244 162 97
0.076092 0.038541 -0.009269 244 162 97
0.074282 0.038495 -0.009854 244 162 97
0.071651 0.038429 -0.010704 244 162 97
0.069561 0.038376 -0.011379 244 162 97
0.066781 0.038306 -0.012278 244 162 97
0.064505 0.038249 -0.013013 244 162 97
0.064598 0.038251 -0.012983 244 162 97
0.069375 0.038372 -0.011440 244 162 97
0.084637 0.038757 -0.006508 244 162 97
0.087958 0.038841 -0.005434 244 162 97
0.090608 0.038908 -0.004578 244 162 97
0.092996 0.038968 -0.003806 244 162 97
0.095272 0.039026 -0.003071 244 162 97
0.099526 0.039133 -0.001696 244 162 97
0.100123 0.039148 -0.001503 244 162 97
0.099078 0.039122 -0.001841 244 162 97
0.099451 0.039131 -0.001720 244 162 97
0.099974 0.039144 -0.001551 244 162 97
0.098332 0.039103 -0.002082 244 162 97
0.111960 0.039447 0.002322 244 162 97
0.099108 0.039122 -0.001831 244 162 97
0.094981 0.039018 -0.003165 244 162 97
0.094563 0.039008 -0.003300 244 162 97
0.090514 0.038905 -0.004608 244 162 97
0.086805 0.038812 -0.005807 244 162 97
0.083070 0.038717 -0.007014 244 162 97
0.080849 0.038661 -0.007732 244 162 97
0.078211 0.038595 -0.008584 244 162 97
0.075808 0.038534 -0.009361 244 162 97
0.073927 0.038487 -0.009968 244 162 97
0.071968 0.038437 -0.010602 244 162 97
0.071211 0.038418 -0.010846 244 162 97
0.083644 0.038732 -0.006828 244 162 97
0.104802 0.039266 0.000009 244 162 97
0.108094 0.039349 0.001073 244 162 97
0.112900 0.039471 0.002626 244 162 97
0.115721 0.039542 0.003537 244 162 97
0.116400 0.039559 0.003757 244 162 97
0.121468 0.039687 0.005394 244 162 97
0.122513 0.039713 0.005732 244 162 97
0.123453 0.039737 0.006036 244 162 97
0.125229 0.039782 0.006610 244 162 97
0.125229 0.039782 0.006610 244 162 97
0.122460 0.039712 0.005715 244 162 97
0.120580 0.039665 0.005107 244 162 97
0.105459 0.039283 0.000221 244 162 97
0.102638 0.039212 -0.000690 244 162 97
0.098877 0.039117 -0.001906 244 162 97
0.095720 0.039037 -0.002926 244 162 97
0.092026 0.038944 -0.004120 244 162 97
0.090346 0.038901 -0.004663 244 162 97
0.088298 0.038849 -0.005325 244 162 97
0.086383 0.038801 -0.005943 244 162 97
0.082488 0.038703 -0.007202 244 162 97
0.079364 0.038624 -0.008211 244 162 97
0.078390 0.038599 -0.008526 244 162 97
0.077652 0.038581 -0.008765 244 162 97
0.078357 0.038598 -0.008537 244 162 97
0.080573 0.038654 -0.007821 244 162 97
0.127961 0.039851 0.007493 244 162 97
0.133468 0.039990 0.009273 244 162 97
0.133468 0.039990 0.009273 244 162 97
0.142603 0.040221 0.012225 244 162 97
0.145962 0.040306 0.013310 244 162 97
0.146768 0.040326 0.013570 244 162 97
0.149723 0.040401 0.014525 244 162 97
0.149320 0.040390 0.014395 244 162 97
0.147910 0.040355 0.013939 244 162 97
0.145021 0.040282 0.013006 244 162 97
0.143006 0.040231 0.012355 244 162 97
0.130580 0.039917 0.008339 244 162 97
0.108191 0.039352 0.001104 244 162 97
0.104250 0.039252 -0.000169 244 162 97
0.098914 0.039118 -0.001894 244 162 97
0.095507 0.039032 -0.002995 244 162 97
0.093824 0.038989 -0.003539 244 162 97
0.092962 0.038967 -0.003817 244 162 97
0.093660 0.038985 -0.003592 244 162 97
0.088693 0.038859 -0.005197 244 162 97
0.084876 0.038763 -0.006430 244 162 97
0.084342 0.038750 -0.006603 244 162 97
0.085040 0.038767 -0.006377 244 162 97
0.082988 0.038715 -0.007041 244 162 97
0.141932 0.040204 0.012008 244 162 97
0.149238 0.040388 0.014369 244 162 97
0.154492 0.040521 0.016067 244 162 97
0.152932 0.040482 0.015562 244 162 97
0.168202 0.040867 0.020497 244 162 97
0.170172 0.040917 0.021134 244 162 97
0.170172 0.040917 0.021134 244 162 97
0.172225 0.040969 0.021797 244 162 97
0.167217 0.040842 0.020179 244 162 97
0.166971 0.040836 0.020099 244 162 97
0.165082 0.040789 0.019489 244 162 97
0.160485 0.040672 0.018003 244 162 97
0.130849 0.039924 0.008426 244 162 97
0.113363 0.039482 0.002775 244 162 97
0.102403 0.039206 -0.000766 244 162 97
0.099735 0.039138 -0.001629 244 162 97
0.098668 0.039111 -0.001973 244 162 97
0.096145 0.039048 -0.002789 244 162 97
0.094835 0.039015 -0.003212 244 162 97
0.092798 0.038963 -0.003870 244 162 97
0.090081 0.038894 -0.004748 244 162 97
0.089693 0.038885 -0.004874 244 162 97
0.091294 0.038925 -0.004356 244 162 97
0.090275 0.038899 -0.004685 244 162 97
0.088917 0.038865 -0.005124 244 162 97
0.114046 0.039500 0.002996 244 162 97
0.170366 0.040922 0.021196 244 162 97
0.169784 0.040907 0.021008 244 162 97
0.189091 0.041395 0.027247 244 162 97
0.192875 0.041490 0.028470 244 162 97
0.192293 0.041476 0.028282 244 162 97
0.194719 0.041537 0.029066 244 162 97
0.196562 0.041583 0.029662 244 162 97
0.191226 0.041449 0.027937 244 162 97
0.190061 0.041419 0.027561 244 162 97
0.191032 0.041444 0.027874 244 162 97
0.170463 0.040924 0.021228 244 162 97
0.135778 0.040048 0.010019 244 162 97
0.119673 0.039642 0.004814 244 162 97
0.109437 0.039383 0.001507 244 162 97
0.101429 0.039181 -0.001081 244 162 97
0.098127 0.039098 -0.002148 244 162 97
0.096783 0.039064 -0.002582 244 162 97
0.095496 0.039031 -0.002998 244 162 97
0.094628 0.039009 -0.003279 244 162 97
0.093453 0.038980 -0.003659 244 162 97
0.093257 0.038975 -0.003722 244 162 97
0.093677 0.038985 -0.003586 244 162 97
0.094516 0.039006 -0.003315 244 162 97
0.095608 0.039034 -0.002962 244 162 97
0.194905 0.041542 0.029126 244 162 97
0.190203 0.041423 0.027607 244 162 97
0.183151 0.041245 0.025328 244 162 97
0.213936 0.042022 0.035276 244 162 97
0.215503 0.042062 0.035783 244 162 97
0.213936 0.042022 0.035276 244 162 97
0.214608 0.042039 0.035493 244 162 97
0.214608 0.042039 0.035493 244 162 97
0.211025 0.041949 0.034336 244 162 97
0.211249 0.041954 0.034408 244 162 97
0.207331 0.041855 0.033142 244 162 97
0.170724 0.040931 0.021312 244 162 97
0.136916 0.040077 0.010387 244 162 97
0.117997 0.039599 0.004273 244 162 97
0.110497 0.039410 0.001849 244 162 97
0.105795 0.039291 0.000330 244 162 97
-0.000048 -0.013370 -0.065257 230 57 70
-0.000046 -0.012857 -0.062751 230 57 70
-0.000045 -0.012480 -0.060911 230 57 70
-0.000044 -0.012281 -0.059939 230 57 70
-0.000045 -0.012438 -0.060706 230 57 70
-0.000044 -0.012123 -0.059172 230 57 70
-0.000042 -0.011662 -0.056922 230 57 70
-0.000040 -0.010971 -0.053547 230 57 70
-0.000204 -0.056514 -0.275833 230 57 70
-0.000214 -0.059112 -0.288515 230 57 70
-0.000213 -0.058861 -0.287288 230 57 70
-0.000213 -0.059029 -0.288106 230 57 70
-0.000212 -0.058610 -0.286060 230 57 70
-0.000209 -0.057771 -0.281969 230 57 70
-0.000191 -0.052826 -0.257834 230 57 70
-0.000192 -0.053036 -0.258856 230 57 70
-0.000190 -0.052617 -0.256811 230 57 70
-0.000195 -0.053916 -0.263152 230 57 70
-0.000182 -0.050270 -0.245356 230 57 70
-0.000147 -0.040694 -0.198619 230 57 70
-0.000101 -0.027870 -0.136029 230 57 70
-0.000123 -0.033926 -0.165585 230 57 70
-0.000111 -0.030699 -0.149835 230 57 70
-0.000099 -0.027472 -0.134086 230 57 70
-0.000061 -0.016765 -0.081825 230 57 70
-0.000054 -0.014868 -0.072569 230 57 70
-0.000042 -0.011506 -0.056158 230 57 70
-0.000041 -0.011293 -0.055120 230 57 70
-0.000042 -0.011506 -0.056158 230 57 70
-0.000039 -0.010914 -0.053270 230 57 70
-0.000039 -0.010729 -0.052368 230 57 70
-0.000037 -0.010212 -0.049841 230 57 70
-0.000036 -0.009842 -0.048036 230 57 70
-0.000197 -0.054409 -0.265558 230 57 70
-0.000195 -0.054039 -0.263753 230 57 70
-0.000195 -0.053817 -0.262670 230 57 70
-0.000198 -0.054853 -0.267724 230 57 70
-0.000195 -0.054002 -0.263573 230 57 70
-0.000188 -0.052116 -0.254368 230 57 70
-0.000174 -0.048123 -0.234877 230 57 70
-0.000174 -0.048123 -0.234877 230 57 70
-0.000176 -0.048603 -0.237223 230 57 70
-0.000149 -0.041319 -0.201669 230 57 70
-0.000128 -0.035458 -0.173063 230 57 70
-0.000104 -0.028858 -0.140847 230 57 70
-0.000098 -0.027120 -0.132365 230 57 70
-0.000109 -0.030059 -0.146713 230 57 70
-0.000094 -0.026121 -0.127492 230 57 70
-0.000083 -0.023089 -0.112693 230 57 70
-0.000074 -0.020427 -0.099698 230 57 70
-0.000065 -0.018079 -0.088238 230 57 70
-0.000057 -0.015712 -0.076687 230 57 70
-0.000039 -0.010721 -0.052329 230 57 70
-0.000037 -0.010113 -0.049357 230 57 70
-0.000034 -0.009512 -0.046424 230 57 70
-0.000033 -0.009191 -0.044860 230 57 70
-0.000032 -0.008903 -0.043452 230 57 70
-0.000055 -0.015288 -0.074618 230 57 70
-0.000175 -0.048313 -0.235803 230 57 70
-0.000175 -0.048313 -0.235803 230 57 70
-0.000172 -0.047543 -0.232049 230 57 70
-0.000176 -0.048633 -0.237367 230 57 70
-0.000178 -0.049306 -0.240652 230 57 70
-0.000173 -0.047896 -0.233770 230 57 70
-0.000159 -0.043858 -0.214061 230 57 70
-0.000154 -0.042576 -0.207805 230 57 70
-0.000153 -0.042320 -0.206554 230 57 70
-0.000143 -0.039532 -0.192946 230 57 70
-0.000119 -0.032834 -0.160255 230 57 70
-0.000093 -0.025784 -0.125844 230 57 70
-0.000081 -0.022467 -0.109655 230 57 70
-0.000101 -0.027963 -0.136480 230 57 70
-0.000089 -0.024630 -0.120213 230 57 70
-0.000079 -0.021714 -0.105979 230 57 70
-0.000070 -0.019230 -0.093857 230 57 70
-0.000062 -0.017195 -0.083925 230 57 70
-0.000056 -0.015416 -0.075244 230 57 70
-0.000050 -0.013790 -0.067306 230 57 70
-0.000045 -0.012452 -0.060775 230 57 70
-0.000031 -0.008531 -0.041638 230 57 70
-0.000029 -0.008111 -0.039587 230 57 70
-0.000029 -0.007975 -0.038925 230 57 70
-0.000035 -0.009806 -0.047859 230 57 70
-0.000122 -0.033628 -0.164129 230 57 70
-0.000125 -0.034468 -0.168232 230 57 70
-0.000122 -0.033817 -0.165056 230 57 70
-0.000112 -0.030889 -0.150762 230 57 70
-0.000088 -0.024205 -0.118137 230 57 70
-0.000098 -0.027174 -0.132630 230 57 70
-0.000110 -0.030347 -0.148115 230 57 70
-0.000116 -0.031974 -0.156056 230 57 70
-0.000116 -0.032082 -0.156585 230 57 70
-0.000117 -0.032245 -0.157379 230 57 70
-0.000096 -0.026632 -0.129983 230 57 70
-0.000094 -0.025981 -0.126806 230 57 70
-0.000080 -0.022252 -0.108608 230 57 70
-0.000078 -0.021628 -0.105564 230 57 70
-0.000070 -0.019473 -0.095042 230 57 70
-0.000063 -0.017317 -0.084520 230 57 70
-0.000056 -0.015622 -0.076248 230 57 70
-0.000049 -0.013677 -0.066752 230 57 70
-0.000045 -0.012341 -0.060234 230 57 70
-0.000040 -0.011134 -0.054344 230 57 70
-0.000036 -0.009995 -0.048785 230 57 70
-0.000034 -0.009372 -0.045741 230 57 70
-0.000024 -0.006719 -0.032795 230 57 70
-0.000028 -0.007646 -0.037316 230 57 70
-0.000034 -0.009359 -0.045681 230 57 70
-0.000104 -0.028806 -0.140595 230 57 70
-0.000103 -0.028429 -0.138754 230 57 70
-0.000098 -0.027120 -0.132365 230 57 70
-0.000093 -0.025722 -0.125543 230 57 70
-0.000071 -0.019732 -0.096305 230 57 70
-0.000084 -0.023259 -0.113523 230 57 70
-0.000091 -0.025278 -0.123377 230 57 70
-0.000096 -0.026410 -0.128900 230 57 70
-0.000098 -0.027164 -0.132582 230 57 70
-0.000053 -0.014684 -0.071670 230 57 70
-0.000053 -0.014684 -0.071670 230 57 70
-0.000067 -0.018522 -0.090404 230 57 70
-0.000069 -0.019077 -0.093111 230 57 70
-0.000061 -0.016747 -0.081741 230 57 70
-0.000056 -0.015516 -0.075731 230 57 70
-0.000049 -0.013475 -0.065768 230 57 70
-0.000043 -0.011955 -0.058351 230 57 70
-0.000038 -0.010635 -0.051908 230 57 70
-0.000035 -0.009681 -0.047251 230 57 70
-0.000032 -0.008749 -0.042703 230 57 70
-0.000029 -0.008000 -0.039049 230 57 70
-0.000027 -0.007507 -0.036639 230 57 70
-0.000026 -0.007130 -0.034798 230 57 70
-0.000026 -0.007073 -0.034522 230 57 70
-0.000098 -0.027159 -0.132557 230 57 70
-0.000098 -0.027056 -0.132052 230 57 70
-0.000095 -0.026158 -0.127673 230 57 70
-0.000093 -0.025606 -0.124977 230 57 70
-0.000090 -0.024881 -0.121440 230 57 70
-0.000101 -0.027884 -0.136095 230 57 70
-0.000087 -0.024018 -0.117229 230 57 70
-0.000087 -0.024087 -0.117566 230 57 70
-0.000088 -0.024329 -0.118745 230 57 70
-0.000040 -0.011033 -0.053851 230 57 70
-0.000039 -0.010835 -0.052882 230 57 70
-0.000042 -0.011594 -0.056588 230 57 70
-0.000047 -0.013087 -0.063873 230 57 70
-0.000050 -0.013751 -0.067116 230 57 70
-0.000043 -0.012008 -0.058609 230 57 70
-0.000039 -0.010714 -0.052293 230 57 70
-0.000035 -0.009756 -0.047618 230 57 70
-0.000032 -0.008859 -0.043239 230 57 70
-0.000028 -0.007841 -0.038270 230 57 70
-0.000026 -0.007090 -0.034606 230 57 70
-0.000024 -0.006564 -0.032037 230 57 70
-0.000022 -0.006094 -0.029742 230 57 70
-0.000021 -0.005826 -0.028436 230 57 70
-0.000020 -0.005580 -0.027236 230 57 70
-0.000020 -0.005533 -0.027005 230 57 70
-0.000046 -0.012723 -0.062099 230 57 70
-0.000046 -0.012809 -0.062520 230 57 70
-0.000047 -0.012994 -0.063422 230 57 70
-0.000049 -0.013574 -0.066250 230 57 70
-0.000051 -0.014054 -0.068596 230 57 70
-0.000055 -0.015299 -0.074672 230 57 70
-0.000059 -0.016372 -0.079906 230 57 70
-0.000061 -0.016766 -0.081831 230 57 70
-0.000030 -0.008391 -0.040953 230 57 70
-0.000029 -0.008132 -0.039689 230 57 70
-0.000030 -0.008163 -0.039840 230 57 70
-0.000033 -0.009007 -0.043961 230 57 70
-0.000031 -0.008508 -0.041524 230 57 70
-0.000032 -0.008736 -0.042637 230 57 70
-0.000029 -0.008008 -0.039088 230 57 70
-0.000026 -0.007177 -0.035027 230 57 70
-0.000024 -0.006677 -0.032590 230 57 70
-0.000020 -0.005525 -0.026966 230 57 70
-0.000019 -0.005362 -0.026168 230 57 70
-0.000018 -0.004905 -0.023943 230 57 70
-0.000017 -0.004607 -0.022484 230 57 70
-0.000016 -0.004397 -0.021461 230 57 70
-0.000015 -0.004194 -0.020468 230 57 70
-0.000015 -0.004120 -0.020107 230 57 70
-0.000018 -0.005016 -0.024484 230 57 70
-0.000018 -0.005056 -0.024680 230 57 70
-0.000027 -0.007544 -0.036820 230 57 70
-0.000027 -0.007555 -0.036874 230 57 70
-0.000028 -0.007832 -0.038227 230 57 70
-0.000030 -0.008246 -0.040249 230 57 70
-0.000031 -0.008646 -0.042198 230 57 70
-0.000032 -0.008838 -0.043136 230 57 70
-0.000032 -0.008956 -0.043714 230 57 70
-0.000033 -0.009178 -0.044797 230 57 70
-0.000019 -0.005277 -0.025756 230 57 70
-0.000019 -0.005340 -0.026063 230 57 70
-0.000020 -0.005554 -0.027110 230 57 70
-0.000020 -0.005447 -0.026587 230 57 70
-0.000017 -0.004630 -0.022598 230 57 70
-0.000017 -0.004822 -0.023536 230 57 70
-0.000017 -0.004575 -0.022327 230 57 70
-0.000015 -0.004179 -0.020396 230 57 70
-0.000014 -0.003794 -0.018519 230 57 70
-0.000013 -0.003476 -0.016967 230 57 70
-0.000012 -0.003301 -0.016110 230 57 70
-0.000010 -0.002829 -0.013809 230 57 70
-0.000010 -0.002729 -0.013321 230 57 70
-0.000010 -0.002633 -0.012852 230 57 70
-0.000009 -0.002576 -0.012572 230 57 70
-0.000011 -0.002911 -0.014206 230 57 70
-0.000011 -0.003110 -0.015180 230 57 70
-0.000011 -0.003029 -0.014783 230 57 70
-0.000010 -0.002752 -0.013430 230 57 70
-0.000011 -0.002907 -0.014188 230 57 70
-0.000010 -0.002892 -0.014116 230 57 70
-0.000011 -0.002919 -0.014248 230 57 70
-0.000011 -0.002959 -0.014440 230 57 70
-0.000010 -0.002899 -0.014152 230 57 70
-0.000011 -0.002927 -0.014284 230 57 70
-0.000011 -0.002973 -0.014513 230 57 70
-0.000011 -0.002917 -0.014236 230 57 70
-0.000009 -0.002478 -0.012094 230 57 70
-0.000006 -0.001789 -0.008731 230 57 70
-0.000006 -0.001583 -0.007727 230 57 70
-0.000006 -0.001581 -0.007715 230 57 70
-0.000006 -0.001602 -0.007817 230 57 70
-0.000005 -0.001499 -0.007318 230 57 70
-0.000005 -0.001379 -0.006731 230 57 70
-0.000005 -0.001297 -0.006331 230 57 70
-0.000004 -0.001199 -0.005850 230 57 70
-0.000004 -0.001122 -0.005477 230 57 70
-0.000004 -0.001044 -0.005098 230 57 70
-0.000004 -0.001038 -0.005065 230 57 70
-0.000004 -0.001004 -0.004899 230 57 70
-0.000004 -0.001020 -0.004977 230 57 70
-0.000004 -0.001167 -0.005696 230 57 70
-0.000015 -0.004080 -0.019915 230 57 70
-0.000010 -0.002695 -0.013153 230 57 70
0.000008 0.002309 0.011272 230 57 70
0.000009 0.002351 0.011476 230 57 70
0.000009 0.002408 0.011753 230 57 70
0.000008 0.002144 0.010466 230 57 70
0.000008 0.002107 0.010285 230 57 70
0.000008 0.002137 0.010430 230 57 70
0.000008 0.002245 0.010959 230 57 70
0.000006 0.001660 0.008101 230 57 70
0.000005 0.001508 0.007361 230 57 70
0.000004 0.001072 0.005232 230 57 70
0.000003 0.000908 0.004432 230 57 70
0.000003 0.000898 0.004381 230 57 70
0.000003 0.000967 0.004720 230 57 70
0.000003 0.000883 0.004308 230 57 70
0.000003 0.000770 0.003758 230 57 70
0.000003 0.000702 0.003427 230 57 70
0.000002 0.000620 0.003024 230 57 70
0.000002 0.000545 0.002660 230 57 70
0.000002 0.000498 0.002431 230 57 70
0.000003 0.000710 0.003466 230 57 70
0.000003 0.000763 0.003722 230 57 70
0.000003 0.000705 0.003439 230 57 70
0.000002 0.000690 0.003367 230 57 70
0.000013 0.003552 0.017336 230 57 70
0.000008 0.002176 0.010622 230 57 70
0.000008 0.002198 0.010730 230 57 70
0.000027 0.007365 0.035949 230 57 70
0.000027 0.007447 0.036346 230 57 70
0.000023 0.006496 0.031708 230 57 70
0.000023 0.006471 0.031582 230 57 70
0.000024 0.006611 0.032267 230 57 70
0.000026 0.007232 0.035299 230 57 70
0.000018 0.005051 0.024651 230 57 70
0.000013 0.003501 0.017089 230 57 70
0.000012 0.003292 0.016069 230 57 70
0.000011 0.002961 0.014454 230 57 70
0.000011 0.002932 0.014310 230 57 70
0.000012 0.003289 0.016051 230 57 70
0.000011 0.003028 0.014779 230 57 70
0.000010 0.002740 0.013371 230 57 70
0.000009 0.002508 0.012243 230 57 70
0.000008 0.002279 0.011124 230 57 70
0.000008 0.002118 0.010339 230 57 70
0.000011 0.002904 0.014174 230 57 70
0.000011 0.003017 0.014725 230 57 70
0.000011 0.002984 0.014562 230 57 70
0.000010 0.002708 0.013218 230 57 70
0.000010 0.002631 0.012839 230 57 70
0.000040 0.011085 0.054105 230 57 70
0.000026 0.007299 0.035624 230 57 70
0.000026 0.007188 0.035083 230 57 70
0.000026 0.007092 0.034614 230 57 70
0.000027 0.007336 0.035805 230 57 70
0.000044 0.012138 0.059243 230 57 70
0.000041 0.011442 0.055844 230 57 70
0.000042 0.011528 0.056265 230 57 70
0.000042 0.011583 0.056536 230 57 70
0.000032 0.008785 0.042880 230 57 70
0.000025 0.006887 0.033615 230 57 70
0.000036 0.009907 0.048354 230 57 70
0.000019 0.005279 0.025764 230 57 70
0.000017 0.004638 0.022636 230 57 70
0.000017 0.004780 0.023328 230 57 70
0.000020 0.005482 0.026757 230 57 70
0.000018 0.004983 0.024320 230 57 70
0.000016 0.004508 0.022004 230 57 70
0.000015 0.004077 0.019899 230 57 70
0.000014 0.003769 0.018395 230 57 70
0.000020 0.005482 0.026757 230 57 70
0.000020 0.005501 0.026847 230 57 70
0.000020 0.005464 0.026667 230 57 70
0.000019 0.005303 0.025884 230 57 70
0.000018 0.004992 0.024365 230 57 70
0.000067 0.018461 0.090105 230 57 70
0.000045 0.012348 0.060266 230 57 70
0.000044 0.012212 0.059604 230 57 70
0.000044 0.012261 0.059845 230 57 70
0.000045 0.012532 0.061168 230 57 70
0.000045 0.012545 0.061228 230 57 70
0.000056 0.015464 0.075474 230 57 70
0.000057 0.015748 0.076864 230 57 70
0.000050 0.013850 0.067599 230 57 70
0.000039 0.010813 0.052776 230 57 70
0.000042 0.011512 0.056187 230 57 70
0.000044 0.012176 0.059429 230 57 70
0.000025 0.007025 0.034289 230 57 70
0.000025 0.006870 0.033531 230 57 70
0.000028 0.007672 0.037447 230 57 70
0.000027 0.007392 0.036079 230 57 70
0.000024 0.006723 0.032815 230 57 70
0.000022 0.005968 0.029130 230 57 70
0.000020 0.005528 0.026982 230 57 70
0.000025 0.006982 0.034078 230 57 70
0.000028 0.007646 0.037321 230 57 70
0.000029 0.007992 0.039005 230 57 70
0.000029 0.007905 0.038584 230 57 70
0.000028 0.007854 0.038331 230 57 70
0.000028 0.007823 0.038184 230 57 70
0.000094 0.026059 0.127187 230 57 70
0.000066 0.018173 0.088697 230 57 70
0.000063 0.017482 0.085328 230 57 70
0.000064 0.017655 0.086170 230 57 70
0.000064 0.017707 0.086423 230 57 70
0.000064 0.017621 0.086002 230 57 70
0.000064 0.017828 0.087013 230 57 70
0.000067 0.018429 0.089948 230 57 70
0.000058 0.016011 0.078145 230 57 70
0.000052 0.014502 0.070782 230 57 70
0.000056 0.015611 0.076196 230 57 70
0.000055 0.015112 0.073759 230 57 70
0.000034 0.009521 0.046471 230 57 70
0.000037 0.010098 0.049287 230 57 70
0.000035 0.009765 0.047662 230 57 70
0.000032 0.008967 0.043764 230 57 70
0.000029 0.008007 0.039080 230 57 70
0.000027 0.007336 0.035805 230 57 70
0.000031 0.008612 0.042031 230 57 70
0.000034 0.009316 0.045469 230 57 70
0.000036 0.009976 0.048691 230 57 70
0.000038 0.010619 0.051831 230 57 70
0.000038 0.010436 0.050938 230 57 70
0.000038 0.010475 0.051127 230 57 70
0.000120 0.033272 0.162392 230 57 70
0.000089 0.024663 0.120377 230 57 70
0.000082 0.022645 0.110523 230 57 70
0.000082 0.022778 0.111173 230 57 70
0.000084 0.023155 0.113013 230 57 70
0.000084 0.023155 0.113013 230 57 70
0.000085 0.023599 0.115179 230 57 70
0.000082 0.022667 0.110631 230 57 70
0.000063 0.017331 0.084588 230 57 70
0.000066 0.018301 0.089323 230 57 70
0.000065 0.017948 0.087602 230 57 70
0.000058 0.016077 0.078470 230 57 70
0.000063 0.017298 0.084426 230 57 70
0.000057 0.015698 0.076617 230 57 70
0.000043 0.011901 0.058088 230 57 70
0.000041 0.011264 0.054978 230 57 70
0.000037 0.010240 0.049981 230 57 70
0.000033 0.009237 0.045084 230 57 70
0.000037 0.010179 0.049684 230 57 70
0.000039 0.010898 0.053191 230 57 70
0.000041 0.011386 0.055573 230 57 70
0.000046 0.012728 0.062125 230 57 70
0.000047 0.012986 0.063382 230 57 70
0.000046 0.012844 0.062687 230 57 70
0.000047 0.012932 0.063117 230 57 70
0.000150 0.041594 0.203012 230 57 70
0.000102 0.028334 0.138292 230 57 70
0.000103 0.028415 0.138689 230 57 70
0.000105 0.029066 0.141866 230 57 70
0.000106 0.029310 0.143057 230 57 70
0.000107 0.029527 0.144116 230 57 70
0.000110 0.030314 0.147954 230 57 70
0.000074 0.020552 0.100308 230 57 70
0.000069 0.019006 0.092764 230 57 70
0.000071 0.019548 0.095411 230 57 70
0.000068 0.018890 0.092198 230 57 70
0.000071 0.019531 0.095327 230 57 70
0.000069 0.019066 0.093059 230 57 70
0.000063 0.017320 0.084534 230 57 70
0.000040 0.011151 0.054424 230 57 70
0.000044 0.012288 0.059977 230 57 70
0.000040 0.011143 0.054385 230 57 70
0.000043 0.011952 0.058335 230 57 70
0.000045 0.012521 0.061111 230 57 70
0.000046 0.012801 0.062479 230 57 70
0.000051 0.014067 0.068658 230 57 70
0.000054 0.014836 0.072412 230 57 70
0.000053 0.014748 0.071982 230 57 70
0.000054 0.015012 0.073272 230 57 70
0.000173 0.047829 0.233441 230 57 70
0.000126 0.034850 0.170093 230 57 70
0.000119 0.032895 0.160551 230 57 70
0.000122 0.033632 0.164149 230 57 70
0.000125 0.034465 0.168216 230 57 70
0.000125 0.034657 0.169154 230 57 70
0.000129 0.035555 0.173534 230 57 70
0.000087 0.024114 0.117694 230 57 70
0.000077 0.021422 0.104555 230 57 70
0.000073 0.020092 0.098064 230 57 70
0.000075 0.020717 0.101114 230 57 70
0.000074 0.020589 0.100488 230 57 70
0.000053 0.014591 0.071215 230 57 70
0.000051 0.014147 0.069049 230 57 70
0.000061 0.016893 0.082449 230 57 70
0.000050 0.013953 0.068101 230 57 70
0.000048 0.013186 0.064356 230 57 70
0.000050 0.013907 0.067876 230 57 70
0.000053 0.014646 0.071485 230 57 70
0.000051 0.014008 0.068372 230 57 70
0.000056 0.015617 0.076223 230 57 70
0.000061 0.016773 0.081863 230 57 70
0.000063 0.017318 0.084525 230 57 70
0.000062 0.017059 0.083262 230 57 70
0.000058 0.015941 0.077802 230 57 70
0.000199 0.054896 0.267936 230 57 70
0.000143 0.039625 0.193399 230 57 70
0.000139 0.038330 0.187082 230 57 70
0.000139 0.038515 0.187984 230 57 70
0.000143 0.039440 0.192496 230 57 70
0.000141 0.039070 0.190691 230 57 70
0.000148 0.040882 0.199535 230 57 70
0.000086 0.023724 0.115793 230 57 70
0.000082 0.022726 0.110920 230 57 70
0.000077 0.021321 0.104062 230 57 70
0.000080 0.022153 0.108122 230 57 70
0.000078 0.021617 0.105506 230 57 70
0.000076 0.021043 0.102708 230 57 70
-0.515732 -0.013196 0.001084 230 57 70
-0.477830 -0.012226 0.001004 230 57 70
-0.447369 -0.011446 0.000940 230 57 70
-0.256670 -0.006567 0.000539 230 57 70
-0.232434 -0.005947 0.000488 230 57 70
-0.204968 -0.005244 0.000431 230 57 70
-0.168540 -0.004312 0.000354 230 57 70
-0.138029 -0.003532 0.000290 230 57 70
-0.097396 -0.002492 0.000205 230 57 70
-0.077494 -0.001983 0.000163 230 57 70
-0.054105 -0.001384 0.000114 230 57 70
-0.025589 -0.000655 0.000054 230 57 70
-0.008667 -0.000222 0.000018 230 57 70
0.007266 0.000186 -0.000015 230 57 70
0.018952 0.000485 -0.000040 230 57 70
0.027793 0.000711 -0.000058 230 57 70
0.040935 0.001047 -0.000086 230 57 70
0.048777 0.001248 -0.000102 230 57 70
0.055051 0.001409 -0.000116 230 57 70
0.060785 0.001555 -0.000128 230 57 70
0.061885 0.001583 -0.000130 230 57 70
0.062618 0.001602 -0.000132 230 57 70
0.349872 0.008952 -0.000735 230 57 70
0.417161 0.010674 -0.000876 230 57 70
0.454135 0.011620 -0.000954 230 57 70
0.500981 0.012818 -0.001053 230 57 70
-0.520287 -0.013312 0.001093 230 57 70
-0.333142 -0.008524 0.000700 230 57 70
-0.291287 -0.007453 0.000612 230 57 70
-0.269003 -0.006883 0.000565 230 57 70
-0.241065 -0.006168 0.000506 230 57 70
-0.202132 -0.005172 0.000425 230 57 70
-0.155722 -0.003984 0.000327 230 57 70
-0.113551 -0.002905 0.000239 230 57 70
-0.099201 -0.002538 0.000208 230 57 70
-0.065701 -0.001681 0.000138 230 57 70
-0.040617 -0.001039 0.000085 230 57 70
-0.019539 -0.000500 0.000041 230 57 70
-0.004171 -0.000107 0.000009 230 57 70
0.007559 0.000193 -0.000016 230 57 70
0.018196 0.000466 -0.000038 230 57 70
0.028814 0.000737 -0.000061 230 57 70
0.037829 0.000968 -0.000079 230 57 70
0.045508 0.001164 -0.000096 230 57 70
0.051902 0.001328 -0.000109 230 57 70
0.054890 0.001404 -0.000115 230 57 70
0.057535 0.001472 -0.000121 230 57 70
0.338902 0.008671 -0.000712 230 57 70
0.378123 0.009675 -0.000794 230 57 70
0.415313 0.010626 -0.000873 230 57 70
0.468273 0.011981 -0.000984 230 57 70
0.519453 0.013291 -0.001091 230 57 70
-0.377453 -0.009658 0.000793 230 57 70
-0.350589 -0.008970 0.000737 230 57 70
-0.314768 -0.008054 0.000661 230 57 70
-0.275295 -0.007044 0.000578 230 57 70
-0.196773 -0.005035 0.000413 230 57 70
-0.151790 -0.003884 0.000319 230 57 70
-0.138631 -0.003547 0.000291 230 57 70
-0.110404 -0.002825 0.000232 230 57 70
-0.071033 -0.001817 0.000149 230 57 70
-0.040132 -0.001027 0.000084 230 57 70
-0.026532 -0.000679 0.000056 230 57 70
-0.014014 -0.000359 0.000029 230 57 70
-0.003818 -0.000098 0.000008 230 57 70
0.007840 0.000201 -0.000016 230 57 70
0.018040 0.000462 -0.000038 230 57 70
0.027417 0.000701 -0.000058 230 57 70
0.035431 0.000907 -0.000074 230 57 70
0.042792 0.001095 -0.000090 230 57 70
0.046537 0.001191 -0.000098 230 57 70
0.048466 0.001240 -0.000102 230 57 70
0.258341 0.006610 -0.000543 230 57 70
0.300595 0.007691 -0.000632 230 57 70
0.338257 0.008655 -0.000711 230 57 70
0.386982 0.009901 -0.000813 230 57 70
0.437751 0.011200 -0.000920 230 57 70
0.477506 0.012218 -0.001003 230 57 70
0.520079 0.013307 -0.001093 230 57 70
-0.392419 -0.010041 0.000824 230 57 70
-0.357207 -0.009140 0.000750 230 57 70
-0.328857 -0.008414 0.000691 230 57 70
-0.194501 -0.004977 0.000409 230 57 70
-0.165882 -0.004244 0.000349 230 57 70
-0.151689 -0.003881 0.000319 230 57 70
-0.118247 -0.003025 0.000248 230 57 70
-0.075029 -0.001920 0.000158 230 57 70
-0.050470 -0.001291 0.000106 230 57 70
-0.037367 -0.000956 0.000079 230 57 70
-0.024098 -0.000617 0.000051 230 57 70
-0.015299 -0.000391 0.000032 230 57 70
-0.002529 -0.000065 0.000005 230 57 70
0.007865 0.000201 -0.000017 230 57 70
0.017423 0.000446 -0.000037 230 57 70
0.026063 0.000667 -0.000055 230 57 70
0.033406 0.000855 -0.000070 230 57 70
0.039293 0.001005 -0.000083 230 57 70
0.220618 0.005645 -0.000464 230 57 70
0.258341 0.006610 -0.000543 230 57 70
0.297741 0.007618 -0.000626 230 57 70
0.347282 0.008886 -0.000730 230 57 70
0.392249 0.010036 -0.000824 230 57 70
0.430095 0.011005 -0.000904 230 57 70
0.481257 0.012314 -0.001011 230 57 70
0.402360 0.010295 -0.000845 230 57 70
-0.416496 -0.010657 0.000875 230 57 70
-0.343069 -0.008778 0.000721 230 57 70
-0.208688 -0.005340 0.000438 230 57 70
-0.180658 -0.004622 0.000380 230 57 70
-0.160430 -0.004105 0.000337 230 57 70
-0.126568 -0.003238 0.000266 230 57 70
-0.108811 -0.002784 0.000229 230 57 70
-0.064286 -0.001645 0.000135 230 57 70
-0.045314 -0.001159 0.000095 230 57 70
-0.034288 -0.000877 0.000072 230 57 70
-0.025414 -0.000650 0.000053 230 57 70
-0.012744 -0.000326 0.000027 230 57 70
-0.001761 -0.000045 0.000004 230 57 70
0.008046 0.000206 -0.000017 230 57 70
0.017050 0.000436 -0.000036 230 57 70
0.025376 0.000649 -0.000053 230 57 70
0.031751 0.000812 -0.000067 230 57 70
0.184404 0.004718 -0.000387 230 57 70
0.220476 0.005641 -0.000463 230 57 70
0.261656 0.006695 -0.000550 230 57 70
0.308778 0.007900 -0.000649 230 57 70
0.352009 0.009007 -0.000740 230 57 70
0.390573 0.009993 -0.000821 230 57 70
0.432207 0.011059 -0.000908 230 57 70
0.412010 0.010542 -0.000866 230 57 70
0.426467 0.010912 -0.000896 230 57 70
-0.252514 -0.006461 0.000531 230 57 70
-0.219437 -0.005615 0.000461 230 57 70
-0.192113 -0.004915 0.000404 230 57 70
-0.170590 -0.004365 0.000358 230 57 70
-0.145893 -0.003733 0.000307 230 57 70
-0.122516 -0.003135 0.000257 230 57 70
-0.071381 -0.001826 0.000150 230 57 70
-0.052622 -0.001346 0.000111 230 57 70
-0.046603 -0.001192 0.000098 230 57 70
-0.035488 -0.000908 0.000075 230 57 70
-0.022342 -0.000572 0.000047 230 57 70
-0.011031 -0.000282 0.000023 230 57 70
-0.001047 -0.000027 0.000002 230 57 70
0.008196 0.000210 -0.000017 230 57 70
0.016456 0.000421 -0.000035 230 57 70
0.107551 0.002752 -0.000226 230 57 70
0.144268 0.003691 -0.000303 230 57 70
0.183938 0.004706 -0.000386 230 57 70
0.224006 0.005731 -0.000471 230 57 70
0.265468 0.006792 -0.000558 230 57 70
0.304021 0.007779 -0.000639 230 57 70
0.341695 0.008743 -0.000718 230 57 70
0.347478 0.008891 -0.000730 230 57 70
0.375981 0.009620 -0.000790 230 57 70
0.398449 0.010195 -0.000837 230 57 70
0.408935 0.010463 -0.000859 230 57 70
-0.223719 -0.005724 0.000470 230 57 70
-0.204999 -0.005245 0.000431 230 57 70
-0.177472 -0.004541 0.000373 230 57 70
-0.151336 -0.003872 0.000318 230 57 70
-0.131584 -0.003367 0.000276 230 57 70
-0.097801 -0.002502 0.000205 230 57 70
-0.072494 -0.001855 0.000152 230 57 70
-0.059989 -0.001535 0.000126 230 57 70
-0.042993 -0.001100 0.000090 230 57 70
-0.030635 -0.000784 0.000064 230 57 70
-0.019948 -0.000510 0.000042 230 57 70
-0.009981 -0.000255 0.000021 230 57 70
-0.000587 -0.000015 0.000001 230 57 70
0.008411 0.000215 -0.000018 230 57 70
0.072860 0.001864 -0.000153 230 57 70
0.108564 0.002778 -0.000228 230 57 70
0.146846 0.003757 -0.000309 230 57 70
0.184637 0.004724 -0.000388 230 57 70
0.224430 0.005742 -0.000472 230 57 70
0.261822 0.006699 -0.000550 230 57 70
0.297360 0.007608 -0.000625 230 57 70
0.329233 0.008424 -0.000692 230 57 70
0.364237 0.009319 -0.000765 230 57 70
0.336913 0.008620 -0.000708 230 57 70
0.357190 0.009139 -0.000750 230 57 70
0.261159 0.006682 -0.000549 230 57 70
-0.209241 -0.005354 0.000440 230 57 70
-0.177475 -0.004541 0.000373 230 57 70
-0.138106 -0.003534 0.000290 230 57 70
-0.123272 -0.003154 0.000259 230 57 70
-0.099671 -0.002550 0.000209 230 57 70
-0.083418 -0.002134 0.000175 230 57 70
-0.068221 -0.001746 0.000143 230 57 70
-0.052852 -0.001352 0.000111 230 57 70
-0.036773 -0.000941 0.000077 230 57 70
-0.027426 -0.000702 0.000058 230 57 70
-0.017394 -0.000445 0.000037 230 57 70
-0.007978 -0.000204 0.000017 230 57 70
0.001723 0.000044 -0.000004 230 57 70
0.036641 0.000937 -0.000077 230 57 70
0.071915 0.001840 -0.000151 230 57 70
0.108564 0.002778 -0.000228 230 57 70
0.145557 0.003724 -0.000306 230 57 70
0.184054 0.004709 -0.000387 230 57 70
0.222030 0.005681 -0.000466 230 57 70
0.257512 0.006589 -0.000541 230 57 70
0.290509 0.007433 -0.000610 230 57 70
0.274873 0.007033 -0.000578 230 57 70
0.291454 0.007457 -0.000612 230 57 70
0.285174 0.007297 -0.000599 230 57 70
0.225621 0.005773 -0.000474 230 57 70
0.227502 0.005821 -0.000478 230 57 70
-0.162063 -0.004147 0.000340 230 57 70
-0.143935 -0.003683 0.000302 230 57 70
-0.127056 -0.003251 0.000267 230 57 70
-0.094201 -0.002410 0.000198 230 57 70
-0.093424 -0.002390 0.000196 230 57 70
-0.077340 -0.001979 0.000162 230 57 70
-0.063548 -0.001626 0.000134 230 57 70
-0.044411 -0.001136 0.000093 230 57 70
-0.035323 -0.000904 0.000074 230 57 70
-0.025861 -0.000662 0.000054 230 57 70
-0.015259 -0.000390 0.000032 230 57 70
-0.032962 -0.000843 0.000069 230 57 70
0.001723 0.000044 -0.000004 230 57 70
0.036309 0.000929 -0.000076 230 57 70
0.070970 0.001816 -0.000149 230 57 70
0.106673 0.002729 -0.000224 230 57 70
0.143347 0.003668 -0.000301 230 57 70
0.179505 0.004593 -0.000377 230 57 70
0.212852 0.005446 -0.000447 230 57 70
0.247733 0.006339 -0.000520 230 57 70
0.229992 0.005885 -0.000483 230 57 70
0.250379 0.006406 -0.000526 230 57 70
0.222622 0.005696 -0.000468 230 57 70
0.193840 0.004960 -0.000407 230 57 70
0.204702 0.005238 -0.000430 230 57 70
0.219519 0.005617 -0.000461 230 57 70
-0.150432 -0.003849 0.000316 230 57 70
-0.133407 -0.003413 0.000280 230 57 70
-0.121946 -0.003120 0.000256 230 57 70
-0.100682 -0.002576 0.000212 230 57 70
-0.086269 -0.002207 0.000181 230 57 70
-0.072174 -0.001847 0.000152 230 57 70
-0.058073 -0.001486 0.000122 230 57 70
-0.043951 -0.001125 0.000092 230 57 70
-0.033840 -0.000866 0.000071 230 57 70
-0.023148 -0.000592 0.000049 230 57 70
-0.096402 -0.002467 0.000203 230 57 70
-0.065756 -0.001682 0.000138 230 57 70
-0.032041 -0.000820 0.000067 230 57 70
0.001833 0.000047 -0.000004 230 57 70
0.036162 0.000925 -0.000076 230 57 70
0.070798 0.001811 -0.000149 230 57 70
0.106201 0.002717 -0.000223 230 57 70
0.141321 0.003616 -0.000297 230 57 70
0.175773 0.004497 -0.000369 230 57 70
0.176988 0.004528 -0.000372 230 57 70
0.194030 0.004964 -0.000408 230 57 70
0.206965 0.005295 -0.000435 230 57 70
0.176252 0.004510 -0.000370 230 57 70
0.167915 0.004296 -0.000353 230 57 70
0.186448 0.004771 -0.000392 230 57 70
0.191430 0.004898 -0.000402 230 57 70
0.199012 0.005092 -0.000418 230 57 70
-0.119278 -0.003052 0.000251 230 57 70
-0.072042 -0.001843 0.000151 230 57 70
-0.063864 -0.001634 0.000134 230 57 70
-0.054370 -0.001391 0.000114 230 57 70
-0.046066 -0.001179 0.000097 230 57 70
-0.037938 -0.000971 0.000080 230 57 70
-0.030212 -0.000773 0.000063 230 57 70
-0.022043 -0.000564 0.000046 230 57 70
-0.109324 -0.002797 0.000230 230 57 70
-0.086984 -0.002226 0.000183 230 57 70
-0.058795 -0.001504 0.000124 230 57 70
-0.028788 -0.000737 0.000060 230 57 70
0.002423 0.000062 -0.000005 230 57 70
0.023307 0.000596 -0.000049 230 57 70
0.042586 0.001090 -0.000089 230 57 70
0.064806 0.001658 -0.000136 230 57 70
0.089110 0.002280 -0.000187 230 57 70
0.115004 0.002943 -0.000242 230 57 70
0.145855 0.003732 -0.000306 230 57 70
0.174803 0.004473 -0.000367 230 57 70
0.199543 0.005106 -0.000419 230 57 70
0.207407 0.005307 -0.000436 230 57 70
0.201194 0.005148 -0.000423 230 57 70
0.166518 0.004261 -0.000350 230 57 70
0.184650 0.004724 -0.000388 230 57 70
0.189776 0.004856 -0.000399 230 57 70
-0.125948 -0.003223 0.000265 230 57 70
-0.073020 -0.001868 0.000153 230 57 70
-0.063380 -0.001622 0.000133 230 57 70
-0.054024 -0.001382 0.000114 230 57 70
-0.045498 -0.001164 0.000096 230 57 70
-0.036621 -0.000937 0.000077 230 57 70
-0.039692 -0.001016 0.000083 230 57 70
-0.154120 -0.003943 0.000324 230 57 70
-0.127170 -0.003254 0.000267 230 57 70
-0.096721 -0.002475 0.000203 230 57 70
-0.065922 -0.001687 0.000139 230 57 70
-0.011353 -0.000290 0.000024 230 57 70
0.005857 0.000150 -0.000012 230 57 70
0.024909 0.000637 -0.000052 230 57 70
0.046260 0.001184 -0.000097 230 57 70
0.069162 0.001770 -0.000145 230 57 70
0.093438 0.002391 -0.000196 230 57 70
0.119436 0.003056 -0.000251 230 57 70
0.142184 0.003638 -0.000299 230 57 70
0.171322 0.004383 -0.000360 230 57 70
0.178419 0.004565 -0.000375 230 57 70
0.169161 0.004328 -0.000355 230 57 70
0.181442 0.004642 -0.000381 230 57 70
0.179585 0.004595 -0.000377 230 57 70
0.175850 0.004499 -0.000369 230 57 70
0.165981 0.004247 -0.000349 230 57 70
-0.107728 -0.002756 0.000226 230 57 70
-0.070238 -0.001797 0.000148 230 57 70
-0.059996 -0.001535 0.000126 230 57 70
-0.051413 -0.001315 0.000108 230 57 70
-0.048053 -0.001229 0.000101 230 57 70
-0.217498 -0.005565 0.000457 230 57 70
-0.195121 -0.004992 0.000410 230 57 70
-0.165464 -0.004234 0.000348 230 57 70
-0.135101 -0.003457 0.000284 230 57 70
-0.104382 -0.002671 0.000219 230 57 70
-0.032772 -0.000839 0.000069 230 57 70
-0.013471 -0.000345 0.000028 230 57 70
0.005461 0.000140 -0.000011 230 57 70
0.025922 0.000663 -0.000054 230 57 70
0.047936 0.001227 -0.000101 230 57 70
0.070411 0.001802 -0.000148 230 57 70
0.092793 0.002374 -0.000195 230 57 70
0.113721 0.002910 -0.000239 230 57 70
0.145220 0.003716 -0.000305 230 57 70
0.082148 0.002102 -0.000173 230 57 70
0.095445 0.002442 -0.000201 230 57 70
0.140692 0.003600 -0.000296 230 57 70
0.119313 0.003053 -0.000251 230 57 70
0.152132 0.003892 -0.000320 230 57 70
0.153344 0.003924 -0.000322 230 57 70
0.149623 0.003828 -0.000314 230 57 70
-0.083732 -0.002142 0.000176 230 57 70
-0.069486 -0.001778 0.000146 230 57 70
-0.060825 -0.001556 0.000128 230 57 70
-0.055440 -0.001418 0.000116 230 57 70
-0.265946 -0.006805 0.000559 230 57 70
-0.235300 -0.006020 0.000494 230 57 70
-0.205711 -0.005263 0.000432 230 57 70
-0.176422 -0.004514 0.000371 230 57 70
-0.148564 -0.003801 0.000312 230 57 70
-0.056339 -0.001442 0.000118 230 57 70
-0.035783 -0.000916 0.000075 230 57 70
-0.015696 -0.000402 0.000033 230 57 70
0.005075 0.000130 -0.000011 230 57 70
0.026235 0.000671 -0.000055 230 57 70
0.046862 0.001199 -0.000098 230 57 70
0.067507 0.001727 -0.000142 230 57 70
0.088097 0.002254 -0.000185 230 57 70
0.061991 0.001586 -0.000130 230 57 70
0.070598 0.001806 -0.000148 230 57 70
0.083806 0.002144 -0.000176 230 57 70
0.099870 0.002555 -0.000210 230 57 70
0.118347 0.003028 -0.000249 230 57 70
0.131165 0.003356 -0.000276 230 57 70
0.138141 0.003535 -0.000290 230 57 70
0.135600 0.003469 -0.000285 230 57 70
0.133107 0.003406 -0.000280 230 57 70
-0.076168 -0.001949 0.000160 230 57 70
-0.068132 -0.001743 0.000143 230 57 70
-0.326893 -0.008364 0.000687 230 57 70
-0.308071 -0.007882 0.000647 230 57 70
-0.277088 -0.007090 0.000582 230 57 70
-0.246872 -0.006317 0.000519 230 57 70
-0.217221 -0.005558 0.000456 230 57 70
-0.103197 -0.002640 0.000217 230 57 70
-0.081146 -0.002076 0.000170 230 57 70
-0.058334 -0.001493 0.000123 230 57 70
-0.037275 -0.000954 0.000078 230 57 70
-0.016633 -0.000426 0.000035 230 57 70
0.005081 0.000130 -0.000011 230 57 70
0.025020 0.000640 -0.000053 230 57 70
0.043854 0.001122 -0.000092 230 57 70
0.044413 0.001136 -0.000093 230 57 70
0.053681 0.001373 -0.000113 230 57 70
0.065753 0.001682 -0.000138 230 57 70
0.078611 0.002011 -0.000165 230 57 70
0.095989 0.002456 -0.000202 230 57 70
0.104865 0.002683 -0.000220 230 57 70
0.120495 0.003083 -0.000253 230 57 70
0.120151 0.003074 -0.000252 230 57 70
0.121841 0.003117 -0.000256 230 57 70
0.123626 0.003163 -0.000260 230 57 70
0.120506 0.003083 -0.000253 230 57 70
-0.073158 -0.001872 0.000154 230 57 70
-0.377754 -0.009665 0.000794 230 57 70
-0.348287 -0.008911 0.000732 230 57 70
-0.319201 -0.008167 0.000671 230 57 70
-0.286204 -0.007323 0.000601 230 57 70
-0.257020 -0.006576 0.000540 230 57 70
-0.127210 -0.003255 0.000267 230 57 70
-0.105196 -0.002692 0.000221 230 57 70
-0.083964 -0.002148 0.000176 230 57 70
-0.060649 -0.001552 0.000127 230 57 70
-0.037551 -0.000961 0.000079 230 57 70
-0.016019 -0.000410 0.000034 230 57 70
0.005750 0.000147 -0.000012 230 57 70
0.024154 0.000618 -0.000051 230 57 70
0.039965 0.001023 -0.000084 230 57 70
0.058458 0.001496 -0.000123 230 57 70
0.076264 0.001951 -0.000160 230 57 70
0.074822 0.001914 -0.000157 230 57 70
0.080235 0.002053 -0.000169 230 57 70
0.090560 0.002317 -0.000190 230 57 70
0.103628 0.002651 -0.000218 230 57 70
0.106851 0.002734 -0.000224 230 57 70
0.110575 0.002829 -0.000232 230 57 70
0.111942 0.002864 -0.000235 230 57 70
0.111796 0.002860 -0.000235 230 57 70
0.110879 0.002837 -0.000233 230 57 70
-0.443501 -0.011348 0.000932 230 57 70
-0.418571 -0.010710 0.000879 230 57 70
-0.387975 -0.009927 0.000815 230 57 70
-0.359613 -0.009201 0.000756 230 57 70
-0.327151 -0.008371 0.000687 230 57 70
-0.307475 -0.007867 0.000646 230 57 70
-0.146642 -0.003752 0.000308 230 57 70
-0.125982 -0.003223 0.000265 230 57 70
-0.104358 -0.002670 0.000219 230 57 70
-0.080729 -0.002066 0.000170 230 57 70
-0.058254 -0.001491 0.000122 230 57 70
-0.033766 -0.000864 0.000071 230 57 70
-0.012090 -0.000309 0.000025 230 57 70
0.005848 0.000150 -0.000012 230 57 70
0.024523 0.000627 -0.000052 230 57 70
0.038568 0.000987 -0.000081 230 57 70
0.054069 0.001383 -0.000114 230 57 70
0.058538 0.001498 -0.000123 230 57 70
0.065111 0.001666 -0.000137 230 57 70
0.077552 0.001984 -0.000163 230 57 70
0.087950 0.002250 -0.000185 230 57 70
0.092733 0.002373 -0.000195 230 57 70
0.097612 0.002498 -0.000205 230 57 70
0.098364 0.002517 -0.000207 230 57 70
0.103957 0.002660 -0.000218 230 57 70
0.106386 0.002722 -0.000224 230 57 70
0.104617 0.002677 -0.000220 230 57 70
-0.061308 0.041253 -0.057370 42 157 143
-0.065149 0.040677 -0.060739 42 157 143
-0.064204 0.040819 -0.059910 42 157 143
-0.062076 0.041138 -0.058044 42 157 143
-0.063672 0.040898 -0.059443 42 157 143
-0.063022 0.040996 -0.058873 42 157 143
-0.058766 0.041634 -0.055141 42 157 143
-0.089380 0.037042 -0.081994 42 157 143
-0.210653 0.018849 -0.188371 42 157 143
-0.231693 0.015693 -0.206827 42 157 143
-0.241858 0.014168 -0.215743 42 157 143
-0.254624 0.012253 -0.226941 42 157 143
-0.260061 0.011437 -0.231710 42 157 143
-0.263843 0.010870 -0.235028 42 157 143
-0.270463 0.009877 -0.240834 42 157 143
-0.272827 0.009522 -0.242908 42 157 143
-0.279682 0.008494 -0.248921 42 157 143
-0.295521 0.006117 -0.262815 42 157 143
-0.287011 0.007394 -0.255350 42 157 143
-0.266680 0.010444 -0.237516 42 157 143
-0.236185 0.015019 -0.210767 42 157 143
-0.087371 0.037343 -0.080232 42 157 143
-0.098009 0.035747 -0.089563 42 157 143
-0.075669 0.039099 -0.069967 42 157 143
-0.076378 0.038992 -0.070589 42 157 143
-0.071414 0.039737 -0.066235 42 157 143
-0.083004 0.037998 -0.076401 42 157 143
-0.075495 0.039125 -0.069815 42 157 143
-0.063919 0.040861 -0.059660 42 157 143
-0.055158 0.042176 -0.051975 42 157 143
-0.051090 0.042786 -0.048407 42 157 143
-0.055262 0.042160 -0.052067 42 157 143
-0.088323 0.037200 -0.081067 42 157 143
-0.096875 0.035917 -0.088569 42 157 143
-0.211599 0.018707 -0.189201 42 157 143
-0.225157 0.016673 -0.201094 42 157 143
-0.239758 0.014483 -0.213901 42 157 143
-0.243722 0.013888 -0.217378 42 157 143
-0.245599 0.013607 -0.219025 42 157 143
-0.251856 0.012668 -0.224514 42 157 143
-0.259157 0.011573 -0.230917 42 157 143
-0.264372 0.010790 -0.235492 42 157 143
-0.266249 0.010509 -0.237138 42 157 143
-0.264789 0.010728 -0.235857 42 157 143
-0.258114 0.011729 -0.230003 42 157 143
-0.251439 0.012730 -0.224148 42 157 143
-0.240176 0.014420 -0.214267 42 157 143
-0.236004 0.015046 -0.210608 42 157 143
-0.160182 0.026420 -0.144099 42 157 143
-0.126599 0.031458 -0.114642 42 157 143
-0.115440 0.033132 -0.104853 42 157 143
-0.098127 0.035730 -0.089667 42 157 143
-0.058168 0.041724 -0.054616 42 157 143
-0.051389 0.042741 -0.048670 42 157 143
-0.044881 0.043717 -0.042961 42 157 143
-0.043345 0.043948 -0.041613 42 157 143
-0.070823 0.039826 -0.065716 42 157 143
-0.078777 0.038632 -0.072693 42 157 143
-0.068563 0.040165 -0.063734 42 157 143
-0.077963 0.038754 -0.071980 42 157 143
-0.186068 0.022537 -0.166806 42 157 143
-0.199988 0.020449 -0.179016 42 157 143
-0.209569 0.019012 -0.187420 42 157 143
-0.213365 0.018442 -0.190750 42 157 143
-0.219873 0.017466 -0.196459 42 157 143
-0.224935 0.016706 -0.200899 42 157 143
-0.232708 0.015540 -0.207717 42 157 143
-0.235600 0.015106 -0.210254 42 157 143
-0.239216 0.014564 -0.213426 42 157 143
-0.234516 0.015269 -0.209303 42 157 143
-0.225296 0.016652 -0.201216 42 157 143
-0.219150 0.017574 -0.195824 42 157 143
-0.215534 0.018117 -0.192653 42 157 143
-0.169075 0.025086 -0.151900 42 157 143
-0.102730 0.035039 -0.093704 42 157 143
-0.100018 0.035446 -0.091326 42 157 143
-0.093872 0.036368 -0.085934 42 157 143
-0.082121 0.038131 -0.075627 42 157 143
-0.071094 0.039785 -0.065954 42 157 143
-0.038874 0.044618 -0.037692 42 157 143
-0.035203 0.045169 -0.034471 42 157 143
-0.058224 0.041716 -0.054665 42 157 143
-0.058912 0.041612 -0.055269 42 157 143
-0.054247 0.042312 -0.051176 42 157 143
-0.062354 0.041096 -0.058288 42 157 143
-0.163999 0.025848 -0.147448 42 157 143
-0.173330 0.024448 -0.155632 42 157 143
-0.179754 0.023484 -0.161268 42 157 143
-0.183732 0.022888 -0.164756 42 157 143
-0.188473 0.022176 -0.168916 42 157 143
-0.193827 0.021373 -0.173612 42 157 143
-0.200558 0.020363 -0.179516 42 157 143
-0.205147 0.019675 -0.183541 42 157 143
-0.207135 0.019377 -0.185285 42 157 143
-0.205606 0.019606 -0.183944 42 157 143
-0.198263 0.020708 -0.177503 42 157 143
-0.194439 0.021281 -0.174149 42 157 143
-0.175471 0.024127 -0.157511 42 157 143
-0.093253 0.036461 -0.085391 42 157 143
-0.093788 0.036380 -0.085861 42 157 143
-0.085528 0.037620 -0.078615 42 157 143
-0.074056 0.039341 -0.068552 42 157 143
-0.064190 0.040821 -0.059898 42 157 143
-0.054935 0.042209 -0.051780 42 157 143
-0.047287 0.043356 -0.045071 42 157 143
-0.025768 0.046585 -0.026195 42 157 143
-0.044353 0.043797 -0.042498 42 157 143
-0.052238 0.042614 -0.049414 42 157 143
-0.039785 0.044482 -0.038491 42 157 143
-0.045041 0.043693 -0.043101 42 157 143
-0.133837 0.030372 -0.120991 42 157 143
-0.140470 0.029377 -0.126809 42 157 143
-0.147854 0.028270 -0.133286 42 157 143
-0.151484 0.027725 -0.136470 42 157 143
-0.154988 0.027200 -0.139543 42 157 143
-0.161872 0.026167 -0.145581 42 157 143
-0.165626 0.025604 -0.148875 42 157 143
-0.169756 0.024984 -0.152498 42 157 143
-0.169631 0.025003 -0.152388 42 157 143
-0.164750 0.025735 -0.148106 42 157 143
-0.169881 0.024965 -0.152607 42 157 143
-0.171508 0.024721 -0.154035 42 157 143
-0.091786 0.036681 -0.084104 42 157 143
-0.061123 0.041281 -0.057208 42 157 143
-0.078269 0.038709 -0.072248 42 157 143
-0.060873 0.041318 -0.056989 42 157 143
-0.050611 0.042858 -0.047987 42 157 143
-0.044666 0.043750 -0.042772 42 157 143
-0.038064 0.044740 -0.036981 42 157 143
-0.031713 0.045693 -0.031410 42 157 143
-0.027395 0.046341 -0.027622 42 157 143
-0.030572 0.045864 -0.030410 42 157 143
-0.022347 0.047098 -0.023195 42 157 143
-0.024780 0.046733 -0.025329 42 157 143
-0.033249 0.045462 -0.032758 42 157 143
-0.098906 0.035613 -0.090350 42 157 143
-0.104649 0.034751 -0.095387 42 157 143
-0.111755 0.033685 -0.101620 42 157 143
-0.115454 0.033130 -0.104865 42 157 143
-0.121099 0.032283 -0.109817 42 157 143
-0.126453 0.031480 -0.114514 42 157 143
-0.128789 0.031130 -0.116563 42 157 143
-0.135019 0.030195 -0.122027 42 157 143
-0.138524 0.029669 -0.125101 42 157 143
-0.133851 0.030370 -0.121003 42 157 143
-0.149426 0.028034 -0.134664 42 157 143
-0.098711 0.035642 -0.090179 42 157 143
-0.048191 0.043221 -0.045864 42 157 143
-0.062792 0.041030 -0.058672 42 157 143
-0.051063 0.042790 -0.048383 42 157 143
-0.038749 0.044637 -0.037582 42 157 143
-0.030280 0.045908 -0.030153 42 157 143
-0.026679 0.046448 -0.026994 42 157 143
-0.021836 0.047174 -0.022746 42 157 143
-0.017918 0.047762 -0.019310 42 157 143
-0.014316 0.048302 -0.016150 42 157 143
-0.019524 0.047521 -0.020718 42 157 143
-0.008538 0.049169 -0.011082 42 157 143
-0.010450 0.048882 -0.012759 42 157 143
-0.036767 0.044934 -0.035844 42 157 143
-0.042086 0.044137 -0.040509 42 157 143
-0.044589 0.043761 -0.042705 42 157 143
-0.047092 0.043386 -0.044901 42 157 143
-0.045354 0.043646 -0.043376 42 157 143
-0.047440 0.043333 -0.045206 42 157 143
-0.090131 0.036929 -0.082653 42 157 143
-0.091869 0.036668 -0.084178 42 157 143
-0.054045 0.042343 -0.051000 42 157 143
-0.052794 0.042530 -0.049902 42 157 143
-0.056479 0.041977 -0.053134 42 157 143
-0.017195 0.047871 -0.018675 42 157 143
-0.017160 0.047876 -0.018645 42 157 143
-0.017612 0.047808 -0.019041 42 157 143
-0.025677 0.046598 -0.026116 42 157 143
-0.018029 0.047745 -0.019407 42 157 143
-0.017125 0.047881 -0.018614 42 157 143
-0.013127 0.048481 -0.015107 42 157 143
-0.010207 0.048919 -0.012546 42 157 143
-0.006731 0.049440 -0.009496 42 157 143
-0.003532 0.049920 -0.006691 42 157 143
-0.003219 0.049967 -0.006416 42 157 143
-0.013788 0.048382 -0.015687 42 157 143
-0.013892 0.048366 -0.015778 42 157 143
0.005364 0.051255 0.001113 42 157 143
0.002871 0.050881 -0.001074 42 157 143
-0.014003 0.048349 -0.015876 42 157 143
-0.014817 0.048227 -0.016589 42 157 143
-0.016277 0.048008 -0.017870 42 157 143
-0.016778 0.047933 -0.018309 42 157 143
-0.017487 0.047827 -0.018931 42 157 143
-0.020324 0.047401 -0.021420 42 157 143
-0.023828 0.046876 -0.024494 42 157 143
-0.022785 0.047032 -0.023579 42 157 143
-0.022618 0.047057 -0.023432 42 157 143
-0.020657 0.047351 -0.021713 42 157 143
-0.001133 0.050280 -0.004587 42 157 143
-0.000800 0.050330 -0.004294 42 157 143
-0.000529 0.050371 -0.004056 42 157 143
0.000473 0.050521 -0.003178 42 157 143
0.002579 0.050837 -0.001330 42 157 143
-0.000633 0.050355 -0.004148 42 157 143
0.001182 0.050627 -0.002556 42 157 143
0.003560 0.050984 -0.000470 42 157 143
0.005520 0.051278 0.001250 42 157 143
0.007700 0.051605 0.003162 42 157 143
0.008983 0.051798 0.004287 42 157 143
0.002433 0.050815 -0.001458 42 157 143
0.001787 0.050718 -0.002025 42 157 143
0.001015 0.050602 -0.002702 42 157 143
0.008378 0.051707 0.003757 42 157 143
0.006988 0.051498 0.002537 42 157 143
0.005514 0.051277 0.001244 42 157 143
0.004957 0.051194 0.000756 42 157 143
0.004665 0.051150 0.000500 42 157 143
0.003636 0.050996 -0.000403 42 157 143
0.003289 0.050943 -0.000708 42 157 143
0.002830 0.050875 -0.001110 42 157 143
0.001870 0.050731 -0.001952 42 157 143
0.003497 0.050975 -0.000525 42 157 143
0.003873 0.051031 -0.000196 42 157 143
0.016958 0.052994 0.011283 42 157 143
0.016826 0.052974 0.011167 42 157 143
0.016729 0.052960 0.011081 42 157 143
0.018168 0.053176 0.012344 42 157 143
0.019023 0.053304 0.013094 42 157 143
0.018328 0.053200 0.012484 42 157 143
0.018015 0.053153 0.012210 42 157 143
0.018870 0.053281 0.012960 42 157 143
0.019600 0.053390 0.013600 42 157 143
0.020073 0.053461 0.014015 42 157 143
0.018029 0.053155 0.012222 42 157 143
0.017848 0.053128 0.012063 42 157 143
0.018091 0.053164 0.012277 42 157 143
0.019496 0.053375 0.013509 42 157 143
0.018961 0.053295 0.013039 42 157 143
0.046313 0.057398 0.037032 42 157 143
0.046772 0.057467 0.037435 42 157 143
0.047273 0.057542 0.037874 42 157 143
0.047899 0.057636 0.038423 42 157 143
0.040918 0.056588 0.032299 42 157 143
0.041154 0.056624 0.032507 42 157 143
0.041905 0.056737 0.033165 42 157 143
0.042197 0.056780 0.033422 42 157 143
0.044672 0.057152 0.035593 42 157 143
0.046425 0.057415 0.037130 42 157 143
0.041808 0.056722 0.033080 42 157 143
0.038380 0.056208 0.030073 42 157 143
0.033610 0.055492 0.025889 42 157 143
0.032985 0.055398 0.025341 42 157 143
0.032216 0.055283 0.024667 42 157 143
0.032762 0.055365 0.025145 42 157 143
0.033388 0.055459 0.025694 42 157 143
0.032665 0.055350 0.025060 42 157 143
0.032046 0.055258 0.024517 42 157 143
0.031990 0.055249 0.024468 42 157 143
0.034299 0.055595 0.026493 42 157 143
0.034111 0.055567 0.026329 42 157 143
0.034361 0.055605 0.026548 42 157 143
0.032703 0.055356 0.025094 42 157 143
0.033304 0.055446 0.025621 42 157 143
0.045354 0.057254 0.036191 42 157 143
0.090729 0.064061 0.075992 42 157 143
0.092815 0.064374 0.077822 42 157 143
0.066449 0.060419 0.054695 42 157 143
0.066950 0.060494 0.055134 42 157 143
0.066971 0.060497 0.055152 42 157 143
0.067492 0.060575 0.055609 42 157 143
0.069870 0.060932 0.057695 42 157 143
0.073791 0.061520 0.061135 42 157 143
0.073750 0.061514 0.061098 42 157 143
0.079799 0.062421 0.066405 42 157 143
0.050930 0.058090 0.041082 42 157 143
0.046988 0.057499 0.037624 42 157 143
0.045330 0.057250 0.036169 42 157 143
0.044172 0.057077 0.035154 42 157 143
0.046174 0.057377 0.036910 42 157 143
0.045528 0.057280 0.036343 42 157 143
0.044902 0.057186 0.035794 42 157 143
0.043630 0.056995 0.034678 42 157 143
0.049053 0.057809 0.039435 42 157 143
0.050263 0.057990 0.040496 42 157 143
0.050137 0.057972 0.040387 42 157 143
0.055728 0.058810 0.045290 42 157 143
0.047384 0.057558 0.037971 42 157 143
0.047885 0.057634 0.038411 42 157 143
0.050367 0.058006 0.040588 42 157 143
0.086599 0.063441 0.072369 42 157 143
0.088017 0.063654 0.073613 42 157 143
0.138621 0.071245 0.118001 42 157 143
0.094678 0.064653 0.079456 42 157 143
0.093983 0.064549 0.078846 42 157 143
0.094122 0.064570 0.078968 42 157 143
0.094330 0.064601 0.079151 42 157 143
0.095860 0.064831 0.080493 42 157 143
0.094539 0.064632 0.079334 42 157 143
0.095304 0.064747 0.080005 42 157 143
0.089950 0.063944 0.075309 42 157 143
0.076148 0.061874 0.063203 42 157 143
0.060313 0.059498 0.049312 42 157 143
0.056541 0.058932 0.046004 42 157 143
0.058697 0.059256 0.047894 42 157 143
0.060435 0.059516 0.049419 42 157 143
0.058036 0.059156 0.047315 42 157 143
0.055707 0.058807 0.045272 42 157 143
0.061860 0.059730 0.050669 42 157 143
0.063911 0.060038 0.052469 42 157 143
0.064224 0.060085 0.052743 42 157 143
0.066310 0.060398 0.054573 42 157 143
0.064259 0.060090 0.052773 42 157 143
0.067909 0.060638 0.055975 42 157 143
0.124854 0.069180 0.105925 42 157 143
0.128539 0.069733 0.109158 42 157 143
0.131946 0.070244 0.112146 42 157 143
0.133475 0.070474 0.113488 42 157 143
0.119382 0.068359 0.101126 42 157 143
0.118603 0.068242 0.100443 42 157 143
0.118652 0.068250 0.100485 42 157 143
0.121669 0.068702 0.103132 42 157 143
0.118652 0.068250 0.100485 42 157 143
0.117338 0.068053 0.099333 42 157 143
0.117386 0.068060 0.099375 42 157 143
0.090812 0.064073 0.076065 42 157 143
0.095971 0.064847 0.080591 42 157 143
0.106046 0.066359 0.089428 42 157 143
0.071758 0.061215 0.059351 42 157 143
0.067402 0.060561 0.055530 42 157 143
0.074216 0.061584 0.061507 42 157 143
0.068180 0.060678 0.056213 42 157 143
0.067572 0.060587 0.055680 42 157 143
0.078499 0.062226 0.065264 42 157 143
0.080056 0.062460 0.066630 42 157 143
0.080932 0.062591 0.067399 42 157 143
0.085507 0.063278 0.071412 42 157 143
0.155447 0.073770 0.132761 42 157 143
0.156225 0.073886 0.133444 42 157 143
0.164013 0.075055 0.140275 42 157 143
0.170827 0.076077 0.146251 42 157 143
0.174720 0.076661 0.149667 42 157 143
0.178419 0.077216 0.152911 42 157 143
0.182897 0.077887 0.156839 42 157 143
0.143627 0.071996 0.122393 42 157 143
0.144503 0.072128 0.123161 42 157 143
0.147131 0.072522 0.125466 42 157 143
0.145129 0.072222 0.123710 42 157 143
0.143439 0.071968 0.122228 42 157 143
0.131111 0.070119 0.111414 42 157 143
0.110461 0.067021 0.093301 42 157 143
0.098447 0.065219 0.082762 42 157 143
0.114466 0.067622 0.096814 42 157 143
0.097383 0.065059 0.081829 42 157 143
0.073572 0.061487 0.060943 42 157 143
0.085806 0.063322 0.071674 42 157 143
0.079736 0.062412 0.066350 42 157 143
0.087464 0.063571 0.073129 42 157 143
0.092564 0.064336 0.077602 42 157 143
0.094629 0.064646 0.079414 42 157 143
0.105831 0.066326 0.089239 42 157 143
0.189182 0.078830 0.162353 42 157 143
0.192561 0.079337 0.165317 42 157 143
0.199445 0.080370 0.171355 42 157 143
0.207455 0.081572 0.178381 42 157 143
0.214714 0.082660 0.184748 42 157 143
0.219219 0.083336 0.188700 42 157 143
0.224726 0.084162 0.193530 42 157 143
0.144878 0.072184 0.123490 42 157 143
0.146693 0.072456 0.125082 42 157 143
0.172141 0.076274 0.147404 42 157 143
0.168393 0.075712 0.144117 42 157 143
0.161510 0.074679 0.138079 42 157 143
0.163345 0.074954 0.139689 42 157 143
0.145907 0.072338 0.124393 42 157 143
0.142619 0.071845 0.121508 42 157 143
0.112867 0.067382 0.095411 42 157 143
0.120056 0.068460 0.101717 42 157 143
0.105372 0.066258 0.088836 42 157 143
0.095697 0.064806 0.080350 42 157 143
0.081165 0.062626 0.067603 42 157 143
0.106595 0.066441 0.089910 42 157 143
0.102848 0.065879 0.086622 42 157 143
0.106672 0.066453 0.089977 42 157 143
0.109808 0.066923 0.092727 42 157 143
0.163804 0.075023 0.140092 42 157 143
0.231262 0.085143 0.199263 42 157 143
0.232179 0.085281 0.200068 42 157 143
0.239828 0.086428 0.206777 42 157 143
0.251300 0.088149 0.216840 42 157 143
0.256501 0.088929 0.221402 42 157 143
0.258489 0.089228 0.223147 42 157 143
0.265832 0.090329 0.229587 42 157 143
0.172294 0.076297 0.147538 42 157 143
0.170305 0.075999 0.145794 42 157 143
0.168546 0.075735 0.144251 42 157 143
0.182987 0.077901 0.156918 42 157 143
0.173858 0.076532 0.148911 42 157 143
0.174672 0.076654 0.149624 42 157 143
0.161746 0.074715 0.138286 42 157 143
0.152346 0.073304 0.130041 42 157 143
0.118179 0.068179 0.100071 42 157 143
0.113479 0.067474 0.095948 42 157 143
0.113840 0.067528 0.096265 42 157 143
0.106383 0.066409 0.089724 42 157 143
0.101050 0.065609 0.085046 42 157 143
0.090701 0.064057 0.075968 42 157 143
0.087266 0.063541 0.072955 42 157 143
0.087176 0.063528 0.072875 42 157 143
0.091695 0.064206 0.076840 42 157 143
0.262077 0.089766 0.226294 42 157 143
0.268585 0.090742 0.232002 42 157 143
0.269489 0.090878 0.232795 42 157 143
0.279974 0.092451 0.241992 42 157 143
0.290278 0.093996 0.251031 42 157 143
0.292809 0.094376 0.253251 42 157 143
0.299859 0.095434 0.259435 42 157 143
0.312875 0.097386 0.270852 42 157 143
0.192026 0.079257 0.164847 42 157 143
0.186512 0.078430 0.160011 42 157 143
0.188501 0.078728 0.161755 42 157 143
0.188501 0.078728 0.161755 42 157 143
0.180547 0.077535 0.154778 42 157 143
0.177105 0.077019 0.151759 42 157 143
0.165320 0.075251 0.141421 42 157 143
0.130381 0.070009 0.110774 42 157 143
0.124541 0.069133 0.105651 42 157 143
0.123081 0.068914 0.104370 42 157 143
0.121777 0.068719 0.103227 42 157 143
0.119848 0.068429 0.101534 42 157 143
0.137995 0.071151 0.117452 42 157 143
0.141541 0.071683 0.120563 42 157 143
0.145817 0.072325 0.124314 42 157 143
0.145608 0.072294 0.124131 42 157 143
0.157602 0.074093 0.134651 42 157 143
0.293602 0.094495 0.253946 42 157 143
0.302571 0.095840 0.261814 42 157 143
0.309663 0.096904 0.268035 42 157 143
0.316755 0.097968 0.274255 42 157 143
0.324055 0.099063 0.280659 42 157 143
0.328227 0.099689 0.284319 42 157 143
0.335319 0.100753 0.290540 42 157 143
0.217780 0.083120 0.187437 42 157 143
0.210688 0.082057 0.181217 42 157 143
0.211209 0.082135 0.181674 42 157 143
0.208915 0.081791 0.179661 42 157 143
0.214442 0.082620 0.184510 42 157 143
0.202031 0.080758 0.173623 42 157 143
-0.001900 0.014640 -0.072200 230 57 70
-0.001758 0.013551 -0.066831 230 57 70
-0.001488 0.011467 -0.056553 230 57 70
-0.001746 0.013458 -0.066371 230 57 70
-0.001440 0.011094 -0.054712 230 57 70
-0.001208 0.009310 -0.045917 230 57 70
-0.000844 0.006500 -0.032059 230 57 70
-0.000810 0.006241 -0.030780 230 57 70
-0.000767 0.005909 -0.029144 230 57 70
-0.000699 0.005386 -0.026562 230 57 70
-0.000685 0.005282 -0.026050 230 57 70
-0.000628 0.004841 -0.023877 230 57 70
-0.000592 0.004562 -0.022496 230 57 70
-0.006751 0.052029 -0.256595 230 57 70
-0.006805 0.052444 -0.258640 230 57 70
-0.006891 0.053107 -0.261913 230 57 70
-0.006999 0.053937 -0.266004 230 57 70
-0.007042 0.054269 -0.267640 230 57 70
-0.006224 0.047964 -0.236550 230 57 70
-0.005912 0.045559 -0.224686 230 57 70
-0.005853 0.045103 -0.222436 230 57 70
-0.005659 0.043610 -0.215073 230 57 70
-0.003312 0.025527 -0.125893 230 57 70
-0.003113 0.023992 -0.118324 230 57 70
-0.003183 0.024531 -0.120984 230 57 70
-0.002798 0.021566 -0.106359 230 57 70
-0.001421 0.010953 -0.054017 230 57 70
-0.001388 0.010697 -0.052754 230 57 70
-0.001420 0.010944 -0.053972 230 57 70
-0.001240 0.009553 -0.047114 230 57 70
-0.001062 0.008181 -0.040346 230 57 70
-0.000756 0.005825 -0.028728 230 57 70
-0.000679 0.005235 -0.025817 230 57 70
-0.000624 0.004809 -0.023719 230 57 70
-0.000579 0.004462 -0.022005 230 57 70
-0.000548 0.004224 -0.020832 230 57 70
-0.000483 0.003721 -0.018350 230 57 70
-0.000429 0.003309 -0.016320 230 57 70
-0.005820 0.044849 -0.221185 230 57 70
-0.005962 0.045947 -0.226599 230 57 70
-0.006005 0.046276 -0.228224 230 57 70
-0.006152 0.047411 -0.233819 230 57 70
-0.006190 0.047703 -0.235262 230 57 70
-0.006152 0.047411 -0.233819 230 57 70
-0.006100 0.047008 -0.231833 230 57 70
-0.005919 0.045617 -0.224975 230 57 70
-0.004751 0.036615 -0.180577 230 57 70
-0.003061 0.023587 -0.116327 230 57 70
-0.002871 0.022123 -0.109108 230 57 70
-0.002638 0.020330 -0.100265 230 57 70
-0.002645 0.020385 -0.100535 230 57 70
-0.001871 0.014420 -0.071117 230 57 70
-0.001552 0.011959 -0.058980 230 57 70
-0.001274 0.009821 -0.048437 230 57 70
-0.001146 0.008830 -0.043549 230 57 70
-0.001007 0.007760 -0.038270 230 57 70
-0.000854 0.006579 -0.032444 230 57 70
-0.000659 0.005080 -0.025053 230 57 70
-0.000538 0.004144 -0.020439 230 57 70
-0.000454 0.003502 -0.017272 230 57 70
-0.000422 0.003252 -0.016040 230 57 70
-0.000399 0.003074 -0.015160 230 57 70
-0.000339 0.002610 -0.012872 230 57 70
-0.004993 0.038477 -0.189758 230 57 70
-0.005104 0.039333 -0.193981 230 57 70
-0.005186 0.039967 -0.197109 230 57 70
-0.005343 0.041172 -0.203053 230 57 70
-0.005376 0.041426 -0.204304 230 57 70
-0.005351 0.041236 -0.203366 230 57 70
-0.005417 0.041743 -0.205869 230 57 70
-0.004079 0.031436 -0.155034 230 57 70
-0.003828 0.029501 -0.145492 230 57 70
-0.002419 0.018638 -0.091920 230 57 70
-0.002246 0.017306 -0.085351 230 57 70
-0.002240 0.017259 -0.085116 230 57 70
-0.002159 0.016640 -0.082066 230 57 70
-0.001916 0.014769 -0.072838 230 57 70
-0.001402 0.010805 -0.053286 230 57 70
-0.001188 0.009155 -0.045153 230 57 70
-0.000881 0.006790 -0.033488 230 57 70
-0.000777 0.005985 -0.029517 230 57 70
-0.000645 0.004972 -0.024521 230 57 70
-0.000494 0.003805 -0.018764 230 57 70
-0.000371 0.002859 -0.014098 230 57 70
-0.000323 0.002486 -0.012262 230 57 70
-0.000293 0.002262 -0.011153 230 57 70
-0.000271 0.002087 -0.010293 230 57 70
-0.000235 0.001812 -0.008937 230 57 70
-0.004256 0.032795 -0.161736 230 57 70
-0.004263 0.032848 -0.162000 230 57 70
-0.004332 0.033385 -0.164647 230 57 70
-0.004402 0.033922 -0.167294 230 57 70
-0.004451 0.034297 -0.169147 230 57 70
-0.004388 0.033814 -0.166765 230 57 70
-0.003430 0.026434 -0.130368 230 57 70
-0.003242 0.024985 -0.123221 230 57 70
-0.002379 0.018330 -0.090398 230 57 70
-0.001908 0.014707 -0.072531 230 57 70
-0.001771 0.013647 -0.067303 230 57 70
-0.001797 0.013848 -0.068296 230 57 70
-0.001738 0.013392 -0.066046 230 57 70
-0.001557 0.011996 -0.059164 230 57 70
-0.001043 0.008038 -0.039642 230 57 70
-0.000953 0.007347 -0.036234 230 57 70
-0.000885 0.006817 -0.033620 230 57 70
-0.000541 0.004168 -0.020556 230 57 70
-0.000455 0.003509 -0.017308 230 57 70
-0.000337 0.002595 -0.012800 230 57 70
-0.000237 0.001824 -0.008997 230 57 70
-0.000196 0.001509 -0.007440 230 57 70
-0.000175 0.001347 -0.006641 230 57 70
-0.000158 0.001215 -0.005992 230 57 70
-0.003315 0.025549 -0.126001 230 57 70
-0.003378 0.026032 -0.128383 230 57 70
-0.003418 0.026339 -0.129899 230 57 70
-0.003503 0.026998 -0.133148 230 57 70
-0.003543 0.027305 -0.134664 230 57 70
-0.003532 0.027218 -0.134231 230 57 70
-0.003520 0.027130 -0.133797 230 57 70
-0.002626 0.020235 -0.099795 230 57 70
-0.002391 0.018424 -0.090862 230 57 70
-0.001596 0.012298 -0.060650 230 57 70
-0.001418 0.010925 -0.053882 230 57 70
-0.001344 0.010355 -0.051066 230 57 70
-0.001329 0.010245 -0.050525 230 57 70
-0.001245 0.009597 -0.047330 230 57 70
-0.000919 0.007083 -0.034931 230 57 70
-0.000725 0.005584 -0.027541 230 57 70
-0.000747 0.005755 -0.028380 230 57 70
-0.000717 0.005524 -0.027243 230 57 70
-0.000641 0.004937 -0.024346 230 57 70
-0.000272 0.002100 -0.010356 230 57 70
-0.000198 0.001524 -0.007514 230 57 70
-0.000109 0.000836 -0.004124 230 57 70
-0.000079 0.000612 -0.003018 230 57 70
-0.000050 0.000386 -0.001902 230 57 70
-0.000039 0.000302 -0.001492 230 57 70
-0.002510 0.019340 -0.095380 230 57 70
-0.002514 0.019374 -0.095548 230 57 70
-0.002552 0.019664 -0.096980 230 57 70
-0.002592 0.019972 -0.098496 230 57 70
-0.002598 0.020023 -0.098749 230 57 70
-0.002569 0.019801 -0.097654 230 57 70
-0.002071 0.015958 -0.078703 230 57 70
-0.001868 0.014396 -0.070997 230 57 70
-0.001448 0.011160 -0.055037 230 57 70
-0.001047 0.008069 -0.039792 230 57 70
-0.001007 0.007761 -0.038276 230 57 70
-0.001007 0.007761 -0.038276 230 57 70
-0.000904 0.006967 -0.034360 230 57 70
-0.000707 0.005451 -0.026885 230 57 70
-0.000658 0.005067 -0.024990 230 57 70
-0.000502 0.003867 -0.019073 230 57 70
-0.000545 0.004200 -0.020716 230 57 70
-0.000454 0.003496 -0.017242 230 57 70
-0.000410 0.003159 -0.015578 230 57 70
-0.000353 0.002719 -0.013409 230 57 70
-0.000050 0.000383 -0.001889 230 57 70
0.000007 -0.000052 0.000254 230 57 70
0.000046 -0.000357 0.001758 230 57 70
0.000063 -0.000485 0.002390 230 57 70
-0.001609 0.012401 -0.061161 230 57 70
-0.001638 0.012621 -0.062244 230 57 70
-0.001636 0.012609 -0.062184 230 57 70
-0.001665 0.012828 -0.063267 230 57 70
-0.001674 0.012902 -0.063628 230 57 70
-0.001660 0.012792 -0.063086 230 57 70
-0.001646 0.012682 -0.062545 230 57 70
-0.001310 0.010096 -0.049791 230 57 70
-0.001217 0.009376 -0.046241 230 57 70
-0.000832 0.006412 -0.031623 230 57 70
-0.000622 0.004796 -0.023652 230 57 70
-0.000622 0.004796 -0.023652 230 57 70
-0.000587 0.004521 -0.022298 230 57 70
-0.000531 0.004088 -0.020162 230 57 70
-0.000384 0.002957 -0.014583 230 57 70
-0.000343 0.002646 -0.013048 230 57 70
-0.000320 0.002466 -0.012161 230 57 70
-0.000277 0.002133 -0.010522 230 57 70
-0.000224 0.001728 -0.008521 230 57 70
-0.000182 0.001405 -0.006927 230 57 70
-0.000149 0.001151 -0.005679 230 57 70
-0.000108 0.000834 -0.004115 230 57 70
0.000132 -0.001018 0.005022 230 57 70
0.000160 -0.001233 0.006082 230 57 70
0.000173 -0.001330 0.006561 230 57 70
-0.000808 0.006227 -0.030708 230 57 70
-0.000810 0.006241 -0.030780 230 57 70
-0.000809 0.006234 -0.030744 230 57 70
-0.000818 0.006307 -0.031105 230 57 70
-0.000826 0.006366 -0.031394 230 57 70
-0.000828 0.006380 -0.031466 230 57 70
-0.000804 0.006197 -0.030564 230 57 70
-0.000607 0.004679 -0.023074 230 57 70
-0.000443 0.003412 -0.016829 230 57 70
-0.000306 0.002355 -0.011614 230 57 70
-0.000239 0.001839 -0.009069 230 57 70
-0.000231 0.001777 -0.008762 230 57 70
-0.000207 0.001594 -0.007860 230 57 70
-0.000141 0.001085 -0.005351 230 57 70
-0.000080 0.000617 -0.003041 230 57 70
-0.000041 0.000317 -0.001561 230 57 70
-0.000038 0.000293 -0.001444 230 57 70
0.000009 -0.000068 0.000334 230 57 70
0.000011 -0.000088 0.000433 230 57 70
0.000029 -0.000225 0.001110 230 57 70
0.000049 -0.000381 0.001877 230 57 70
0.000071 -0.000547 0.002698 230 57 70
0.000088 -0.000682 0.003362 230 57 70
0.000260 -0.002007 0.009899 230 57 70
0.000263 -0.002028 0.010003 230 57 70
0.000042 -0.000323 0.001591 230 57 70
0.000037 -0.000282 0.001393 230 57 70
0.000039 -0.000298 0.001471 230 57 70
0.000034 -0.000263 0.001297 230 57 70
0.000039 -0.000297 0.001465 230 57 70
0.000028 -0.000218 0.001074 230 57 70
0.000005 -0.000035 0.000172 230 57 70
0.000002 -0.000019 0.000093 230 57 70
0.000032 -0.000247 0.001218 230 57 70
0.000091 -0.000702 0.003462 230 57 70
0.000042 -0.000321 0.001585 230 57 70
0.000015 -0.000118 0.000581 230 57 70
0.000045 -0.000346 0.001706 230 57 70
0.000159 -0.001224 0.006037 230 57 70
0.000195 -0.001506 0.007427 230 57 70
0.000211 -0.001623 0.008004 230 57 70
0.000220 -0.001699 0.008377 230 57 70
0.000232 -0.001785 0.008801 230 57 70
0.000234 -0.001800 0.008877 230 57 70
0.000240 -0.001851 0.009126 230 57 70
0.000243 -0.001869 0.009220 230 57 70
0.000247 -0.001906 0.009399 230 57 70
0.000251 -0.001932 0.009526 230 57 70
0.000254 -0.001957 0.009651 230 57 70
0.000256 -0.001971 0.009719 230 57 70
0.000666 -0.005130 0.025300 230 57 70
0.000703 -0.005420 0.026732 230 57 70
0.000700 -0.005391 0.026588 230 57 70
0.000709 -0.005462 0.026937 230 57 70
0.000725 -0.005589 0.027562 230 57 70
0.000726 -0.005594 0.027586 230 57 70
0.000602 -0.004640 0.022882 230 57 70
0.000611 -0.004708 0.023219 230 57 70
0.000629 -0.004845 0.023892 230 57 70
0.000648 -0.004993 0.024626 230 57 70
0.000656 -0.005052 0.024915 230 57 70
0.000656 -0.005057 0.024939 230 57 70
0.000658 -0.005069 0.024999 230 57 70
0.000531 -0.004096 0.020199 230 57 70
0.000439 -0.003383 0.016685 230 57 70
0.000427 -0.003287 0.016210 230 57 70
0.000415 -0.003195 0.015759 230 57 70
0.000410 -0.003161 0.015590 230 57 70
0.000405 -0.003117 0.015374 230 57 70
0.000400 -0.003080 0.015192 230 57 70
0.000396 -0.003052 0.015054 230 57 70
0.000392 -0.003019 0.014890 230 57 70
0.000389 -0.003000 0.014796 230 57 70
0.000384 -0.002962 0.014608 230 57 70
0.000383 -0.002954 0.014566 230 57 70
0.000380 -0.002928 0.014438 230 57 70
0.001553 -0.011968 0.059026 230 57 70
0.001580 -0.012173 0.060036 230 57 70
0.001588 -0.012239 0.060361 230 57 70
0.001605 -0.012371 0.061011 230 57 70
0.001620 -0.012481 0.061552 230 57 70
0.001156 -0.008909 0.043938 230 57 70
0.001144 -0.008814 0.043468 230 57 70
0.001173 -0.009041 0.044587 230 57 70
0.001208 -0.009312 0.045923 230 57 70
0.001238 -0.009542 0.047060 230 57 70
0.001310 -0.010095 0.049785 230 57 70
0.001032 -0.007950 0.039209 230 57 70
0.001349 -0.010395 0.051265 230 57 70
0.001044 -0.008045 0.039678 230 57 70
0.000674 -0.005191 0.025601 230 57 70
0.000633 -0.004876 0.024049 230 57 70
0.000608 -0.004688 0.023119 230 57 70
0.000588 -0.004534 0.022361 230 57 70
0.000572 -0.004408 0.021739 230 57 70
0.000554 -0.004272 0.021071 230 57 70
0.000543 -0.004186 0.020647 230 57 70
0.000534 -0.004111 0.020277 230 57 70
0.000519 -0.004000 0.019726 230 57 70
0.000515 -0.003971 0.019582 230 57 70
0.000512 -0.003944 0.019451 230 57 70
0.000499 -0.003846 0.018968 230 57 70
0.002508 -0.019326 0.095314 230 57 70
0.002571 -0.019814 0.097720 230 57 70
0.002570 -0.019802 0.097660 230 57 70
0.002554 -0.019680 0.097058 230 57 70
0.001693 -0.013044 0.064332 230 57 70
0.001696 -0.013069 0.064452 230 57 70
0.001755 -0.013526 0.066708 230 57 70
0.001808 -0.013935 0.068723 230 57 70
0.001868 -0.014392 0.070979 230 57 70
0.001857 -0.014313 0.070588 230 57 70
0.001120 -0.008635 0.042584 230 57 70
0.001179 -0.009086 0.044810 230 57 70
0.001215 -0.009367 0.046194 230 57 70
0.001208 -0.009306 0.045893 230 57 70
0.000847 -0.006530 0.032207 230 57 70
0.000812 -0.006259 0.030868 230 57 70
0.000781 -0.006021 0.029695 230 57 70
0.000749 -0.005771 0.028462 230 57 70
0.000718 -0.005533 0.027288 230 57 70
0.000690 -0.005315 0.026213 230 57 70
0.000678 -0.005222 0.025754 230 57 70
0.000654 -0.005036 0.024837 230 57 70
0.000646 -0.004977 0.024544 230 57 70
0.000632 -0.004871 0.024025 230 57 70
0.000628 -0.004838 0.023859 230 57 70
0.002452 -0.018900 0.093208 230 57 70
0.003585 -0.027624 0.136234 230 57 70
0.003562 -0.027453 0.135392 230 57 70
0.003613 -0.027846 0.137329 230 57 70
0.002427 -0.018701 0.092228 230 57 70
0.002331 -0.017966 0.088606 230 57 70
0.002323 -0.017898 0.088269 230 57 70
0.002356 -0.018154 0.089532 230 57 70
0.002228 -0.017172 0.084690 230 57 70
0.001435 -0.011058 0.054538 230 57 70
0.001447 -0.011152 0.055001 230 57 70
0.001411 -0.010875 0.053632 230 57 70
0.001575 -0.012134 0.059844 230 57 70
0.001567 -0.012075 0.059549 230 57 70
0.001381 -0.010640 0.052474 230 57 70
0.001011 -0.007788 0.038409 230 57 70
0.000954 -0.007353 0.036261 230 57 70
0.000903 -0.006960 0.034324 230 57 70
0.000849 -0.006541 0.032261 230 57 70
0.000826 -0.006362 0.031376 230 57 70
0.000798 -0.006149 0.030324 230 57 70
0.000780 -0.006014 0.029660 230 57 70
0.000761 -0.005865 0.028923 230 57 70
0.000742 -0.005722 0.028218 230 57 70
0.003350 -0.025814 0.127307 230 57 70
0.003445 -0.026548 0.130928 230 57 70
0.003469 -0.026736 0.131855 230 57 70
0.004563 -0.035162 0.173413 230 57 70
0.004805 -0.037029 0.182617 230 57 70
0.003038 -0.023415 0.115479 230 57 70
0.002956 -0.022779 0.112339 230 57 70
0.002980 -0.022965 0.113259 230 57 70
0.002917 -0.022482 0.110877 230 57 70
0.002848 -0.021944 0.108224 230 57 70
0.001886 -0.014534 0.071677 230 57 70
0.001867 -0.014391 0.070973 230 57 70
0.001932 -0.014885 0.073410 230 57 70
0.001850 -0.014259 0.070324 230 57 70
0.001909 -0.014709 0.072543 230 57 70
0.001693 -0.013046 0.064341 230 57 70
0.001190 -0.009171 0.045228 230 57 70
0.001110 -0.008556 0.042196 230 57 70
0.001021 -0.007870 0.038812 230 57 70
0.000968 -0.007464 0.036809 230 57 70
0.000936 -0.007217 0.035590 230 57 70
0.000915 -0.007052 0.034778 230 57 70
0.000899 -0.006931 0.034183 230 57 70
0.000880 -0.006783 0.033452 230 57 70
0.000855 -0.006585 0.032477 230 57 70
0.004360 -0.033603 0.165724 230 57 70
0.004389 -0.033823 0.166807 230 57 70
0.004494 -0.034635 0.170814 230 57 70
0.004617 -0.035580 0.175470 230 57 70
0.003911 -0.030137 0.148627 230 57 70
0.003778 -0.029117 0.143598 230 57 70
0.003684 -0.028392 0.140024 230 57 70
0.003510 -0.027050 0.133407 230 57 70
0.003204 -0.024689 0.121760 230 57 70
0.003172 -0.024447 0.120569 230 57 70
0.002949 -0.022730 0.112098 230 57 70
0.003052 -0.023521 0.116003 230 57 70
0.002394 -0.018449 0.090988 230 57 70
0.002201 -0.016960 0.083643 230 57 70
0.002206 -0.017000 0.083841 230 57 70
0.001926 -0.014840 0.073187 230 57 70
0.001746 -0.013458 0.066371 230 57 70
0.001221 -0.009412 0.046419 230 57 70
0.001152 -0.008879 0.043789 230 57 70
0.001081 -0.008329 0.041076 230 57 70
0.001036 -0.007987 0.039388 230 57 70
0.001025 -0.007899 0.038958 230 57 70
0.001012 -0.007795 0.038445 230 57 70
0.000989 -0.007621 0.037585 230 57 70
0.005324 -0.041032 0.202362 230 57 70
0.005450 -0.041998 0.207126 230 57 70
0.005405 -0.041649 0.205406 230 57 70
0.005593 -0.043099 0.212553 230 57 70
0.005631 -0.043394 0.214008 230 57 70
0.005579 -0.042991 0.212023 230 57 70
0.004510 -0.034755 0.171403 230 57 70
0.004271 -0.032915 0.162331 230 57 70
0.004197 -0.032345 0.159516 230 57 70
0.003555 -0.027397 0.135115 230 57 70
0.003444 -0.026541 0.130892 230 57 70
0.003378 -0.026033 0.128389 230 57 70
0.003181 -0.024511 0.120882 230 57 70
0.002534 -0.019531 0.096324 230 57 70
0.002497 -0.019246 0.094917 230 57 70
0.002436 -0.018770 0.092571 230 57 70
0.002156 -0.016614 0.081934 230 57 70
0.001922 -0.014814 0.073058 230 57 70
0.001379 -0.010627 0.052411 230 57 70
0.001284 -0.009898 0.048814 230 57 70
0.001202 -0.009259 0.045666 230 57 70
0.001155 -0.008899 0.043886 230 57 70
0.001168 -0.009002 0.044395 230 57 70
0.001145 -0.008827 0.043535 230 57 70
0.001089 -0.008395 0.041403 230 57 70
0.006391 -0.049249 0.242885 230 57 70
0.006362 -0.049027 0.241790 230 57 70
0.006374 -0.049122 0.242259 230 57 70
0.006584 -0.050740 0.250236 230 57 70
0.006621 -0.051025 0.251644 230 57 70
0.006724 -0.051818 0.255554 230 57 70
0.004769 -0.036753 0.181258 230 57 70
0.004884 -0.037636 0.185613 230 57 70
0.004805 -0.037032 0.182635 230 57 70
0.004209 -0.032440 0.159985 230 57 70
0.004115 -0.031708 0.156376 230 57 70
0.004024 -0.031012 0.152947 230 57 70
0.003229 -0.024883 0.122716 230 57 70
0.002638 -0.020327 0.100247 230 57 70
0.002823 -0.021754 0.107286 230 57 70
0.002613 -0.020135 0.099299 230 57 70
0.002320 -0.017875 0.088155 230 57 70
0.002075 -0.015990 0.078860 230 57 70
0.001822 -0.014042 0.069250 230 57 70
0.001448 -0.011160 0.055037 230 57 70
0.001367 -0.010538 0.051969 230 57 70
0.001329 -0.010245 0.050525 230 57 70
0.001310 -0.010098 0.049803 230 57 70
0.001236 -0.009522 0.046961 230 57 70
0.001211 -0.009330 0.046013 230 57 70
0.007448 -0.057397 0.283071 230 57 70
0.007443 -0.057361 0.282891 230 57 70
0.007386 -0.056922 0.280725 230 57 70
0.007481 -0.057654 0.284335 230 57 70
0.007709 -0.059410 0.292998 230 57 70
0.007852 -0.060508 0.298412 230 57 70
0.008089 -0.062338 0.307436 230 57 70
0.005487 -0.042284 0.208534 230 57 70
0.005325 -0.041039 0.202398 230 57 70
0.102474 0.251945 -0.277032 244 162 97
0.089899 0.216256 -0.235158 244 162 97
0.084927 0.202144 -0.218600 244 162 97
0.080183 0.188680 -0.202801 244 162 97
0.075064 0.174153 -0.185757 244 162 97
0.060522 0.132881 -0.137332 244 162 97
0.055435 0.118443 -0.120393 244 162 97
0.050339 0.103982 -0.103426 244 162 97
0.045452 0.090112 -0.087152 244 162 97
0.042386 0.081411 -0.076942 244 162 97
0.039680 0.073732 -0.067932 244 162 97
0.037019 0.066178 -0.059070 244 162 97
0.034791 0.059855 -0.051651 244 162 97
0.032799 0.054202 -0.045018 244 162 97
0.031169 0.049577 -0.039591 244 162 97
0.029640 0.045235 -0.034498 244 162 97
0.028210 0.041178 -0.029737 244 162 97
0.026829 0.037258 -0.025138 244 162 97
-0.022058 -0.101487 0.137652 244 162 97
-0.032183 -0.130223 0.171368 244 162 97
-0.041908 -0.157822 0.203751 244 162 97
-0.052776 -0.188667 0.239941 244 162 97
-0.062574 -0.216475 0.272568 244 162 97
-0.072010 -0.243255 0.303990 244 162 97
-0.077281 -0.258213 0.321540 244 162 97
-0.061105 -0.212306 0.267677 244 162 97
0.091028 0.219460 -0.238916 244 162 97
0.086429 0.206407 -0.223602 244 162 97
0.083235 0.197342 -0.212966 244 162 97
0.068066 0.154291 -0.162453 244 162 97
0.059633 0.130357 -0.134371 244 162 97
0.053395 0.112654 -0.113600 244 162 97
0.048284 0.098150 -0.096582 244 162 97
0.044973 0.088752 -0.085556 244 162 97
0.041573 0.079103 -0.074235 244 162 97
0.039324 0.072720 -0.066746 244 162 97
0.037879 0.068618 -0.061933 244 162 97
0.035941 0.063118 -0.055480 244 162 97
0.034207 0.058199 -0.049708 244 162 97
0.032718 0.053973 -0.044749 244 162 97
0.031313 0.049984 -0.040070 244 162 97
0.029983 0.046208 -0.035639 244 162 97
-0.002946 -0.047246 0.074012 244 162 97
-0.012694 -0.074910 0.106470 244 162 97
-0.022460 -0.102628 0.138992 244 162 97
-0.033505 -0.133975 0.175771 244 162 97
-0.043100 -0.161207 0.207722 244 162 97
-0.030130 -0.124396 0.164532 244 162 97
-0.023291 -0.104986 0.141758 244 162 97
-0.025013 -0.109874 0.147494 244 162 97
-0.029364 -0.122222 0.161981 244 162 97
-0.035108 -0.138523 0.181107 244 162 97
0.127638 0.323360 -0.360823 244 162 97
0.115905 0.290064 -0.321756 244 162 97
0.099485 0.243461 -0.267077 244 162 97
0.085381 0.203432 -0.220111 244 162 97
0.077458 0.180947 -0.193729 244 162 97
0.070044 0.159904 -0.169039 244 162 97
0.063219 0.140536 -0.146314 244 162 97
0.057564 0.124486 -0.127482 244 162 97
0.051805 0.108143 -0.108307 244 162 97
0.050643 0.104845 -0.104437 244 162 97
0.045193 0.089377 -0.086290 244 162 97
0.040985 0.077434 -0.072276 244 162 97
0.036938 0.065947 -0.058799 244 162 97
0.033488 0.056158 -0.047313 244 162 97
0.029118 0.043755 -0.032761 244 162 97
0.017914 0.011957 0.004548 244 162 97
0.011992 -0.004850 0.024268 244 162 97
0.006876 -0.019369 0.041303 244 162 97
-0.003074 -0.047609 0.074437 244 162 97
-0.015894 -0.083992 0.117126 244 162 97
-0.031011 -0.126897 0.167467 244 162 97
-0.043167 -0.161395 0.207943 244 162 97
-0.047025 -0.172344 0.220789 244 162 97
-0.046970 -0.172190 0.220609 244 162 97
-0.034830 -0.137734 0.180182 244 162 97
-0.050135 -0.181173 0.231148 244 162 97
0.079999 0.188158 -0.202190 244 162 97
0.102324 0.251518 -0.276531 244 162 97
0.089098 0.213981 -0.232488 244 162 97
0.080649 0.190002 -0.204353 244 162 97
0.072605 0.167175 -0.177570 244 162 97
0.066293 0.149258 -0.156548 244 162 97
0.060658 0.133268 -0.137786 244 162 97
0.054788 0.116607 -0.118238 244 162 97
0.054009 0.114396 -0.115644 244 162 97
0.049172 0.100668 -0.099537 244 162 97
0.044909 0.088571 -0.085343 244 162 97
0.042433 0.081543 -0.077098 244 162 97
0.037882 0.068627 -0.061943 244 162 97
0.033445 0.056036 -0.047170 244 162 97
0.026102 0.035194 -0.022716 244 162 97
0.018357 0.013213 0.003075 244 162 97
0.008296 -0.015339 0.036575 244 162 97
-0.001084 -0.041961 0.067810 244 162 97
-0.011398 -0.071232 0.102155 244 162 97
-0.023788 -0.106395 0.143412 244 162 97
-0.030531 -0.125533 0.165865 244 162 97
-0.035728 -0.140283 0.183172 244 162 97
-0.037536 -0.145414 0.189193 244 162 97
-0.039182 -0.150085 0.194672 244 162 97
-0.042083 -0.158318 0.204333 244 162 97
-0.040378 -0.153479 0.198655 244 162 97
-0.046613 -0.171175 0.219418 244 162 97
0.097887 0.238925 -0.261755 244 162 97
0.090156 0.216986 -0.236014 244 162 97
0.078789 0.184724 -0.198160 244 162 97
0.077171 0.180133 -0.192774 244 162 97
0.071570 0.164237 -0.174123 244 162 97
0.063407 0.141070 -0.146940 244 162 97
0.057463 0.124200 -0.127148 244 162 97
0.056646 0.121880 -0.124425 244 162 97
0.054615 0.116116 -0.117662 244 162 97
0.050361 0.104043 -0.103497 244 162 97
0.046489 0.093055 -0.090605 244 162 97
0.041851 0.079891 -0.075159 244 162 97
0.034515 0.059071 -0.050731 244 162 97
0.025892 0.034598 -0.022017 244 162 97
0.016875 0.009009 0.008007 244 162 97
0.007277 -0.018233 0.039970 244 162 97
-0.002632 -0.046353 0.072964 244 162 97
-0.015053 -0.081605 0.114325 244 162 97
-0.021937 -0.101144 0.137251 244 162 97
-0.026659 -0.114545 0.152973 244 162 97
-0.027596 -0.117205 0.156094 244 162 97
-0.033741 -0.134645 0.176557 244 162 97
-0.034408 -0.136536 0.178775 244 162 97
-0.035917 -0.140819 0.183801 244 162 97
-0.038939 -0.149397 0.193866 244 162 97
-0.039166 -0.150040 0.194620 244 162 97
0.094782 0.230113 -0.251416 244 162 97
0.080988 0.190965 -0.205483 244 162 97
0.072415 0.166634 -0.176935 244 162 97
0.069392 0.158055 -0.166870 244 162 97
0.061800 0.136509 -0.141589 244 162 97
0.061157 0.134682 -0.139446 244 162 97
0.065146 0.146005 -0.152731 244 162 97
0.059378 0.129635 -0.133524 244 162 97
0.054725 0.116428 -0.118029 244 162 97
0.050643 0.104845 -0.104437 244 162 97
0.046944 0.094345 -0.092119 244 162 97
0.043386 0.084248 -0.080272 244 162 97
0.034597 0.059304 -0.051005 244 162 97
0.025582 0.033720 -0.020986 244 162 97
0.015737 0.005778 0.011798 244 162 97
0.005738 -0.022600 0.045094 244 162 97
-0.006068 -0.056105 0.084406 244 162 97
-0.012694 -0.074910 0.106470 244 162 97
-0.016910 -0.086876 0.120509 244 162 97
-0.020474 -0.096990 0.132377 244 162 97
-0.005072 -0.053279 0.081090 244 162 97
-0.018807 -0.092261 0.126827 244 162 97
-0.026019 -0.112728 0.150842 244 162 97
-0.029224 -0.121825 0.161516 244 162 97
-0.030186 -0.124555 0.164718 244 162 97
-0.031318 -0.127766 0.168486 244 162 97
0.075319 0.174875 -0.186604 244 162 97
0.076446 0.178076 -0.190360 244 162 97
0.072533 0.166969 -0.177328 244 162 97
0.068030 0.154189 -0.162334 244 162 97
0.057999 0.125720 -0.128931 244 162 97
0.056280 0.120843 -0.123208 244 162 97
0.054154 0.114809 -0.116129 244 162 97
0.059291 0.129387 -0.133233 244 162 97
0.057130 0.123255 -0.126038 244 162 97
0.060663 0.133283 -0.137804 244 162 97
0.052600 0.110398 -0.110954 244 162 97
0.043911 0.085737 -0.082019 244 162 97
0.034714 0.059637 -0.051395 244 162 97
0.025152 0.032499 -0.019554 244 162 97
0.014917 0.003451 0.014529 244 162 97
0.004122 -0.027186 0.050475 244 162 97
-0.003497 -0.048810 0.075846 244 162 97
-0.008175 -0.062086 0.091423 244 162 97
0.003100 -0.030087 0.053878 244 162 97
-0.001446 -0.042988 0.069015 244 162 97
-0.016619 -0.086050 0.119540 244 162 97
-0.018777 -0.092174 0.126725 244 162 97
-0.022609 -0.103050 0.139487 244 162 97
-0.024487 -0.108380 0.145741 244 162 97
-0.004132 -0.050611 0.077960 244 162 97
-0.004518 -0.051706 0.079244 244 162 97
0.071264 0.163367 -0.173102 244 162 97
0.074754 0.173273 -0.184725 244 162 97
0.067654 0.153122 -0.161082 244 162 97
0.062455 0.138368 -0.143771 244 162 97
0.066588 0.150097 -0.157533 244 162 97
0.067129 0.151633 -0.159335 244 162 97
0.061216 0.134851 -0.139644 244 162 97
0.058897 0.128270 -0.131923 244 162 97
0.070412 0.160951 -0.170268 244 162 97
0.062005 0.137089 -0.142270 244 162 97
0.053796 0.113793 -0.114937 244 162 97
0.044217 0.086606 -0.083038 244 162 97
0.034798 0.059875 -0.051674 244 162 97
0.024769 0.031412 -0.018279 244 162 97
0.014586 0.002513 0.015629 244 162 97
0.006353 -0.020853 0.043044 244 162 97
0.001828 -0.033697 0.058115 244 162 97
0.014983 0.003639 0.014307 244 162 97
0.010521 -0.009026 0.029168 244 162 97
-0.011597 -0.071798 0.102819 244 162 97
0.003277 -0.029586 0.053290 244 162 97
0.002400 -0.032072 0.056208 244 162 97
0.001500 -0.034628 0.059206 244 162 97
0.000365 -0.037849 0.062986 244 162 97
-0.001009 -0.041747 0.067560 244 162 97
-0.004674 -0.052149 0.079763 244 162 97
0.075388 0.175072 -0.186836 244 162 97
0.068692 0.156068 -0.164538 244 162 97
0.063955 0.142625 -0.148766 244 162 97
0.072547 0.167009 -0.177375 244 162 97
0.070470 0.161115 -0.170460 244 162 97
0.065052 0.145737 -0.152417 244 162 97
0.087270 0.208795 -0.226403 244 162 97
0.080100 0.188446 -0.202528 244 162 97
0.071958 0.165339 -0.175415 244 162 97
0.063778 0.142122 -0.148175 244 162 97
0.053812 0.113838 -0.114989 244 162 97
0.044759 0.088144 -0.084843 244 162 97
0.034950 0.060307 -0.052181 244 162 97
0.024895 0.031770 -0.018698 244 162 97
0.016349 0.007515 0.009760 244 162 97
0.020117 0.018208 -0.002786 244 162 97
0.019035 0.015139 0.000815 244 162 97
0.014817 0.003168 0.014861 244 162 97
0.010903 -0.007942 0.027896 244 162 97
0.008682 -0.014245 0.035291 244 162 97
0.007261 -0.018277 0.040022 244 162 97
0.005063 -0.024516 0.047342 244 162 97
0.003785 -0.028144 0.051599 244 162 97
0.002395 -0.032087 0.056225 244 162 97
-0.006967 -0.058659 0.087402 244 162 97
-0.013971 -0.078536 0.110724 244 162 97
0.068460 0.155410 -0.163766 244 162 97
0.064407 0.143908 -0.150271 244 162 97
0.078592 0.184166 -0.197505 244 162 97
0.073802 0.170570 -0.181553 244 162 97
0.068723 0.156157 -0.164643 244 162 97
0.097577 0.238046 -0.260724 244 162 97
0.089675 0.215619 -0.234409 244 162 97
0.081863 0.193449 -0.208397 244 162 97
0.073118 0.168629 -0.179276 244 162 97
0.063505 0.141347 -0.147266 244 162 97
0.054882 0.116875 -0.118553 244 162 97
0.045397 0.089956 -0.086968 244 162 97
0.034779 0.059820 -0.051610 244 162 97
0.027794 0.039996 -0.028350 244 162 97
0.026044 0.035030 -0.022524 244 162 97
0.022377 0.024623 -0.010313 244 162 97
0.018130 0.012570 0.003829 244 162 97
0.014651 0.002696 0.015414 244 162 97
0.012894 -0.002292 0.021266 244 162 97
0.011361 -0.006640 0.026368 244 162 97
0.008250 -0.015470 0.036728 244 162 97
0.006593 -0.020173 0.042247 244 162 97
-0.004297 -0.051080 0.078510 244 162 97
-0.006403 -0.057056 0.085521 244 162 97
-0.011981 -0.072888 0.104097 244 162 97
-0.007260 -0.059489 0.088376 244 162 97
0.066236 0.149097 -0.156359 244 162 97
0.082016 0.193883 -0.208907 244 162 97
0.077569 0.181262 -0.194099 244 162 97
0.076239 0.177488 -0.189670 244 162 97
0.113433 0.283046 -0.313522 244 162 97
0.107265 0.265541 -0.292984 244 162 97
0.099251 0.242796 -0.266297 244 162 97
0.091948 0.222071 -0.241979 244 162 97
0.082781 0.196055 -0.211455 244 162 97
0.074277 0.171919 -0.183137 244 162 97
0.065278 0.146380 -0.153171 244 162 97
0.055826 0.119555 -0.121697 244 162 97
0.040544 0.076183 -0.070809 244 162 97
0.033911 0.057359 -0.048722 244 162 97
0.029719 0.045460 -0.034761 244 162 97
0.025860 0.034509 -0.021912 244 162 97
0.021271 0.021484 -0.006630 244 162 97
0.012871 -0.002356 0.021342 244 162 97
0.008355 -0.015173 0.036380 244 162 97
0.005151 -0.024265 0.047048 244 162 97
0.003016 -0.030325 0.054158 244 162 97
0.000295 -0.038047 0.063219 244 162 97
-0.000415 -0.040062 0.065583 244 162 97
-0.003717 -0.049435 0.076580 244 162 97
0.002245 -0.032514 0.056726 244 162 97
0.000984 -0.036091 0.060923 244 162 97
-0.000370 -0.039936 0.065434 244 162 97
0.087877 0.210517 -0.228423 244 162 97
0.082402 0.194978 -0.210191 244 162 97
0.123703 0.312194 -0.347721 244 162 97
0.116668 0.292227 -0.324295 244 162 97
0.108996 0.270455 -0.298749 244 162 97
0.102091 0.250856 -0.275753 244 162 97
0.092385 0.223311 -0.243435 244 162 97
0.083956 0.199390 -0.215368 244 162 97
0.075496 0.175379 -0.187196 244 162 97
0.055617 0.118959 -0.120998 244 162 97
0.047060 0.094675 -0.092506 244 162 97
0.040369 0.075687 -0.070227 244 162 97
0.033882 0.057274 -0.048623 244 162 97
0.028074 0.040792 -0.029284 244 162 97
0.024502 0.030653 -0.017388 244 162 97
0.021761 0.022876 -0.008263 244 162 97
0.014012 0.000882 0.017542 244 162 97
0.010382 -0.009421 0.029631 244 162 97
0.007504 -0.017587 0.039213 244 162 97
0.006227 -0.021213 0.043467 244 162 97
0.003005 -0.030355 0.054193 244 162 97
0.007098 -0.018740 0.040565 244 162 97
0.006018 -0.021805 0.044161 244 162 97
0.004613 -0.025791 0.048838 244 162 97
0.003265 -0.029618 0.053328 244 162 97
0.000120 -0.038544 0.063801 244 162 97
0.084911 0.202099 -0.218547 244 162 97
0.133637 0.340388 -0.380802 244 162 97
0.125639 0.317688 -0.354167 244 162 97
0.118609 0.297736 -0.330758 244 162 97
0.112574 0.280609 -0.310663 244 162 97
0.102243 0.251288 -0.276260 244 162 97
0.096626 0.235347 -0.257556 244 162 97
0.068514 0.155564 -0.163947 244 162 97
0.060751 0.133531 -0.138095 244 162 97
0.054207 0.114959 -0.116305 244 162 97
0.046769 0.093849 -0.091536 244 162 97
0.039827 0.074149 -0.068422 244 162 97
0.034020 0.057666 -0.049083 244 162 97
0.029375 0.044485 -0.033617 244 162 97
0.025671 0.033971 -0.021281 244 162 97
0.019116 0.015369 0.000544 244 162 97
0.015389 0.004791 0.012956 244 162 97
0.012491 -0.003433 0.022605 244 162 97
0.009415 -0.012165 0.032851 244 162 97
0.011420 -0.006473 0.026172 244 162 97
0.010717 -0.008469 0.028514 244 162 97
0.009271 -0.012574 0.033330 244 162 97
0.008115 -0.015853 0.037178 244 162 97
0.004952 -0.024831 0.047712 244 162 97
0.003204 -0.029793 0.053533 244 162 97
-0.020036 -0.095747 0.130918 244 162 97
0.149789 0.386227 -0.434585 244 162 97
0.142726 0.366181 -0.411065 244 162 97
0.135290 0.345078 -0.386305 244 162 97
0.129367 0.328269 -0.366582 244 162 97
0.088199 0.211430 -0.229495 244 162 97
0.083893 0.199211 -0.215158 244 162 97
0.079143 0.185729 -0.199340 244 162 97
0.073324 0.169215 -0.179963 244 162 97
0.068018 0.154157 -0.162296 244 162 97
0.061197 0.134796 -0.139580 244 162 97
0.053593 0.113217 -0.114261 244 162 97
0.046431 0.092889 -0.090410 244 162 97
0.040833 0.077002 -0.071770 244 162 97
0.033327 0.055701 -0.046777 244 162 97
0.029635 0.045222 -0.034482 244 162 97
0.025420 0.033258 -0.020445 244 162 97
0.021329 0.021647 -0.006822 244 162 97
0.017527 0.010858 0.005838 244 162 97
0.014917 0.003451 0.014529 244 162 97
0.015629 0.005471 0.012159 244 162 97
0.014064 0.001031 0.017367 244 162 97
0.011869 -0.005200 0.024678 244 162 97
0.009623 -0.011575 0.032158 244 162 97
0.008763 -0.014014 0.035020 244 162 97
0.007057 -0.018856 0.040701 244 162 97
-0.017406 -0.088283 0.122160 244 162 97
-0.017717 -0.089166 0.123197 244 162 97
0.150067 0.387016 -0.435510 244 162 97
0.111150 0.276567 -0.305920 244 162 97
0.098777 0.241451 -0.264719 244 162 97
0.094379 0.228969 -0.250073 244 162 97
0.090366 0.217582 -0.236712 244 162 97
0.087125 0.208383 -0.225919 244 162 97
0.083149 0.197099 -0.212680 244 162 97
0.076144 0.177217 -0.189353 244 162 97
0.067541 0.152802 -0.160706 244 162 97
0.059279 0.129354 -0.133195 244 162 97
0.054957 0.117088 -0.118803 244 162 97
0.046903 0.094229 -0.091982 244 162 97
0.037283 0.066927 -0.059949 244 162 97
0.033237 0.055445 -0.046477 244 162 97
0.029659 0.045289 -0.034560 244 162 97
0.025720 0.034110 -0.021444 244 162 97
0.021559 0.022303 -0.007590 244 162 97
0.020196 0.018433 -0.003050 244 162 97
0.018921 0.014813 0.001197 244 162 97
0.017137 0.009751 0.007136 244 162 97
0.014513 0.002304 0.015874 244 162 97
0.013820 0.000339 0.018180 244 162 97
0.013693 -0.000023 0.018605 244 162 97
0.008371 -0.015127 0.036326 244 162 97
-0.012117 -0.073275 0.104551 244 162 97
-0.078764 -0.262422 0.326478 244 162 97
0.116979 0.293111 -0.325331 244 162 97
0.106051 0.262097 -0.288943 244 162 97
0.118843 0.298401 -0.331539 244 162 97
0.122484 0.308734 -0.343662 244 162 97
0.115309 0.288371 -0.319770 244 162 97
0.114075 0.284867 -0.315659 244 162 97
0.089615 0.215450 -0.234211 244 162 97
0.075641 0.175791 -0.187679 244 162 97
0.070663 0.161661 -0.171100 244 162 97
0.055013 0.117247 -0.118989 244 162 97
0.051229 0.106507 -0.106388 244 162 97
0.044794 0.088243 -0.084959 244 162 97
0.036592 0.064967 -0.057649 244 162 97
0.033160 0.055225 -0.046218 244 162 97
0.029997 0.046249 -0.035687 244 162 97
0.027032 0.037836 -0.025815 244 162 97
0.024483 0.030601 -0.017327 244 162 97
0.023521 0.027869 -0.014121 244 162 97
0.022708 0.025563 -0.011416 244 162 97
0.021893 0.023249 -0.008701 244 162 97
0.020474 0.019222 -0.003976 244 162 97
0.019126 0.015397 0.000512 244 162 97
0.018161 0.012657 0.003727 244 162 97
0.017467 0.010689 0.006036 244 162 97
-0.042802 -0.160360 0.206729 244 162 97
-0.049199 -0.178515 0.228030 244 162 97
0.161930 0.420685 -0.475014 244 162 97
0.138613 0.354508 -0.397369 244 162 97
0.134503 0.342845 -0.383685 244 162 97
0.124563 0.314635 -0.350586 244 162 97
0.120032 0.301776 -0.335498 244 162 97
0.086548 0.206745 -0.223998 244 162 97
0.068468 0.155432 -0.163792 244 162 97
0.062941 0.139747 -0.145388 244 162 97
0.059040 0.128674 -0.132397 244 162 97
0.047180 0.095015 -0.092905 244 162 97
0.042630 0.082103 -0.077755 244 162 97
0.039171 0.072286 -0.066236 244 162 97
0.035899 0.063000 -0.055341 244 162 97
0.033090 0.055027 -0.045987 244 162 97
0.030362 0.047284 -0.036901 244 162 97
0.028737 0.042673 -0.031491 244 162 97
0.027051 0.037889 -0.025878 244 162 97
0.025639 0.033880 -0.021174 244 162 97
0.024249 0.029936 -0.016547 244 162 97
0.022959 0.026274 -0.012250 244 162 97
0.021471 0.022053 -0.007297 244 162 97
0.020502 0.019301 -0.004069 244 162 97
-0.032873 -0.132181 0.173666 244 162 97
-0.067799 -0.231304 0.289968 244 162 97
-0.079418 -0.264278 0.328656 244 162 97
-0.089823 -0.293808 0.363304 244 162 97
0.030723 0.089378 -0.035642 255 255 255
0.035723 0.089378 -0.035642 255 255 255
0.030723 0.094378 -0.035642 255 255 255
0.030723 0.089378 -0.030642 255 255 255
-0.002731 0.040690 0.010280 255 255 255
0.002269 0.040690 0.010280 255 255 255
-0.002731 0.045690 0.010280 255 255 255
-0.002731 0.040690 0.015280 255 255 255
-0.000000 0.000003 -0.000578 255 255 255
0.005000 0.000003 -0.000578 255 255 255
-0.000000 0.005003 -0.000578 255 255 255
-0.000000 0.000003 0.004422 255 255 255
-0.000749 0.000001 0.000001 255 255 255
0.004251 0.000001 0.000001 255 255 255
-0.000749 0.005001 0.000001 255 255 255
-0.000749 0.000001 0.005001 255 255 255
0.008811 0.053103 -0.001805 255 255 255
0.013811 0.053103 -0.001805 255 255 255
0.008811 0.058103 -0.001805 255 255 255
0.008811 0.053103 0.003195 255 255 255
0.031213 0.010100 -0.028433 255 255 255
0.036213 0.010100 -0.028433 255 255 255
0.031213 0.015100 -0.028433 255 255 255
0.031213 0.010100 -0.023433 255 255 255
0.005554 0.000115 -0.000028 255 255 255
0.010554 0.000115 -0.000028 255 255 255
0.005554 0.005115 -0.000028 255 255 255
0.005554 0.000115 0.004972 255 255 255
0.003628 -0.000063 -0.000108 255 255 255
0.008628 -0.000063 -0.000108 255 255 255
0.003628 0.004937 -0.000108 255 255 255
0.003628 -0.000063 0.004892 255 255 255
0.025482 0.082094 -0.029459 255 255 255
0.030482 0.082094 -0.029459 255 255 255
0.025482 0.087094 -0.029459 255 255 255
0.025482 0.082094 -0.024459 255 255 255
0.029742 0.045933 -0.034830 255 255 255
0.034742 0.045933 -0.034830 255 255 255
0.029742 0.050933 -0.034830 255 255 255
0.029742 0.045933 -0.029830 255 255 255
0.012117 0.000427 0.000006 255 255 255
0.017117 0.000427 0.000006 255 255 255
0.012117 0.005427 0.000006 255 255 255
0.012117 0.000427 0.005006 255 255 255
0.043597 0.041809 -0.017144 255 255 255
0.048597 0.041809 -0.017144 255 255 255
0.043597 0.046809 -0.017144 255 255 255
0.043597 0.041809 -0.012144 255 255 255
0.000016 -0.000969 -0.004287 255 255 255
0.005016 -0.000969 -0.004287 255 255 255
0.000016 0.004031 -0.004287 255 255 255
0.000016 -0.000969 0.000713 255 255 255
-0.001784 0.034882 0.017896 255 255 255
0.003216 0.034882 0.017896 255 255 255
-0.001784 0.039882 0.017896 255 255 255
-0.001784 0.034882 0.022896 255 255 255
0.046311 0.051032 0.032037 255 255 255
0.051311 0.051032 0.032037 255 255 255
0.046311 0.056032 0.032037 255 255 255
0.046311 0.051032 0.037037 255 255 255
0.051560 0.039211 -0.048056 255 255 255
0.056560 0.039211 -0.048056 255 255 255
0.051560 0.044211 -0.048056 255 255 255
0.051560 0.039211 -0.043056 255 255 255
-0.003365 0.049251 -0.002943 255 255 255
0.001635 0.049251 -0.002943 255 255 255
-0.003365 0.054251 -0.002943 255 255 255
-0.003365 0.049251 0.002057 255 255 255
0.039970 0.037629 -0.020942 255 255 255
0.044970 0.037629 -0.020942 255 255 255
0.039970 0.042629 -0.020942 255 255 255
0.039970 0.037629 -0.015942 255 255 255
-0.000001 -0.000274 -0.001338 255 255 255
0.004999 -0.000274 -0.001338 255 255 255
-0.000001 0.004726 -0.001338 255 255 255
-0.000001 -0.000274 0.003662 255 255 255
0.010379 0.000266 -0.000022 255 255 255
0.015379 0.000266 -0.000022 255 255 255
0.010379 0.005266 -0.000022 255 255 255
0.010379 0.000266 0.004978 255 255 255
0.025983 0.054348 0.019199 255 255 255
0.030983 0.054348 0.019199 255 255 255
0.025983 0.059348 0.019199 255 255 255
0.025983 0.054348 0.024199 255 255 255
0.000320 -0.002468 0.012173 255 255 255
0.005320 -0.002468 0.012173 255 255 255
0.000320 0.002532 0.012173 255 255 255
0.000320 -0.002468 0.017173 255 255 255
0.032360 0.052957 -0.043557 255 255 255
0.037360 0.052957 -0.043557 255 255 255
0.032360 0.057957 -0.043557 255 255 255
0.032360 0.052957 -0.038557 255 255 255
